Bedroom,Bathroom,Property Size,Parking Lot,Tenure Type_Leasehold,Property Type_Condominium,Property Type_Duplex,Property Type_Flat,Property Type_Others,Property Type_Service Residence,Property Type_Studio,Property Type_Townhouse Condo,State_Grouped_Johor,State_Grouped_Kuala Lumpur,State_Grouped_Melaka,State_Grouped_Negeri Sembilan,State_Grouped_Other,State_Grouped_Penang,State_Grouped_Putrajaya,State_Grouped_Sabah,State_Grouped_Sarawak,State_Grouped_Selangor,City_Grouped_Ampang,City_Grouped_Ayer Itam,City_Grouped_Bayan Lepas,City_Grouped_Cheras,City_Grouped_Gelugor,City_Grouped_Georgetown,City_Grouped_Jelutong,City_Grouped_Johor Bahru,City_Grouped_Kajang,City_Grouped_Kota Kinabalu,City_Grouped_Kuching,City_Grouped_Other,City_Grouped_Petaling Jaya,City_Grouped_Puchong,City_Grouped_Selangor,City_Grouped_Sentul,City_Grouped_Seri Kembangan,City_Grouped_Setapak,City_Grouped_Shah Alam,City_Grouped_Sungai Ara,Land Title_Malay Reserved,Land Title_Non Bumi Lot,Floor Range_High,Floor Range_Low,Floor Range_Medium,Target_Price_Log,Original_Price
1.779741360948829,0.09644111792455802,0.010828695756369498,1.1678668310881546,0,0,0,0,0,1,0,0,0,1,0,0,0,0,0,0,0,0,0,0,0,0,0,0,0,0,0,0,0,0,0,0,0,0,0,1,0,0,0,1,0,0,0,12.73670383776449,340000
0.1980287417180216,0.09644111792455802,0.0010265004525102568,0.012564298104070972,0,0,0,0,0,0,0,0,0,0,1,0,0,0,0,0,0,0,0,0,0,0,0,0,0,0,0,0,0,1,0,0,0,0,0,0,0,0,0,1,0,1,0,12.429220196836383,250000
0.1980287417180216,0.09644111792455802,0.010828695756369498,0.012564298104070972,0,0,0,0,0,0,0,0,0,0,0,0,0,0,0,0,0,1,0,0,0,0,0,0,0,0,1,0,0,0,0,0,0,0,0,0,0,0,0,1,0,0,1,12.345838935721968,230000
0.1980287417180216,-1.946160087556246,-0.18913608844235902,0.012564298104070972,1,0,0,1,0,0,0,0,0,0,0,0,1,0,0,0,0,0,0,0,0,0,0,0,0,0,0,0,0,0,0,0,1,0,0,0,0,0,0,1,0,0,0,11.970356641102999,158000
-2.9653964967435935,-1.946160087556246,-0.2503998090914793,-1.1427382348800126,0,0,0,0,0,0,1,0,0,0,0,0,0,0,0,0,0,1,0,0,0,0,0,0,0,0,0,0,0,0,0,0,0,0,0,0,1,0,0,0,0,1,0,12.628070334272698,305000
0.1980287417180216,0.09644111792455802,0.0598396722756657,0.012564298104070972,0,1,0,0,0,0,0,0,0,0,0,0,0,1,0,0,0,0,0,0,0,0,0,0,0,0,0,0,0,1,0,0,0,0,0,0,0,0,0,1,0,1,0,12.959846800844963,425000
0.1980287417180216,0.09644111792455802,-0.09699545258608215,0.012564298104070972,0,1,0,0,0,0,0,0,0,0,0,0,0,0,0,0,0,1,0,0,0,0,0,0,0,0,0,0,0,0,0,1,0,0,0,0,0,0,0,1,0,0,0,12.345838935721968,230000
0.1980287417180216,0.09644111792455802,-0.06170754949218889,0.012564298104070972,1,0,0,0,0,0,0,0,0,0,0,0,0,0,0,0,0,1,0,0,0,0,0,0,0,0,0,0,0,0,0,1,0,0,0,0,0,0,0,1,0,0,0,12.206077645517674,200000
0.1980287417180216,0.09644111792455802,-0.02936030498945339,0.012564298104070972,1,0,0,0,0,0,0,0,0,0,0,0,0,0,0,0,0,1,0,0,0,0,0,0,0,0,0,0,0,0,0,0,0,0,0,0,1,0,0,0,0,0,0,12.524530013005734,275000
0.1980287417180216,0.09644111792455802,-0.06268776902257481,1.1678668310881546,0,0,0,0,0,0,0,0,0,0,0,0,0,0,0,0,0,1,0,0,0,0,0,0,0,0,0,0,0,0,0,0,0,0,0,0,1,0,0,0,0,0,0,12.611541086966115,300000
0.1980287417180216,0.09644111792455802,-0.1558086244092376,0.012564298104070972,0,0,0,0,0,0,0,0,0,0,0,0,0,1,0,0,0,0,0,0,0,0,0,0,0,0,0,0,0,1,0,0,0,0,0,0,0,0,0,1,0,0,1,12.487488878546145,265000
0.1980287417180216,0.09644111792455802,0.13139569799383816,1.1678668310881546,0,1,0,0,0,0,0,0,0,0,0,0,0,1,0,0,0,0,0,0,0,0,0,0,0,0,0,0,0,1,0,0,0,0,0,0,0,0,0,1,0,0,1,13.579789490265188,790000
-1.383683877512786,-1.946160087556246,-0.20972069858046344,0.012564298104070972,0,0,0,1,0,0,0,0,0,0,0,0,0,1,0,0,0,0,0,0,0,0,0,0,0,0,0,0,0,0,0,0,0,0,0,0,0,1,0,1,0,1,0,12.345838935721968,230000
0.1980287417180216,0.09644111792455802,0.13335613705461002,1.1678668310881546,0,1,0,0,0,0,0,0,0,0,0,0,0,0,0,0,0,1,0,0,0,0,0,0,0,0,1,0,0,0,0,0,0,0,0,0,0,0,0,1,0,0,0,12.73670383776449,340000
0.1980287417180216,0.09644111792455802,0.034353964485631674,0.012564298104070972,0,0,0,0,0,0,0,0,0,0,0,0,0,0,0,0,0,1,0,0,0,0,0,0,0,0,0,0,0,0,0,1,0,0,0,0,0,0,0,1,0,0,0,12.345838935721968,230000
0.1980287417180216,0.09644111792455802,0.08434516053531381,0.012564298104070972,0,1,0,0,0,0,0,0,0,0,0,0,0,1,0,0,0,0,0,0,0,0,0,0,0,0,0,0,0,1,0,0,0,0,0,0,0,0,0,1,0,1,0,12.971542813248437,430000
-1.383683877512786,-1.946160087556246,-0.20825036928488455,-1.1427382348800126,1,0,0,1,0,0,0,0,0,0,0,0,1,0,0,0,0,0,0,0,0,0,0,0,0,0,0,0,0,1,0,0,0,0,0,0,0,0,0,0,1,0,0,11.951186847493476,155000
0.1980287417180216,0.09644111792455802,-0.03769217099773375,1.1678668310881546,0,1,0,0,0,0,0,0,0,0,0,0,0,1,0,0,0,0,0,0,0,0,0,0,0,0,0,0,0,1,0,0,0,0,0,0,0,0,0,1,1,0,0,13.122365377402328,500000
-2.9653964967435935,-1.946160087556246,-0.25775145556937373,0.012564298104070972,0,0,0,0,0,0,1,0,0,0,0,0,0,0,0,0,0,1,0,0,0,0,0,0,0,0,0,0,0,0,0,0,0,0,0,0,1,0,0,0,1,0,0,12.765691290604371,350000
-1.383683877512786,0.09644111792455802,0.01867045199945689,1.1678668310881546,0,1,0,0,0,0,0,0,0,0,0,0,0,1,0,0,0,0,0,0,0,0,0,0,1,0,0,0,0,0,0,0,0,0,0,0,0,0,0,1,0,0,1,13.3374763699232,620000
1.779741360948829,0.09644111792455802,-0.03818228076292671,1.1678668310881546,0,0,0,0,0,0,0,0,0,0,0,0,0,0,0,0,0,1,1,0,0,0,0,0,0,0,0,0,0,0,0,0,0,0,0,0,0,0,0,0,0,1,0,12.644330802262578,310000
0.1980287417180216,0.09644111792455802,-0.1607097220611672,0.012564298104070972,1,0,0,0,0,0,0,0,0,1,0,0,0,0,0,0,0,0,0,0,0,1,0,0,0,0,0,0,0,0,0,0,0,0,0,0,0,0,0,0,0,1,0,12.388398368982115,240000
0.1980287417180216,0.09644111792455802,0.10002867302148859,1.1678668310881546,0,1,0,0,0,0,0,0,0,0,0,0,0,1,0,0,0,0,0,0,0,0,0,0,0,0,0,0,0,0,0,0,0,0,0,0,0,1,0,1,1,0,0,13.122365377402328,500000
0.1980287417180216,0.09644111792455802,-0.051905354188329644,1.1678668310881546,0,0,0,0,0,0,0,0,0,0,0,0,1,0,0,0,0,0,0,0,0,0,0,0,0,0,0,0,0,0,0,0,1,0,0,0,0,0,0,1,0,0,1,12.74110588624638,341500
-2.9653964967435935,0.09644111792455802,-0.25873167509975964,0.012564298104070972,0,1,0,0,0,0,0,0,0,0,0,0,0,0,0,0,0,1,0,0,0,0,0,0,0,0,0,0,0,1,0,0,0,0,0,0,0,0,0,1,0,0,1,12.348010479804223,230500
-1.383683877512786,0.09644111792455802,0.013279244582334308,-1.1427382348800126,0,1,0,0,0,0,0,0,1,0,0,0,0,0,0,0,0,0,0,0,0,0,0,0,0,1,0,0,0,0,0,0,0,0,0,0,0,0,0,1,0,0,0,13.151924121391561,515000
-2.9653964967435935,-1.946160087556246,-0.26853387040361887,0.012564298104070972,0,0,0,0,0,1,0,0,1,0,0,0,0,0,0,0,0,0,0,0,0,0,0,0,0,1,0,0,0,0,0,0,0,0,0,0,0,0,0,1,0,1,0,12.206077645517674,200000
0.1980287417180216,0.09644111792455802,0.0353341840160176,-1.1427382348800126,0,0,0,0,0,1,0,0,1,0,0,0,0,0,0,0,0,0,0,0,0,0,0,0,0,1,0,0,0,0,0,0,0,0,0,0,0,0,0,1,0,0,0,12.604852121186608,298000
0.1980287417180216,0.09644111792455802,0.003967159043668029,1.1678668310881546,0,0,0,0,0,0,0,0,1,0,0,0,0,0,0,0,0,0,0,0,0,0,0,0,0,0,0,0,0,1,0,0,0,0,0,0,0,0,0,1,1,0,0,12.94323910384853,418000
0.1980287417180216,0.09644111792455802,-0.013676792503278605,0.012564298104070972,0,0,0,0,0,0,0,0,0,0,0,0,0,0,0,0,0,1,0,0,0,0,0,0,0,0,1,0,0,0,0,0,0,0,0,0,0,0,0,1,0,0,0,12.301387370778713,220000
0.1980287417180216,0.09644111792455802,0.03778473284198241,1.1678668310881546,1,1,0,0,0,0,0,0,0,0,0,0,0,0,0,0,0,1,0,0,0,0,0,0,0,0,0,0,0,0,0,1,0,0,0,0,0,0,0,1,0,0,0,12.676079399771027,320000
0.1980287417180216,0.09644111792455802,0.019160561764649853,1.1678668310881546,0,0,0,0,0,1,0,0,0,0,0,0,0,0,0,0,0,1,0,0,0,0,0,0,0,0,0,0,0,1,0,0,0,0,0,0,0,0,0,1,0,0,0,12.54254845357358,280000
0.1980287417180216,0.09644111792455802,-0.12640203849765988,0.012564298104070972,1,1,0,0,0,0,0,0,0,0,1,0,0,0,0,0,0,0,0,0,0,0,0,0,0,0,0,0,0,1,0,0,0,0,0,0,0,0,0,1,0,0,1,12.676079399771027,320000
-1.383683877512786,-1.946160087556246,-0.09307457446453846,-1.1427382348800126,1,0,0,0,0,1,0,0,0,0,0,0,0,0,0,0,1,0,0,0,0,0,0,0,0,0,0,0,1,0,0,0,0,0,0,0,0,0,0,1,1,0,0,13.217675375388819,550000
-1.383683877512786,-1.946160087556246,-0.22589432083183117,-1.1427382348800126,0,0,0,0,0,0,0,0,0,0,0,0,0,0,0,0,0,1,0,0,0,1,0,0,0,0,0,0,0,0,0,0,0,0,0,0,0,0,0,1,0,0,1,12.100717685412471,180000
0.1980287417180216,0.09644111792455802,-0.1607097220611672,-1.1427382348800126,1,0,0,1,0,0,0,0,0,0,0,0,0,0,0,0,0,1,0,0,0,0,0,0,0,0,0,0,0,1,0,0,0,0,0,0,0,0,0,1,0,1,0,12.206077645517674,200000
0.1980287417180216,0.09644111792455802,-0.06268776902257481,1.1678668310881546,0,0,0,0,0,0,0,0,0,0,0,0,0,0,0,0,0,1,0,0,0,0,0,0,0,0,0,0,0,1,0,0,0,0,0,0,0,0,0,1,0,1,0,12.611541086966115,300000
0.1980287417180216,0.09644111792455802,-0.08719325728222291,1.1678668310881546,1,0,0,0,0,0,0,0,0,0,0,0,0,0,0,0,0,0,0,0,0,0,0,0,0,0,0,0,0,0,0,0,0,0,0,0,0,0,0,1,0,0,1,12.989976472461,438000
0.1980287417180216,0.09644111792455802,0.2225561143197291,1.1678668310881546,1,1,0,0,0,0,0,0,0,0,0,0,0,0,0,0,1,0,0,0,0,0,0,0,0,0,0,0,1,0,0,0,0,0,0,0,0,0,0,1,1,0,0,13.45883704259595,700000
-1.383683877512786,-1.946160087556246,-0.22099322317990155,-1.1427382348800126,1,0,0,1,0,0,0,0,0,1,0,0,0,0,0,0,0,0,0,0,0,0,0,0,0,0,0,0,0,0,0,0,0,1,0,0,0,0,0,0,0,1,0,12.180759965737863,195000
0.1980287417180216,0.09644111792455802,0.0637605503972094,0.012564298104070972,1,1,0,0,0,0,0,0,0,0,0,0,0,0,0,0,1,0,0,0,0,0,0,0,0,0,0,0,1,0,0,0,0,0,0,0,0,0,0,1,1,0,0,13.108266481420335,493000
0.1980287417180216,0.09644111792455802,-0.05778667137064519,-1.1427382348800126,1,0,0,0,0,0,0,0,0,0,0,0,0,0,0,0,0,1,0,0,0,0,0,0,0,0,0,0,0,0,0,0,0,0,0,0,1,0,0,0,0,0,0,12.180759965737863,195000
0.1980287417180216,0.09644111792455802,0.01621990317349208,-1.1427382348800126,0,0,0,0,0,0,0,0,1,0,0,0,0,0,0,0,0,0,0,0,0,0,0,0,0,1,0,0,0,0,0,0,0,0,0,0,0,0,0,1,0,0,0,12.948012371209098,420000
0.1980287417180216,0.09644111792455802,-0.025929536633102657,0.012564298104070972,0,1,0,0,0,0,0,0,0,0,0,0,0,0,0,0,0,1,0,0,0,0,0,0,0,0,0,0,0,1,0,0,0,0,0,0,0,0,0,1,0,0,1,12.449022745701502,255000
0.1980287417180216,0.09644111792455802,-0.11022841624629214,-1.1427382348800126,0,0,0,0,0,0,0,0,0,0,0,0,0,0,0,0,0,1,0,0,0,1,0,0,0,0,0,0,0,0,0,0,0,0,0,0,0,0,0,0,1,0,0,12.388398368982115,240000
0.1980287417180216,0.09644111792455802,0.05640890391931497,-1.1427382348800126,1,1,0,0,0,0,0,0,0,0,0,0,0,0,0,0,0,1,0,0,0,0,0,0,0,0,0,0,0,0,0,0,0,0,1,0,0,0,0,0,0,0,1,12.765691290604371,350000
0.1980287417180216,0.09644111792455802,-0.08719325728222291,1.1678668310881546,0,0,0,0,0,0,0,0,0,0,0,0,0,0,0,0,0,1,0,0,0,0,0,0,0,0,0,0,0,1,0,0,0,0,0,0,0,0,0,1,0,0,1,12.468440756144114,260000
0.1980287417180216,0.09644111792455802,-0.01220646320769972,-1.1427382348800126,0,0,0,0,0,0,0,0,1,0,0,0,0,0,0,0,0,0,0,0,0,0,0,0,0,0,0,0,0,1,0,0,0,0,0,0,0,0,0,1,0,0,1,12.479913113434042,263000
0.1980287417180216,0.09644111792455802,-0.11169874554187102,-1.1427382348800126,0,0,0,0,0,0,0,0,1,0,0,0,0,0,0,0,0,0,0,0,0,0,0,0,0,0,0,0,0,1,0,0,0,0,0,0,0,0,0,1,0,1,0,12.031725210748633,168000
0.1980287417180216,0.09644111792455802,0.08532538006569973,-1.1427382348800126,1,0,0,0,1,0,0,0,0,0,0,0,0,0,0,0,0,1,0,0,0,0,0,0,0,0,0,0,0,0,0,0,0,0,1,0,0,0,0,1,0,1,0,13.180634172318978,530000
-2.9653964967435935,-1.946160087556246,-0.13375368497555432,0.012564298104070972,0,0,0,0,0,1,0,0,0,1,0,0,0,0,0,0,0,0,1,0,0,0,0,0,0,0,0,0,0,0,0,0,0,0,0,0,0,0,0,1,0,0,0,12.834683971615659,375000
0.1980287417180216,0.09644111792455802,-0.1415954412186417,-1.1427382348800126,0,0,0,0,0,0,0,0,0,0,0,0,0,1,0,0,0,0,0,1,0,0,0,0,0,0,0,0,0,0,0,0,0,0,0,0,0,0,0,1,0,0,1,12.206077645517674,200000
0.1980287417180216,0.09644111792455802,0.35390553139144293,0.012564298104070972,1,1,0,0,0,0,0,0,0,0,0,0,0,0,0,0,1,0,0,0,0,0,0,0,0,0,0,0,1,0,0,0,0,0,0,0,0,0,0,1,1,0,0,13.270785106659046,580000
0.1980287417180216,0.09644111792455802,-0.009755914381734909,0.012564298104070972,1,0,0,0,0,0,0,0,1,0,0,0,0,0,0,0,0,0,0,0,0,0,0,0,0,0,0,0,0,1,0,0,0,0,0,0,0,0,0,0,1,0,0,12.337105293891872,228000
0.1980287417180216,0.09644111792455802,-0.006325146025384174,-1.1427382348800126,1,1,0,0,0,0,0,0,0,0,0,0,0,0,0,0,0,1,0,0,0,0,0,0,0,0,0,0,0,1,0,0,0,0,0,0,0,0,0,0,0,0,0,12.81584093453868,368000
0.1980287417180216,0.09644111792455802,0.06964186757952495,0.012564298104070972,1,0,0,0,0,0,0,0,0,0,0,0,0,0,0,0,1,0,0,0,0,0,0,0,0,0,0,0,1,0,0,0,0,0,0,0,0,0,0,1,0,0,1,13.180634172318978,530000
1.779741360948829,2.139042323405362,0.3313604821925667,1.1678668310881546,0,1,0,0,0,0,0,0,0,0,0,0,0,0,1,0,0,0,0,0,0,0,0,0,0,0,0,0,0,1,0,0,0,0,0,0,0,0,0,1,0,0,1,13.415034483903348,670000
0.1980287417180216,0.09644111792455802,0.010828695756369498,-1.1427382348800126,0,0,0,0,0,0,0,0,0,0,0,0,0,0,0,0,0,1,0,0,0,0,0,0,0,0,1,0,0,0,0,0,0,0,0,0,0,0,0,1,0,1,0,12.59473402514672,295000
0.1980287417180216,0.09644111792455802,-0.1362042338015191,0.012564298104070972,0,1,0,0,0,0,0,0,0,0,0,0,0,1,0,0,0,0,0,0,0,0,0,0,0,0,0,0,0,1,0,0,0,0,0,0,0,0,0,1,0,0,1,12.676079399771027,320000
0.1980287417180216,0.09644111792455802,0.20687260183355433,1.1678668310881546,1,0,0,0,1,0,0,0,0,0,0,0,0,0,0,0,0,1,0,0,0,0,0,0,0,0,0,0,0,0,0,0,0,0,1,0,0,0,0,1,0,0,0,12.923914877701906,410000
0.1980287417180216,0.09644111792455802,-0.1607097220611672,-1.1427382348800126,0,0,0,0,0,0,0,0,0,0,0,0,0,0,0,0,0,1,0,0,0,0,0,0,0,0,0,0,0,1,0,0,0,0,0,0,0,0,0,1,0,1,0,11.51293546492023,100000
-1.383683877512786,-1.946160087556246,-0.2048196009285338,2.323169364072238,1,0,0,1,0,0,0,0,0,1,0,0,0,0,0,0,0,0,0,0,0,0,0,0,0,0,0,0,0,0,0,0,0,1,0,0,0,0,0,0,1,0,0,11.904974309480183,148000
0.1980287417180216,0.09644111792455802,-0.03818228076292671,1.1678668310881546,1,0,0,0,0,1,0,0,0,0,0,0,1,0,0,0,0,0,0,0,0,0,0,0,0,0,0,0,0,0,0,0,1,0,0,0,0,0,0,1,0,0,0,12.849244084401318,380500
0.1980287417180216,0.09644111792455802,0.3039143353417608,1.1678668310881546,0,1,0,0,0,0,0,0,0,0,0,0,0,1,0,0,0,0,0,0,0,0,0,0,0,0,0,0,0,0,0,0,0,0,0,0,0,1,0,1,0,0,1,13.3374763699232,620000
0.1980287417180216,0.09644111792455802,-0.03818228076292671,1.1678668310881546,1,0,0,0,0,1,0,0,0,0,0,0,1,0,0,0,0,0,0,0,0,0,0,0,0,0,0,0,0,0,0,0,1,0,0,0,0,0,0,1,0,0,0,12.847929163278053,380000
0.1980287417180216,0.09644111792455802,-0.03818228076292671,1.1678668310881546,1,0,0,0,0,1,0,0,0,0,0,0,1,0,0,0,0,0,0,0,0,0,0,0,0,0,0,0,0,0,0,0,1,0,0,0,0,0,0,1,0,0,0,12.848718323415918,380300
0.1980287417180216,0.09644111792455802,0.01131880552156246,1.1678668310881546,0,0,0,0,0,0,0,0,0,0,0,0,0,0,0,0,0,1,0,0,0,0,0,0,0,0,1,0,0,0,0,0,0,0,0,0,0,0,0,1,0,0,1,12.54254845357358,280000
0.1980287417180216,0.09644111792455802,-0.06268776902257481,-1.1427382348800126,0,0,0,0,0,0,0,0,1,0,0,0,0,0,0,0,0,0,0,0,0,0,0,0,0,1,0,0,0,0,0,0,0,0,0,0,0,0,0,1,1,0,0,12.611541086966115,300000
1.779741360948829,0.09644111792455802,0.09904845349110267,-1.1427382348800126,0,0,0,0,0,0,0,0,1,0,0,0,0,0,0,0,0,0,0,0,0,0,0,0,0,0,0,0,0,1,0,0,0,0,0,0,0,0,0,1,0,0,1,12.604852121186608,298000
1.779741360948829,0.09644111792455802,0.1995209553556599,-1.1427382348800126,0,0,0,0,0,0,0,0,1,0,0,0,0,0,0,0,0,0,0,0,0,0,0,0,0,0,0,0,0,1,0,0,0,0,0,0,0,0,0,1,0,1,0,13.058360179622305,469000
0.1980287417180216,0.09644111792455802,-0.08719325728222291,0.012564298104070972,0,0,0,0,0,0,0,0,0,0,0,0,0,0,0,0,0,1,0,0,0,0,0,0,0,0,0,0,0,0,0,1,0,0,0,0,0,0,0,1,0,1,0,12.506180941677357,270000
0.1980287417180216,0.09644111792455802,0.002496829748089143,0.012564298104070972,0,1,0,0,0,0,0,0,0,0,0,0,0,0,0,0,0,1,0,0,0,1,0,0,0,0,0,0,0,0,0,0,0,0,0,0,0,0,0,0,0,0,1,12.676079399771027,320000
0.1980287417180216,2.139042323405362,0.26323522483074496,0.012564298104070972,0,1,0,0,0,0,0,0,0,0,0,0,0,0,1,0,0,0,0,0,0,0,0,0,0,0,0,0,0,1,0,0,0,0,0,0,0,0,0,1,0,1,0,13.217675375388819,550000
0.1980287417180216,2.139042323405362,0.3592967388085655,0.012564298104070972,1,1,0,0,0,0,0,0,0,0,0,0,0,0,0,0,1,0,0,0,0,0,0,0,0,0,0,0,1,0,0,0,0,0,0,0,0,0,0,1,1,0,0,13.060490101343552,470000
0.1980287417180216,0.09644111792455802,-0.06268776902257481,0.012564298104070972,1,1,0,0,0,0,0,0,0,0,0,0,0,0,0,0,0,1,0,0,0,0,0,0,0,0,0,0,0,1,0,0,0,0,0,0,0,0,0,1,0,0,1,12.409017571151187,245000
0.1980287417180216,2.139042323405362,0.33773190914007517,0.012564298104070972,1,1,0,0,0,0,0,0,0,0,0,0,0,0,0,0,1,0,0,0,0,0,0,0,0,0,0,0,1,0,0,0,0,0,0,0,0,0,0,1,1,0,0,13.270785106659046,580000
3.3614539801796366,0.09644111792455802,0.5107406562531908,1.1678668310881546,1,1,0,0,0,0,0,0,0,0,0,0,0,0,0,0,1,0,0,0,0,0,0,0,0,0,0,0,1,0,0,0,0,0,0,0,0,0,0,1,1,0,0,13.384729180332174,650000
0.1980287417180216,0.09644111792455802,0.016710012938685043,2.323169364072238,0,0,0,0,0,1,0,0,0,0,0,0,0,0,0,0,0,1,0,0,0,0,0,0,0,0,0,0,0,1,0,0,0,0,0,0,0,0,0,1,0,0,1,12.820990681250251,369900
0.1980287417180216,0.09644111792455802,-0.1607097220611672,0.012564298104070972,0,0,0,0,0,0,0,0,0,0,0,0,0,1,0,0,0,0,0,0,0,0,0,0,1,0,0,0,0,0,0,0,0,0,0,0,0,0,0,1,0,0,1,12.676079399771027,320000
0.1980287417180216,0.09644111792455802,-0.1607097220611672,-1.1427382348800126,0,0,0,0,0,0,0,0,0,0,0,0,0,0,0,0,0,1,0,0,0,0,0,0,0,0,0,0,0,1,0,0,0,0,0,0,0,0,0,0,0,0,1,12.301387370778713,220000
-2.9653964967435935,-1.946160087556246,-0.24549871143954966,0.012564298104070972,0,0,0,0,0,1,0,0,0,0,0,0,0,0,0,0,0,1,0,0,0,0,0,0,0,0,0,0,0,1,0,0,0,0,0,0,0,0,0,1,0,1,0,12.301387370778713,220000
0.1980287417180216,0.09644111792455802,0.06817153828394606,-1.1427382348800126,0,0,0,0,0,0,0,0,0,0,0,0,1,0,0,0,0,0,0,0,0,0,0,0,0,0,0,0,0,1,0,0,0,0,0,0,0,0,0,0,0,0,0,12.676079399771027,320000
-1.383683877512786,-1.946160087556246,-0.22638443059702415,-1.1427382348800126,0,0,0,1,0,0,0,0,1,0,0,0,0,0,0,0,0,0,0,0,0,0,0,0,0,0,0,0,0,1,0,0,0,0,0,0,0,0,0,1,0,0,0,11.678448377988165,118000
-1.383683877512786,-1.946160087556246,-0.2371668454312693,-1.1427382348800126,0,0,0,1,0,0,0,0,1,0,0,0,0,0,0,0,0,0,0,0,0,0,0,0,0,0,0,0,0,1,0,0,0,0,0,0,0,0,0,1,1,0,0,11.736077016252437,125000
0.1980287417180216,2.139042323405362,0.10885064879496191,1.1678668310881546,0,1,0,0,0,0,0,0,0,0,0,0,1,0,0,0,0,0,0,0,0,0,0,0,0,0,0,0,0,1,0,0,0,0,0,0,0,0,0,1,0,0,1,13.180634172318978,530000
1.779741360948829,2.139042323405362,0.15786162531425812,2.323169364072238,0,0,0,0,0,1,0,0,0,1,0,0,0,0,0,0,0,0,0,0,0,0,0,0,0,0,0,0,0,0,0,0,0,1,0,0,0,0,0,1,0,0,1,13.157732451741687,518000
-1.383683877512786,-1.946160087556246,-0.2214833329450945,-1.1427382348800126,0,0,0,1,0,0,0,0,0,0,0,0,1,0,0,0,0,0,0,0,0,0,0,0,0,0,0,0,0,1,0,0,0,0,0,0,0,0,0,1,0,1,0,11.608244735642321,110000
0.1980287417180216,0.09644111792455802,0.1387473444717326,1.1678668310881546,0,1,0,0,0,0,0,0,0,1,0,0,0,0,0,0,0,0,0,0,0,0,0,0,0,0,0,0,0,1,0,0,0,0,0,0,0,0,0,1,1,0,0,13.399845102751483,659900
0.1980287417180216,2.139042323405362,0.34900443373951334,1.1678668310881546,0,1,0,0,0,0,0,0,0,1,0,0,0,0,0,0,0,0,0,0,0,0,0,0,0,0,0,0,0,1,0,0,0,0,0,0,0,0,0,0,0,1,0,13.511700458595241,738000
1.779741360948829,2.139042323405362,0.15786162531425812,-1.1427382348800126,0,0,0,0,0,1,0,0,0,1,0,0,0,0,0,0,0,0,0,0,0,0,0,0,0,0,0,0,0,0,0,0,0,1,0,0,0,0,0,1,0,0,1,13.208542908506082,545000
0.1980287417180216,0.09644111792455802,-0.14845697793134316,-1.1427382348800126,1,0,0,0,0,0,0,0,0,1,0,0,0,0,0,0,0,0,0,0,0,0,0,0,0,0,0,0,0,1,0,0,0,0,0,0,0,0,0,1,1,0,0,11.49272275765271,97999
0.1980287417180216,0.09644111792455802,-0.1803141126688857,-1.1427382348800126,1,0,0,1,0,0,0,0,1,0,0,0,0,0,0,0,0,0,0,0,0,0,0,0,0,0,0,0,0,1,0,0,0,0,0,0,0,0,0,1,0,1,0,11.759793355371237,128000
0.1980287417180216,0.09644111792455802,-0.06268776902257481,0.012564298104070972,0,0,0,0,0,0,0,0,1,0,0,0,0,0,0,0,0,0,0,0,0,0,0,0,0,1,0,0,0,0,0,0,0,0,0,0,0,0,0,1,0,1,0,12.345838935721968,230000
0.1980287417180216,0.09644111792455802,0.010828695756369498,-1.1427382348800126,1,0,0,0,0,0,0,0,0,1,0,0,0,0,0,0,0,0,0,0,0,0,0,0,0,0,0,0,0,0,0,0,0,1,0,0,0,0,0,1,0,0,1,13.017005083966255,450000
0.1980287417180216,0.09644111792455802,0.010828695756369498,1.1678668310881546,1,0,0,0,0,0,0,0,0,1,0,0,0,0,0,0,0,0,0,0,0,0,0,0,0,0,0,0,0,0,0,0,0,1,0,0,0,0,0,1,0,0,1,13.005831808336863,445000
-2.9653964967435935,-1.946160087556246,-0.266573431342847,-1.1427382348800126,0,0,0,0,0,1,0,0,1,0,0,0,0,0,0,0,0,0,0,0,0,0,0,0,0,1,0,0,0,0,0,0,0,0,0,0,0,0,0,1,1,0,0,12.230770136157428,205000
0.1980287417180216,0.09644111792455802,-0.11169874554187102,-1.1427382348800126,0,0,0,1,0,0,0,0,1,0,0,0,0,0,0,0,0,0,0,0,0,0,0,0,0,0,0,0,0,1,0,0,0,0,0,0,0,0,0,1,0,0,1,11.813037464800539,135000
-1.383683877512786,-1.946160087556246,-0.2219734427102875,-1.1427382348800126,0,0,0,1,0,0,0,0,1,0,0,0,0,0,0,0,0,0,0,0,0,0,0,0,0,0,0,0,0,1,0,0,0,0,0,0,0,0,0,1,0,1,0,11.695255355062795,120000
0.1980287417180216,0.09644111792455802,-0.02396909757233081,1.1678668310881546,1,0,0,0,0,0,0,0,0,0,0,1,0,0,0,0,0,0,0,0,0,0,0,0,0,0,0,0,0,1,0,0,0,0,0,0,0,0,0,0,0,0,0,12.577639650232573,290000
0.1980287417180216,2.139042323405362,0.26323522483074496,0.012564298104070972,0,1,0,0,0,0,0,0,0,0,0,0,0,0,1,0,0,0,0,0,0,0,0,0,0,0,0,0,0,1,0,0,0,0,0,0,0,0,0,1,1,0,0,13.217675375388819,550000
0.1980287417180216,0.09644111792455802,0.18236711357390623,1.1678668310881546,0,0,0,0,0,1,0,0,0,0,1,0,0,0,0,0,0,0,0,0,0,0,0,0,0,0,0,0,0,1,0,0,0,0,0,0,0,0,0,1,0,0,1,13.214032390746006,548000
0.1980287417180216,0.09644111792455802,0.04268583049391203,-1.1427382348800126,0,0,0,0,0,1,0,0,1,0,0,0,0,0,0,0,0,0,0,0,0,0,0,0,0,1,0,0,0,0,0,0,0,0,0,0,0,0,0,1,0,0,1,12.765691290604371,350000
-1.383683877512786,0.09644111792455802,-0.0499449151275578,-1.1427382348800126,1,1,0,0,0,0,0,0,1,0,0,0,0,0,0,0,0,0,0,0,0,0,0,0,0,1,0,0,0,0,0,0,0,0,0,0,0,0,0,1,0,0,0,12.765691290604371,350000
0.1980287417180216,0.09644111792455802,0.043175940259105,1.1678668310881546,0,1,0,0,0,0,0,0,0,0,0,0,0,0,0,0,0,1,0,0,0,0,0,0,0,0,0,0,0,1,0,0,0,0,0,0,0,0,0,1,0,0,0,13.235693848424024,560000
-2.9653964967435935,-1.946160087556246,-0.14698664863576427,-1.1427382348800126,1,1,0,0,0,0,0,0,1,0,0,0,0,0,0,0,0,0,0,0,0,0,0,0,0,1,0,0,0,0,0,0,0,0,0,0,0,0,0,1,0,0,1,12.409017571151187,245000
0.1980287417180216,0.09644111792455802,-0.06268776902257481,-1.1427382348800126,1,0,0,0,0,0,0,0,0,0,0,0,0,0,0,1,0,0,0,0,0,0,0,0,0,0,0,0,0,1,0,0,0,0,0,0,0,0,0,1,0,1,0,12.604852121186608,298000
0.1980287417180216,0.09644111792455802,-0.11022841624629214,1.1678668310881546,0,0,0,0,0,1,0,0,0,0,0,0,0,1,0,0,0,0,0,0,0,0,0,0,1,0,0,0,0,0,0,0,0,0,0,0,0,0,0,1,1,0,0,13.384729180332174,650000
0.1980287417180216,0.09644111792455802,0.01131880552156246,-1.1427382348800126,0,0,0,0,0,0,0,0,0,0,1,0,0,0,0,0,0,0,0,0,0,0,0,0,0,0,0,0,0,1,0,0,0,0,0,0,0,0,0,1,1,0,0,12.206077645517674,200000
0.1980287417180216,2.139042323405362,0.3313604821925667,1.1678668310881546,0,1,0,0,0,0,0,0,0,0,0,0,0,0,1,0,0,0,0,0,0,0,0,0,0,0,0,0,0,1,0,0,0,0,0,0,0,0,0,1,0,1,0,12.988605673459045,437400
0.1980287417180216,2.139042323405362,0.33822201890526815,1.1678668310881546,0,1,0,0,0,0,0,0,0,0,0,0,0,0,0,0,0,0,0,0,0,0,0,0,0,0,0,0,0,0,0,0,0,0,0,0,0,0,0,1,0,1,0,13.3374763699232,620000
0.1980287417180216,0.09644111792455802,-0.057296561605452226,-1.1427382348800126,0,0,0,0,0,0,0,0,1,0,0,0,0,0,0,0,0,0,0,0,0,0,0,0,0,1,0,0,0,0,0,0,0,0,0,0,0,0,0,0,0,0,1,12.577639650232573,290000
0.1980287417180216,0.09644111792455802,0.03680451331159649,1.1678668310881546,0,0,0,0,0,0,0,0,0,0,0,0,0,0,0,0,0,1,0,0,0,0,0,0,0,0,1,0,0,0,0,0,0,0,0,0,0,0,0,1,0,0,0,12.326079872504838,225500
0.1980287417180216,0.09644111792455802,0.050527586736999426,1.1678668310881546,0,1,0,0,0,0,0,0,0,1,0,0,0,0,0,0,0,0,0,0,0,0,0,0,0,0,0,0,0,0,0,0,0,1,0,0,0,0,0,1,0,0,0,13.050869523924664,465500
0.1980287417180216,0.09644111792455802,-0.03818228076292671,0.012564298104070972,0,1,0,0,0,0,0,0,0,1,0,0,0,0,0,0,0,0,0,0,0,0,0,0,0,0,0,0,0,1,0,0,0,0,0,0,0,0,0,1,0,0,1,12.429220196836383,250000
-1.383683877512786,0.09644111792455802,0.0598396722756657,2.323169364072238,0,0,0,0,0,1,0,0,0,0,0,0,0,1,0,0,0,0,0,0,1,0,0,0,0,0,0,0,0,0,0,0,0,0,0,0,0,0,0,1,0,0,0,13.652992804936396,850000
0.1980287417180216,0.09644111792455802,0.01621990317349208,1.1678668310881546,0,0,0,0,0,1,0,0,0,0,0,0,0,0,0,0,0,1,0,0,0,0,0,0,0,0,0,0,0,1,0,0,0,0,0,0,0,0,0,1,1,0,0,12.611541086966115,300000
0.1980287417180216,0.09644111792455802,0.1039495511430323,0.012564298104070972,0,1,0,0,0,0,0,0,0,0,0,0,0,0,0,0,0,1,0,0,0,0,0,0,0,0,0,0,0,0,0,0,0,0,0,0,1,0,0,0,0,1,0,13.098072734013513,488000
0.1980287417180216,0.09644111792455802,-0.06268776902257481,-1.1427382348800126,1,0,0,0,0,1,0,0,1,0,0,0,0,0,0,0,0,0,0,0,0,0,0,0,0,1,0,0,0,0,0,0,0,0,0,0,0,0,0,1,0,1,0,12.721888795877375,335000
-2.9653964967435935,-1.946160087556246,-0.25873167509975964,0.012564298104070972,0,0,0,0,0,1,0,0,0,0,0,0,0,0,0,0,0,1,0,0,0,0,0,0,0,0,0,0,0,1,0,0,0,0,0,0,0,0,0,1,0,0,1,12.81584093453868,368000
0.1980287417180216,0.09644111792455802,-0.0783712815087496,0.012564298104070972,1,0,0,0,0,1,0,0,0,1,0,0,0,0,0,0,0,0,0,0,0,1,0,0,0,0,0,0,0,0,0,0,0,0,0,0,0,0,0,1,1,0,0,12.73670383776449,340000
0.1980287417180216,0.09644111792455802,-0.06268776902257481,0.012564298104070972,1,1,0,0,0,0,0,0,0,0,0,0,0,1,0,0,0,0,0,0,1,0,0,0,0,0,0,0,0,0,0,0,0,0,0,0,0,0,0,1,0,0,0,13.010316110729669,447000
0.1980287417180216,0.09644111792455802,-0.013676792503278605,1.1678668310881546,0,0,0,0,0,1,0,0,0,1,0,0,0,0,0,0,0,0,0,0,0,0,0,0,0,0,0,0,0,1,0,0,0,0,0,0,0,0,0,1,0,0,1,13.017005083966255,450000
0.1980287417180216,0.09644111792455802,-0.098955891646854,0.012564298104070972,1,0,0,0,0,0,0,0,0,0,0,0,0,0,0,0,0,1,0,0,0,0,0,0,0,0,0,0,0,1,0,0,0,0,0,0,0,0,0,1,0,1,0,12.08954444723597,178000
0.1980287417180216,-1.946160087556246,-0.1607097220611672,-1.1427382348800126,0,0,0,0,0,0,0,0,0,0,0,0,0,0,0,0,0,1,0,0,0,0,0,0,0,0,0,0,0,1,0,0,0,0,0,0,0,0,0,0,0,0,1,12.301387370778713,220000
0.1980287417180216,0.09644111792455802,-0.06268776902257481,0.012564298104070972,1,1,0,0,0,0,0,0,0,0,0,0,0,0,0,0,0,1,0,0,0,0,0,0,0,0,0,0,0,1,0,0,0,0,0,0,0,0,0,1,0,0,1,12.409017571151187,245000
0.1980287417180216,0.09644111792455802,-0.022498768276751922,0.012564298104070972,0,1,0,0,0,0,0,0,0,0,0,0,0,0,0,0,0,1,0,0,0,0,0,0,0,0,0,0,0,1,0,0,0,0,0,0,0,0,0,1,0,0,1,12.611541086966115,300000
0.1980287417180216,0.09644111792455802,-0.15776906347000946,-1.1427382348800126,1,0,0,0,0,0,0,0,0,0,0,0,0,1,0,0,0,0,0,0,0,0,0,1,0,0,0,0,0,0,0,0,0,0,0,0,0,0,0,1,1,0,0,12.345838935721968,230000
1.779741360948829,0.09644111792455802,0.1774660159219766,0.012564298104070972,1,1,0,0,0,0,0,0,0,1,0,0,0,0,0,0,0,0,0,0,0,0,0,0,0,0,0,0,0,1,0,0,0,0,0,0,0,0,0,0,0,1,0,13.353476685668044,630000
0.1980287417180216,0.09644111792455802,-0.14208555098383466,0.012564298104070972,1,0,0,1,0,0,0,0,0,0,0,0,0,0,0,0,0,1,0,0,0,0,0,0,0,0,0,0,0,1,0,0,0,0,0,0,0,0,0,0,0,1,0,11.918397239722838,150000
0.1980287417180216,-1.946160087556246,-0.18374488102523645,-1.1427382348800126,1,0,0,0,0,0,0,0,0,1,0,0,0,0,0,0,0,0,0,0,0,0,0,0,0,0,0,0,0,1,0,0,0,0,0,0,0,0,0,0,1,0,0,12.367345048436391,235000
0.1980287417180216,0.09644111792455802,0.034353964485631674,1.1678668310881546,1,0,0,0,0,0,0,0,0,1,0,0,0,0,0,0,0,0,0,0,0,1,0,0,0,0,0,0,0,0,0,0,0,0,0,0,0,0,0,0,0,1,0,13.017005083966255,450000
0.1980287417180216,0.09644111792455802,-0.08719325728222291,0.012564298104070972,0,0,0,0,0,0,0,0,0,0,0,0,0,1,0,0,0,0,0,0,1,0,0,0,0,0,0,0,0,0,0,0,0,0,0,0,0,0,0,1,0,0,0,12.75130259456002,345000
0.1980287417180216,0.09644111792455802,-0.11169874554187102,0.012564298104070972,0,0,0,0,0,0,0,0,0,0,0,0,0,1,0,0,0,0,0,0,1,0,0,0,0,0,0,0,0,0,0,0,0,0,0,0,0,0,0,1,0,0,0,12.75130259456002,345000
0.1980287417180216,0.09644111792455802,-0.1607097220611672,0.012564298104070972,1,0,0,0,0,0,0,0,0,0,0,0,0,1,0,0,0,0,0,0,0,0,0,0,0,0,0,0,0,0,0,0,0,0,0,0,0,1,0,1,0,0,0,12.52815976788113,276000
0.1980287417180216,0.09644111792455802,-0.1362042338015191,0.012564298104070972,0,0,0,0,0,0,0,0,0,0,0,0,0,1,0,0,0,0,0,1,0,0,0,0,0,0,0,0,0,0,0,0,0,0,0,0,0,0,0,1,0,0,1,12.468440756144114,260000
0.1980287417180216,0.09644111792455802,-0.003874597199419364,0.012564298104070972,1,0,0,0,0,0,0,0,0,0,0,0,0,1,0,0,0,0,0,0,0,0,0,0,0,0,0,0,0,1,0,0,0,0,0,0,0,0,0,1,0,0,1,12.611541086966115,300000
0.1980287417180216,0.09644111792455802,0.10885064879496191,1.1678668310881546,0,1,0,0,0,0,0,0,0,0,0,0,0,1,0,0,0,0,0,0,0,0,0,0,0,0,0,0,0,0,0,0,0,0,0,0,0,1,0,1,0,1,0,13.22672519452875,555000
0.1980287417180216,0.09644111792455802,-0.03818228076292671,0.012564298104070972,0,0,0,0,0,0,0,0,0,0,1,0,0,0,0,0,0,0,0,0,0,0,0,0,0,0,0,0,0,1,0,0,0,0,0,0,0,0,0,1,0,0,1,12.577639650232573,290000
0.1980287417180216,0.09644111792455802,0.0211210008254217,-1.1427382348800126,0,1,0,0,0,0,0,0,0,1,0,0,0,0,0,0,0,0,0,0,0,0,0,0,0,0,0,0,0,1,0,0,0,0,0,0,0,0,0,1,0,0,1,12.733758336210744,339000
0.1980287417180216,0.09644111792455802,-0.0822921596302933,0.012564298104070972,0,1,0,0,0,0,0,0,0,1,0,0,0,0,0,0,0,0,0,0,0,1,0,0,0,0,0,0,0,0,0,0,0,0,0,0,0,0,0,1,0,0,0,12.570719231334277,288000
0.1980287417180216,0.09644111792455802,0.033373744955245754,0.012564298104070972,1,1,0,0,0,0,0,0,0,0,0,0,1,0,0,0,0,0,0,0,0,0,0,0,0,0,0,0,0,0,0,0,1,0,0,0,0,0,0,1,0,0,1,12.301387370778713,220000
0.1980287417180216,2.139042323405362,0.03288363519005279,0.012564298104070972,1,1,0,0,0,0,0,0,0,1,0,0,0,0,0,0,0,0,0,0,0,0,0,0,0,0,0,0,0,1,0,0,0,0,0,0,0,0,0,1,0,0,1,13.235693848424024,560000
0.1980287417180216,0.09644111792455802,-0.1362042338015191,0.012564298104070972,0,0,0,0,0,0,0,0,0,0,0,0,0,1,0,0,0,0,0,1,0,0,0,0,0,0,0,0,0,0,0,0,0,0,0,0,0,0,0,1,0,0,0,12.847929163278053,380000
0.1980287417180216,0.09644111792455802,-0.1362042338015191,0.012564298104070972,0,0,0,0,0,0,0,0,0,0,0,0,0,1,0,0,0,0,0,1,0,0,0,0,0,0,0,0,0,0,0,0,0,0,0,0,0,0,0,1,0,0,0,12.73670383776449,340000
0.1980287417180216,0.09644111792455802,-0.03818228076292671,1.1678668310881546,0,1,0,0,0,0,0,0,0,0,0,0,0,1,0,0,0,0,0,0,1,0,0,0,0,0,0,0,0,0,0,0,0,0,0,0,0,0,0,1,0,0,0,12.899222326086994,400000
0.1980287417180216,0.09644111792455802,-0.1362042338015191,0.012564298104070972,0,0,0,0,0,0,0,0,0,0,0,0,0,1,0,0,0,0,0,1,0,0,0,0,0,0,0,0,0,0,0,0,0,0,0,0,0,0,0,1,0,0,0,12.765691290604371,350000
0.1980287417180216,0.09644111792455802,-0.11169874554187102,0.012564298104070972,0,1,0,0,0,0,0,0,0,0,0,0,0,1,0,0,0,0,0,0,1,0,0,0,0,0,0,0,0,0,0,0,0,0,0,0,0,0,0,1,0,0,0,12.429220196836383,250000
0.1980287417180216,0.09644111792455802,-0.1607097220611672,-1.1427382348800126,0,0,0,1,0,0,0,0,0,0,0,0,0,1,0,0,0,0,0,0,0,0,0,0,0,0,0,0,0,1,0,0,0,0,0,0,0,0,0,1,0,0,0,12.468440756144114,260000
-1.383683877512786,0.09644111792455802,-0.08719325728222291,-1.1427382348800126,0,1,0,0,0,0,0,0,0,0,0,0,0,1,0,0,0,0,0,0,0,0,0,0,0,0,0,0,0,1,0,0,0,0,0,0,0,0,0,1,0,0,0,12.896719202134523,399000
0.1980287417180216,2.139042323405362,0.051017696502192386,0.012564298104070972,0,1,0,0,0,0,0,0,0,0,0,0,0,0,0,0,0,1,0,0,0,0,0,0,0,0,1,0,0,0,0,0,0,0,0,0,0,0,0,1,0,1,0,12.703816069256568,329000
0.1980287417180216,0.09644111792455802,0.0353341840160176,0.012564298104070972,0,1,0,0,0,0,0,0,0,0,0,0,0,1,0,0,0,0,0,0,0,0,0,0,1,0,0,0,0,0,0,0,0,0,0,0,0,0,0,1,0,1,0,13.217675375388819,550000
0.1980287417180216,0.09644111792455802,-0.11169874554187102,0.012564298104070972,1,0,0,0,0,0,0,0,0,0,0,0,0,1,0,0,0,0,0,0,0,0,0,0,0,0,0,0,0,1,0,0,0,0,0,0,0,0,0,1,1,0,0,12.154784614286667,190000
-1.383683877512786,-1.946160087556246,-0.23422618684011154,-1.1427382348800126,0,0,0,1,0,0,0,0,0,0,0,0,0,1,0,0,0,0,0,0,0,0,0,0,0,0,0,0,0,1,0,0,0,0,0,0,0,0,0,0,1,0,0,11.736077016252437,125000
1.779741360948829,2.139042323405362,0.27499785919537606,1.1678668310881546,0,1,0,0,0,0,0,0,0,0,0,0,0,0,0,0,0,1,0,0,0,0,0,0,0,0,0,0,0,0,0,1,0,0,0,0,0,0,0,1,0,0,1,13.195615697878253,538000
0.1980287417180216,0.09644111792455802,-0.08719325728222291,0.012564298104070972,0,0,0,0,0,0,0,0,0,0,0,0,0,1,0,0,0,0,0,0,1,0,0,0,0,0,0,0,0,0,0,0,0,0,0,0,0,0,0,1,0,0,0,12.676079399771027,320000
0.1980287417180216,0.09644111792455802,-0.08719325728222291,0.012564298104070972,0,0,0,0,0,0,0,0,0,0,0,0,0,1,0,0,0,0,0,0,1,0,0,0,0,0,0,0,0,0,0,0,0,0,0,0,0,0,0,1,0,0,0,12.621491384816093,303000
0.1980287417180216,0.09644111792455802,-0.08719325728222291,-1.1427382348800126,0,1,0,0,0,0,0,0,0,0,0,0,0,1,0,0,0,0,0,0,0,0,0,1,0,0,0,0,0,0,0,0,0,0,0,0,0,0,0,1,0,0,0,12.676079399771027,320000
-1.383683877512786,0.09644111792455802,-0.20972069858046344,-1.1427382348800126,1,0,0,0,0,0,0,0,1,0,0,0,0,0,0,0,0,0,0,0,0,0,0,0,0,0,0,0,0,1,0,0,0,0,0,0,0,0,0,1,0,1,0,11.918397239722838,150000
0.1980287417180216,0.09644111792455802,-0.03622184170215486,0.012564298104070972,1,0,0,0,0,0,0,0,0,0,0,0,0,1,0,0,0,0,0,0,0,0,0,0,0,0,0,0,0,1,0,0,0,0,0,0,0,0,0,1,0,0,0,12.506180941677357,270000
0.1980287417180216,0.09644111792455802,0.010828695756369498,0.012564298104070972,0,1,0,0,0,0,0,0,0,0,0,0,0,0,0,1,0,0,0,0,0,0,0,0,0,0,0,0,0,1,0,0,0,0,0,0,0,0,0,0,0,1,0,12.611541086966115,300000
-2.9653964967435935,-1.946160087556246,-0.17443279548657015,0.012564298104070972,1,0,0,0,0,1,0,0,0,1,0,0,0,0,0,0,0,0,1,0,0,0,0,0,0,0,0,0,0,0,0,0,0,0,0,0,0,0,0,1,1,0,0,13.25339339419516,570000
0.1980287417180216,0.09644111792455802,-0.08719325728222291,0.012564298104070972,0,0,0,0,0,0,0,0,0,0,0,0,0,1,0,0,0,0,0,0,0,0,0,0,1,0,0,0,0,0,0,0,0,0,0,0,0,0,0,1,0,0,0,12.948012371209098,420000
-2.9653964967435935,-1.946160087556246,-0.16561081971309685,-1.1427382348800126,0,1,0,0,0,0,0,0,1,0,0,0,0,0,0,0,0,0,0,0,0,0,0,0,0,1,0,0,0,0,0,0,0,0,0,0,0,0,0,1,1,0,0,12.759960632315702,348000
0.1980287417180216,0.09644111792455802,-0.027399865928681544,0.012564298104070972,0,0,0,0,0,0,0,0,0,0,0,0,0,0,0,0,0,1,0,0,0,0,0,0,0,0,0,0,0,0,0,0,0,0,1,0,0,0,0,1,1,0,0,12.807655372286902,365000
0.1980287417180216,0.09644111792455802,0.03288363519005279,-1.1427382348800126,0,0,0,0,0,0,0,0,1,0,0,0,0,0,0,0,0,0,0,0,0,0,0,0,0,0,0,0,0,1,0,0,0,0,0,0,0,0,0,1,1,0,0,12.948012371209098,420000
3.3614539801796366,4.181643528886166,0.6445406221508695,1.1678668310881546,0,1,0,0,0,0,0,0,0,0,0,0,0,0,0,0,0,1,0,0,0,0,0,0,0,0,0,0,0,0,0,1,0,0,0,0,0,0,0,1,0,0,0,13.212205909556012,547000
1.779741360948829,0.09644111792455802,0.3646879462256881,-1.1427382348800126,0,1,0,0,0,0,0,0,1,0,0,0,0,0,0,0,0,0,0,0,0,0,0,0,0,1,0,0,0,0,0,0,0,0,0,0,0,0,0,1,0,1,0,13.098072734013513,488000
0.1980287417180216,0.09644111792455802,-0.1067976478899414,0.012564298104070972,0,0,0,0,0,0,0,0,0,0,0,0,0,0,0,0,0,1,0,0,0,0,0,0,0,0,0,0,0,1,0,0,0,0,0,0,0,0,0,1,1,0,0,12.04355959836804,170000
0.1980287417180216,0.09644111792455802,0.010828695756369498,-1.1427382348800126,0,1,0,0,0,0,0,0,0,0,0,0,0,1,0,0,0,0,0,0,0,0,1,0,0,0,0,0,0,0,0,0,0,0,0,0,0,0,0,1,0,0,0,13.180634172318978,530000
0.1980287417180216,0.09644111792455802,0.15198030813194258,-1.1427382348800126,0,1,0,0,0,0,0,0,0,0,0,0,0,0,0,0,0,1,0,0,0,0,0,0,0,0,1,0,0,0,0,0,0,0,0,0,0,0,0,1,0,0,1,12.676079399771027,320000
0.1980287417180216,0.09644111792455802,-0.013676792503278605,1.1678668310881546,0,0,0,0,0,1,0,0,1,0,0,0,0,0,0,0,0,0,0,0,0,0,0,0,0,0,0,0,0,1,0,0,0,0,0,0,0,0,0,1,0,0,1,13.001327306361068,443000
0.1980287417180216,0.09644111792455802,-0.06170754949218889,-1.1427382348800126,1,0,0,0,0,0,0,0,0,0,0,0,0,0,0,0,0,1,0,0,0,0,0,0,0,0,0,0,0,0,0,1,0,0,0,0,0,0,0,1,0,0,1,12.429220196836383,250000
0.1980287417180216,0.09644111792455802,0.010828695756369498,0.012564298104070972,1,0,0,0,0,0,0,0,0,0,0,0,0,0,0,0,1,0,0,0,0,0,0,0,0,0,0,0,1,0,0,0,0,0,0,0,0,0,0,1,0,0,1,13.45883704259595,700000
-1.383683877512786,0.09644111792455802,-0.015147121798857492,1.1678668310881546,0,0,0,0,0,1,0,0,0,0,0,0,0,1,0,0,0,0,0,0,0,0,0,0,0,0,0,0,0,1,0,0,0,0,0,0,0,0,0,1,0,0,0,13.081543466215237,480000
0.1980287417180216,0.09644111792455802,0.13678690541096075,1.1678668310881546,1,0,0,0,0,1,0,0,0,1,0,0,0,0,0,0,0,0,0,0,0,0,0,0,0,0,0,0,0,1,0,0,0,0,0,0,0,0,0,1,1,0,0,13.441545570402797,688000
0.1980287417180216,0.09644111792455802,0.029452866833702056,1.1678668310881546,0,0,0,0,0,1,0,0,0,0,0,0,0,0,0,0,0,1,0,0,0,0,0,0,0,0,0,0,0,1,0,0,0,0,0,0,0,0,0,1,0,0,1,12.611541086966115,300000
1.779741360948829,2.139042323405362,0.30489455487214673,-1.1427382348800126,0,1,0,0,0,0,0,0,0,0,0,0,0,1,0,0,0,0,0,0,0,0,0,0,0,0,0,0,0,1,0,0,0,0,0,0,0,0,0,1,0,0,0,13.567050480716235,780000
0.1980287417180216,0.09644111792455802,0.094637465604366,0.012564298104070972,1,1,0,0,0,0,0,0,0,1,0,0,0,0,0,0,0,0,1,0,0,0,0,0,0,0,0,0,0,0,0,0,0,0,0,0,0,0,0,1,0,1,0,13.184400648021263,532000
0.1980287417180216,0.09644111792455802,0.08679570936127862,2.323169364072238,0,1,0,0,0,0,0,0,0,0,0,0,0,1,0,0,0,0,0,0,1,0,0,0,0,0,0,0,0,0,0,0,0,0,0,0,0,0,0,1,1,0,0,12.886643575525625,395000
1.779741360948829,2.139042323405362,0.2176550166677995,-1.1427382348800126,1,1,0,0,0,0,0,0,0,0,0,0,0,0,0,0,0,1,0,0,0,0,0,0,0,0,0,0,0,0,1,0,0,0,0,0,0,0,0,1,0,0,0,13.267330877756825,578000
0.1980287417180216,0.09644111792455802,0.016710012938685043,1.1678668310881546,0,0,0,0,0,1,0,0,0,0,0,0,0,0,0,0,0,1,0,0,0,0,0,0,0,0,0,0,0,1,0,0,0,0,0,0,0,0,0,1,0,0,1,12.676079399771027,320000
0.1980287417180216,0.09644111792455802,0.2225561143197291,1.1678668310881546,1,1,0,0,0,0,0,0,0,0,0,0,0,0,0,0,1,0,0,0,0,0,0,0,0,0,0,0,1,0,0,0,0,0,0,0,0,0,0,1,1,0,0,13.527829818844937,750000
0.1980287417180216,0.09644111792455802,-0.02200865851155896,0.012564298104070972,1,0,0,0,0,1,0,0,0,0,0,0,0,0,0,0,1,0,0,0,0,0,0,0,0,0,0,0,1,0,0,0,0,0,0,0,0,0,0,1,1,0,0,13.304686600863562,600000
-1.383683877512786,0.09644111792455802,-0.07984161080432849,1.1678668310881546,1,1,0,0,0,0,0,0,0,0,0,0,0,0,0,0,1,0,0,0,0,0,0,0,0,0,0,0,1,0,0,0,0,0,0,0,0,0,0,1,1,0,0,13.26212705890841,575000
0.1980287417180216,0.09644111792455802,-0.02200865851155896,1.1678668310881546,1,0,0,0,0,1,0,0,0,0,0,0,0,0,0,0,1,0,0,0,0,0,0,0,0,0,0,0,1,0,0,0,0,0,0,0,0,0,0,1,0,0,1,13.112315061750808,495000
0.1980287417180216,0.09644111792455802,0.012789134817141347,0.012564298104070972,1,1,0,0,0,0,0,0,0,0,0,0,0,0,0,0,1,0,0,0,0,0,0,0,0,0,0,0,1,0,0,0,0,0,0,0,0,0,0,1,1,0,0,13.480039220276565,715000
-1.383683877512786,-1.946160087556246,-0.19011630797274495,0.012564298104070972,1,0,0,0,0,0,0,0,0,0,0,0,0,0,0,0,1,0,0,0,0,0,0,0,0,0,0,0,1,0,0,0,0,0,0,0,0,0,0,1,0,0,0,13.122365377402328,500000
0.1980287417180216,0.09644111792455802,-0.06170754949218889,0.012564298104070972,1,0,0,0,0,0,0,0,0,0,0,0,0,0,0,0,0,1,0,0,0,0,0,0,0,0,0,0,0,0,0,1,0,0,0,0,0,0,0,1,1,0,0,12.611207699176356,299900
0.1980287417180216,0.09644111792455802,-0.08719325728222291,0.012564298104070972,0,0,0,0,0,0,0,0,0,0,0,0,1,0,0,0,0,0,0,0,0,0,0,0,0,0,0,0,0,0,0,0,1,0,0,0,0,0,0,1,0,1,0,12.506180941677357,270000
0.1980287417180216,0.09644111792455802,0.010828695756369498,0.012564298104070972,0,1,0,0,0,0,0,0,0,0,0,0,0,1,0,0,0,0,0,0,0,0,0,1,0,0,0,0,0,0,0,0,0,0,0,0,0,0,0,1,0,0,0,13.1421679654829,510000
0.1980287417180216,0.09644111792455802,-0.11512951389822175,1.1678668310881546,0,0,0,1,0,0,0,0,1,0,0,0,0,0,0,0,0,0,0,0,0,0,0,0,0,0,0,0,0,1,0,0,0,0,0,0,0,0,0,1,1,0,0,11.082157933374816,65000
1.779741360948829,2.139042323405362,0.30489455487214673,-1.1427382348800126,0,1,0,0,0,0,0,0,0,0,0,0,0,1,0,0,0,0,0,0,0,0,0,0,0,0,0,0,0,1,0,0,0,0,0,0,0,0,0,1,0,0,0,13.567050480716235,780000
0.1980287417180216,0.09644111792455802,0.094637465604366,0.012564298104070972,1,1,0,0,0,0,0,0,0,1,0,0,0,0,0,0,0,0,1,0,0,0,0,0,0,0,0,0,0,0,0,0,0,0,0,0,0,0,0,1,0,1,0,13.184400648021263,532000
0.1980287417180216,0.09644111792455802,0.08679570936127862,2.323169364072238,0,1,0,0,0,0,0,0,0,0,0,0,0,1,0,0,0,0,0,0,1,0,0,0,0,0,0,0,0,0,0,0,0,0,0,0,0,0,0,1,1,0,0,12.886643575525625,395000
1.779741360948829,2.139042323405362,0.2176550166677995,-1.1427382348800126,1,1,0,0,0,0,0,0,0,0,0,0,0,0,0,0,0,1,0,0,0,0,0,0,0,0,0,0,0,0,1,0,0,0,0,0,0,0,0,1,0,0,0,13.267330877756825,578000
0.1980287417180216,0.09644111792455802,0.016710012938685043,1.1678668310881546,0,0,0,0,0,1,0,0,0,0,0,0,0,0,0,0,0,1,0,0,0,0,0,0,0,0,0,0,0,1,0,0,0,0,0,0,0,0,0,1,0,0,1,12.676079399771027,320000
0.1980287417180216,0.09644111792455802,0.2225561143197291,1.1678668310881546,1,1,0,0,0,0,0,0,0,0,0,0,0,0,0,0,1,0,0,0,0,0,0,0,0,0,0,0,1,0,0,0,0,0,0,0,0,0,0,1,1,0,0,13.527829818844937,750000
0.1980287417180216,0.09644111792455802,-0.02200865851155896,0.012564298104070972,1,0,0,0,0,1,0,0,0,0,0,0,0,0,0,0,1,0,0,0,0,0,0,0,0,0,0,0,1,0,0,0,0,0,0,0,0,0,0,1,1,0,0,13.304686600863562,600000
-1.383683877512786,0.09644111792455802,-0.07984161080432849,1.1678668310881546,1,1,0,0,0,0,0,0,0,0,0,0,0,0,0,0,1,0,0,0,0,0,0,0,0,0,0,0,1,0,0,0,0,0,0,0,0,0,0,1,1,0,0,13.26212705890841,575000
0.1980287417180216,0.09644111792455802,-0.02200865851155896,1.1678668310881546,1,0,0,0,0,1,0,0,0,0,0,0,0,0,0,0,1,0,0,0,0,0,0,0,0,0,0,0,1,0,0,0,0,0,0,0,0,0,0,1,0,0,1,13.112315061750808,495000
0.1980287417180216,0.09644111792455802,0.012789134817141347,0.012564298104070972,1,1,0,0,0,0,0,0,0,0,0,0,0,0,0,0,1,0,0,0,0,0,0,0,0,0,0,0,1,0,0,0,0,0,0,0,0,0,0,1,1,0,0,13.480039220276565,715000
-1.383683877512786,-1.946160087556246,-0.19011630797274495,0.012564298104070972,1,0,0,0,0,0,0,0,0,0,0,0,0,0,0,0,1,0,0,0,0,0,0,0,0,0,0,0,1,0,0,0,0,0,0,0,0,0,0,1,0,0,0,13.122365377402328,500000
0.1980287417180216,0.09644111792455802,-0.06170754949218889,0.012564298104070972,1,0,0,0,0,0,0,0,0,0,0,0,0,0,0,0,0,1,0,0,0,0,0,0,0,0,0,0,0,0,0,1,0,0,0,0,0,0,0,1,1,0,0,12.611207699176356,299900
0.1980287417180216,0.09644111792455802,-0.08719325728222291,0.012564298104070972,0,0,0,0,0,0,0,0,0,0,0,0,1,0,0,0,0,0,0,0,0,0,0,0,0,0,0,0,0,0,0,0,1,0,0,0,0,0,0,1,0,1,0,12.506180941677357,270000
0.1980287417180216,0.09644111792455802,0.010828695756369498,0.012564298104070972,0,1,0,0,0,0,0,0,0,0,0,0,0,1,0,0,0,0,0,0,0,0,0,1,0,0,0,0,0,0,0,0,0,0,0,0,0,0,0,1,0,0,0,13.1421679654829,510000
0.1980287417180216,0.09644111792455802,-0.11512951389822175,1.1678668310881546,0,0,0,1,0,0,0,0,1,0,0,0,0,0,0,0,0,0,0,0,0,0,0,0,0,0,0,0,0,1,0,0,0,0,0,0,0,0,0,1,1,0,0,11.082157933374816,65000
0.1980287417180216,0.09644111792455802,0.469571435976982,2.323169364072238,1,0,0,0,0,0,0,0,0,0,0,0,0,0,0,0,0,1,0,0,0,0,0,0,0,0,0,0,0,1,0,0,0,0,0,0,0,0,0,1,0,0,0,13.060490101343552,470000
0.1980287417180216,0.09644111792455802,-0.11022841624629214,0.012564298104070972,1,0,0,0,0,1,0,0,0,0,0,0,0,0,0,0,0,1,0,0,0,0,0,0,0,0,0,0,0,0,0,0,0,0,1,0,0,0,0,1,0,1,0,12.301387370778713,220000
-1.383683877512786,-1.946160087556246,-0.1303229166192036,0.012564298104070972,1,0,0,0,0,0,0,0,0,0,0,0,0,0,0,1,0,0,0,0,0,0,0,0,0,0,0,0,0,1,0,0,0,0,0,0,0,0,0,1,0,0,1,12.323860125621126,225000
0.1980287417180216,0.09644111792455802,-0.025929536633102657,0.012564298104070972,0,0,0,0,0,0,0,0,0,0,0,0,0,0,0,0,0,1,0,0,0,0,0,0,0,0,0,0,0,0,0,1,0,0,0,0,0,0,0,1,0,1,0,12.81584093453868,368000
0.1980287417180216,2.139042323405362,0.10885064879496191,1.1678668310881546,0,1,0,0,0,0,0,0,0,1,0,0,0,0,0,0,0,0,0,0,0,0,0,0,0,0,0,0,0,1,0,0,0,0,0,0,0,0,0,1,0,0,0,13.217675375388819,550000
0.1980287417180216,0.09644111792455802,-0.06268776902257481,0.012564298104070972,1,0,0,0,0,0,0,0,0,0,0,0,0,0,0,0,0,1,1,0,0,0,0,0,0,0,0,0,0,0,0,0,0,0,0,0,0,0,0,0,0,1,0,12.676079399771027,320000
0.1980287417180216,0.09644111792455802,0.03778473284198241,1.1678668310881546,0,0,0,0,0,0,0,0,0,0,0,0,0,0,0,0,0,1,0,0,0,0,0,0,0,0,1,0,0,0,0,0,0,0,0,0,0,0,0,1,1,0,0,12.498745990829315,268000
0.1980287417180216,0.09644111792455802,-0.03818228076292671,0.012564298104070972,0,0,0,0,0,0,0,0,0,0,0,0,0,0,0,0,0,1,0,0,0,0,0,0,0,0,0,0,0,1,0,0,0,0,0,0,0,0,0,0,0,1,0,12.706850963741102,330000
0.1980287417180216,0.09644111792455802,-0.11169874554187102,0.012564298104070972,0,0,0,0,0,0,0,0,0,0,0,0,0,0,0,0,0,1,0,0,0,0,0,0,0,0,0,0,0,0,0,1,0,0,0,0,0,0,0,0,1,0,0,12.524530013005734,275000
0.1980287417180216,0.09644111792455802,0.022101220355807624,1.1678668310881546,0,1,0,0,0,0,0,0,0,0,0,0,0,0,0,0,0,1,0,0,0,0,0,0,0,0,1,0,0,0,0,0,0,0,0,0,0,0,0,0,1,0,0,12.611541086966115,300000
0.1980287417180216,0.09644111792455802,-0.06268776902257481,0.012564298104070972,1,0,0,0,0,0,0,0,0,0,0,0,0,0,0,0,0,1,0,0,0,0,0,0,0,0,0,0,0,1,0,0,0,0,0,0,0,0,0,0,1,0,0,12.491255347155265,266000
0.1980287417180216,0.09644111792455802,-0.04651414677120706,-1.1427382348800126,1,0,0,0,0,0,0,0,0,0,0,0,0,0,0,0,0,1,1,0,0,0,0,0,0,0,0,0,0,0,0,0,0,0,0,0,0,0,0,1,0,0,1,12.345838935721968,230000
0.1980287417180216,-1.946160087556246,-0.12052072131534433,-1.1427382348800126,1,0,0,0,0,0,0,0,0,0,0,0,0,0,0,0,0,1,1,0,0,0,0,0,0,0,0,0,0,0,0,0,0,0,0,0,0,0,0,1,0,0,0,12.031725210748633,168000
0.1980287417180216,0.09644111792455802,-0.08719325728222291,0.012564298104070972,0,1,0,0,0,0,0,0,0,0,0,0,0,0,0,0,0,1,0,0,0,0,0,0,0,0,0,0,0,1,0,0,0,0,0,0,0,0,0,1,0,0,1,12.611541086966115,300000
0.1980287417180216,0.09644111792455802,0.09561768513475194,0.012564298104070972,1,1,0,0,0,0,0,0,0,0,0,0,0,0,0,0,0,1,0,0,0,0,0,0,0,0,0,0,0,0,0,0,0,0,0,0,1,0,0,0,0,0,1,12.779875885354993,355000
0.1980287417180216,-1.946160087556246,-0.1607097220611672,-1.1427382348800126,0,0,0,0,0,0,0,0,0,1,0,0,0,0,0,0,0,0,0,0,0,0,0,0,0,0,0,0,0,0,0,0,0,0,0,1,0,0,0,1,0,0,0,12.128116509451258,185000
1.779741360948829,0.09644111792455802,0.32940004313179483,0.012564298104070972,0,1,0,0,0,0,0,0,0,0,0,0,0,1,0,0,0,0,0,1,0,0,0,0,0,0,0,0,0,0,0,0,0,0,0,0,0,0,0,1,1,0,0,13.217675375388819,550000
-1.383683877512786,-1.946160087556246,-0.15727895370481648,-1.1427382348800126,1,0,0,0,0,1,0,0,0,0,0,0,0,0,0,0,0,1,0,0,0,0,0,0,0,0,0,0,0,1,0,0,0,0,0,0,0,0,0,1,0,0,0,12.971542813248437,430000
0.1980287417180216,0.09644111792455802,-0.06268776902257481,1.1678668310881546,0,0,0,0,0,0,0,0,0,0,0,0,0,1,0,0,0,0,0,0,1,0,0,0,0,0,0,0,0,0,0,0,0,0,0,0,0,0,0,1,0,1,0,12.873904582205107,390000
0.1980287417180216,0.09644111792455802,-0.1597295025307813,-1.1427382348800126,0,0,0,0,0,0,0,0,0,0,0,0,0,0,0,0,0,1,0,0,0,0,0,0,0,0,1,0,0,0,0,0,0,0,0,0,0,0,0,0,0,1,0,11.849404844423074,140000
0.1980287417180216,0.09644111792455802,-0.015637231564050454,0.012564298104070972,1,1,0,0,0,0,0,0,0,1,0,0,0,0,0,0,0,0,0,0,0,0,0,0,0,0,0,0,0,1,0,0,0,0,0,0,0,0,0,0,0,0,1,12.863595239117187,386000
-2.9653964967435935,-1.946160087556246,-0.18521521032081534,-1.1427382348800126,1,0,0,0,0,1,0,0,0,0,0,0,0,0,0,0,0,1,1,0,0,0,0,0,0,0,0,0,0,0,0,0,0,0,0,0,0,0,0,1,0,0,0,12.409017571151187,245000
0.1980287417180216,0.09644111792455802,0.0598396722756657,1.1678668310881546,0,1,0,0,0,0,0,0,0,0,0,0,1,0,0,0,0,0,0,0,0,0,0,0,0,0,0,0,0,0,0,0,1,0,0,0,0,0,0,1,0,0,1,12.884108726347916,394000
0.1980287417180216,0.09644111792455802,0.17452535733081884,-1.1427382348800126,0,1,0,0,0,0,0,0,0,0,0,0,0,1,0,0,0,0,0,0,0,0,0,0,0,0,0,0,0,1,0,0,0,0,0,0,0,0,0,1,0,0,0,12.847929163278053,380000
0.1980287417180216,0.09644111792455802,-0.1362042338015191,0.012564298104070972,0,0,0,0,0,0,0,0,0,0,0,0,0,1,0,0,0,0,0,0,0,0,0,0,0,0,0,0,0,1,0,0,0,0,0,0,0,0,0,1,0,0,0,12.59473402514672,295000
0.1980287417180216,0.09644111792455802,0.0598396722756657,0.012564298104070972,0,1,0,0,0,0,0,0,0,1,0,0,0,0,0,0,0,0,0,0,0,0,0,0,0,0,0,0,0,1,0,0,0,0,0,0,0,0,0,1,0,0,1,13.098072734013513,488000
0.1980287417180216,0.09644111792455802,0.0598396722756657,1.1678668310881546,0,1,0,0,0,0,0,0,0,0,0,0,0,1,0,0,0,0,0,0,0,0,0,0,1,0,0,0,0,0,0,0,0,0,0,0,0,0,0,1,0,1,0,13.180634172318978,530000
-2.9653964967435935,-1.946160087556246,-0.28323716335940774,0.012564298104070972,1,0,0,0,0,0,1,0,0,0,0,0,1,0,0,0,0,0,0,0,0,0,0,0,0,0,0,0,0,0,0,0,1,0,0,0,0,0,0,1,0,0,0,12.208574513247495,200500
0.1980287417180216,0.09644111792455802,-0.14600642910537837,0.012564298104070972,0,0,0,0,0,0,0,0,0,0,0,0,0,1,0,0,0,0,0,0,0,0,0,0,1,0,0,0,0,0,0,0,0,0,0,0,0,0,0,1,0,0,1,12.721888795877375,335000
0.1980287417180216,0.09644111792455802,-0.06268776902257481,-1.1427382348800126,0,0,0,0,0,0,0,0,0,0,0,0,0,1,0,0,0,0,0,0,1,0,0,0,0,0,0,0,0,0,0,0,0,0,0,0,0,0,0,1,1,0,0,12.765691290604371,350000
0.1980287417180216,0.09644111792455802,-0.11169874554187102,0.012564298104070972,0,0,0,0,0,0,0,0,0,0,0,0,0,1,0,0,0,0,0,0,0,0,0,0,1,0,0,0,0,0,0,0,0,0,0,0,0,0,0,1,0,0,0,12.821260987319457,370000
0.1980287417180216,-1.946160087556246,-0.18521521032081534,-1.1427382348800126,0,0,0,0,0,0,0,0,0,0,0,0,0,1,0,0,0,0,0,0,0,0,0,0,0,0,0,0,0,1,0,0,0,0,0,0,0,0,0,1,0,0,0,11.813037464800539,135000
1.779741360948829,0.09644111792455802,0.18187700380871324,0.012564298104070972,0,1,0,0,0,0,0,0,0,0,0,0,0,1,0,0,0,0,0,0,0,0,1,0,0,0,0,0,0,0,0,0,0,0,0,0,0,0,0,1,0,1,0,13.377007146164305,645000
-2.9653964967435935,-1.946160087556246,-0.28323716335940774,0.012564298104070972,1,0,0,0,0,0,1,0,0,0,0,0,1,0,0,0,0,0,0,0,0,0,0,0,0,0,0,0,0,0,0,0,1,0,0,0,0,0,0,1,0,0,0,12.207077140855777,200200
1.779741360948829,2.139042323405362,0.1490396495407848,1.1678668310881546,0,1,0,0,0,0,0,0,0,0,0,0,0,0,0,0,0,1,0,0,0,0,0,0,0,0,0,0,0,0,0,1,0,0,0,0,0,0,0,1,1,0,0,13.091906231773164,485000
-1.383683877512786,0.09644111792455802,-0.26853387040361887,0.012564298104070972,0,0,0,0,0,1,0,0,0,1,0,0,0,0,0,0,0,0,1,0,0,0,0,0,0,0,0,0,0,0,0,0,0,0,0,0,0,0,0,1,0,0,0,12.765691290604371,350000
-2.9653964967435935,-1.946160087556246,-0.28323716335940774,0.012564298104070972,1,0,0,0,0,0,1,0,0,0,0,0,1,0,0,0,0,0,0,0,0,0,0,0,0,0,0,0,0,0,0,0,1,0,0,0,0,0,0,1,0,0,0,12.206077645517674,200000
0.1980287417180216,0.09644111792455802,-0.01220646320769972,-1.1427382348800126,0,1,0,0,0,0,0,0,0,0,0,0,0,0,0,0,0,1,0,0,0,0,0,0,0,0,0,0,0,0,0,0,0,0,0,0,1,0,0,1,0,0,0,13.132315688453556,505000
-1.383683877512786,-1.946160087556246,-0.15727895370481648,-1.1427382348800126,1,0,0,0,0,1,0,0,0,0,0,0,0,0,0,0,0,1,0,0,0,0,0,0,0,0,0,0,0,1,0,0,0,0,0,0,0,0,0,1,0,0,0,13.056225711649638,468000
-1.383683877512786,0.09644111792455802,0.01131880552156246,0.012564298104070972,1,1,0,0,0,0,0,0,0,0,0,0,0,0,0,0,0,1,0,0,0,0,0,0,0,0,0,0,0,1,0,0,0,0,0,0,0,0,0,1,0,1,0,12.54254845357358,280000
0.1980287417180216,0.09644111792455802,-0.01024602414692787,0.012564298104070972,0,0,0,0,0,0,0,0,0,0,0,0,0,0,0,0,0,1,0,0,0,0,0,0,0,0,1,0,0,0,0,0,0,0,0,0,0,0,0,0,0,1,0,12.429220196836383,250000
0.1980287417180216,0.09644111792455802,-0.033281183110997085,2.323169364072238,1,1,0,0,0,0,0,0,0,0,0,0,0,0,0,0,0,1,1,0,0,0,0,0,0,0,0,0,0,0,0,0,0,0,0,0,0,0,0,1,0,0,0,12.793862088206213,360000
0.1980287417180216,0.09644111792455802,0.0598396722756657,1.1678668310881546,0,1,0,0,0,0,0,0,0,0,0,0,1,0,0,0,0,0,0,0,0,0,0,0,0,0,0,0,0,0,0,0,1,0,0,0,0,0,0,1,0,0,1,12.873904582205107,390000
0.1980287417180216,0.09644111792455802,-0.09944600141204697,0.012564298104070972,1,0,0,0,0,0,0,0,0,1,0,0,0,0,0,0,0,0,0,0,0,0,0,0,0,0,0,0,0,1,0,0,0,0,0,0,0,0,0,1,1,0,0,12.688501881189456,324000
0.1980287417180216,0.09644111792455802,-0.06268776902257481,1.1678668310881546,0,1,0,0,0,0,0,0,0,0,0,0,0,0,0,0,0,1,0,0,0,0,0,0,0,0,0,0,0,1,0,0,0,0,0,0,0,0,0,1,0,0,1,12.691583538230217,325000
0.1980287417180216,0.09644111792455802,-0.025929536633102657,0.012564298104070972,1,0,0,0,0,1,0,0,0,1,0,0,0,0,0,0,0,0,0,0,0,0,0,0,0,0,0,0,0,0,0,0,0,0,0,1,0,0,0,0,0,0,1,12.807655372286902,365000
0.1980287417180216,0.09644111792455802,0.010828695756369498,-1.1427382348800126,1,0,0,0,0,0,0,0,1,0,0,0,0,0,0,0,0,0,0,0,0,0,0,0,0,1,0,0,0,0,0,0,0,0,0,0,0,0,0,0,0,0,1,12.345834587905333,229999
0.1980287417180216,0.09644111792455802,0.03484407425082464,0.012564298104070972,1,1,0,0,0,0,0,0,0,0,0,0,0,0,0,0,0,1,0,0,0,0,0,0,0,0,0,0,0,0,0,0,0,0,0,0,1,0,0,0,1,0,0,12.793862088206213,360000
0.1980287417180216,0.09644111792455802,0.09561768513475194,0.012564298104070972,1,1,0,0,0,0,0,0,0,0,0,0,0,0,0,0,0,1,0,0,0,0,0,0,0,0,0,0,0,0,0,0,0,0,0,0,1,0,0,0,0,0,1,12.779875885354993,355000
0.1980287417180216,0.09644111792455802,-0.1362042338015191,0.012564298104070972,0,1,0,0,0,0,0,0,0,0,0,0,0,1,0,0,0,0,0,0,0,0,1,0,0,0,0,0,0,0,0,0,0,0,0,0,0,0,0,1,0,0,1,12.73670383776449,340000
0.1980287417180216,0.09644111792455802,0.08140450194415604,0.012564298104070972,1,0,0,0,0,1,0,0,1,0,0,0,0,0,0,0,0,0,0,0,0,0,0,0,0,0,0,0,0,1,0,0,0,0,0,0,0,0,0,1,1,0,0,13.100119813444692,489000
0.1980287417180216,0.09644111792455802,-0.1362042338015191,1.1678668310881546,1,0,0,0,0,0,0,0,0,0,0,0,1,0,0,0,0,0,0,0,0,0,0,0,0,0,0,0,0,0,0,0,1,0,0,0,0,0,0,0,0,0,1,11.502885230075814,99000
0.1980287417180216,0.09644111792455802,-0.1607097220611672,-1.1427382348800126,1,0,0,1,0,0,0,0,0,0,0,0,0,1,0,0,0,0,0,1,0,0,0,0,0,0,0,0,0,0,0,0,0,0,0,0,0,0,0,1,0,0,0,12.07254696717504,175000
-1.383683877512786,0.09644111792455802,-0.0886635865778018,0.012564298104070972,1,1,0,0,0,0,0,0,1,0,0,0,0,0,0,0,0,0,0,0,0,0,0,0,0,1,0,0,0,0,0,0,0,0,0,0,0,0,0,1,1,0,0,12.850005947166268,380790
0.1980287417180216,0.09644111792455802,-0.11169874554187102,0.012564298104070972,0,0,0,0,0,0,0,0,0,0,0,0,1,0,0,0,0,0,0,0,0,0,0,0,0,0,0,0,0,0,0,0,1,0,0,0,0,0,0,1,0,1,0,12.04355959836804,170000
0.1980287417180216,0.09644111792455802,-0.013676792503278605,0.012564298104070972,1,0,0,0,0,0,0,0,0,0,0,0,0,1,0,0,0,0,0,0,0,0,0,0,1,0,0,0,0,0,0,0,0,0,0,0,0,0,0,1,0,0,0,12.59473402514672,295000
0.1980287417180216,0.09644111792455802,0.13335613705461002,1.1678668310881546,0,1,0,0,0,0,0,0,0,0,0,0,0,0,0,0,0,1,0,0,0,0,0,0,0,0,1,0,0,0,0,0,0,0,0,0,0,0,0,1,1,0,0,13.120363378739663,499000
0.1980287417180216,0.09644111792455802,-0.04749436630159299,1.1678668310881546,0,0,0,0,0,1,0,0,0,1,0,0,0,0,0,0,0,0,0,0,0,0,0,0,0,0,0,0,0,1,0,0,0,0,0,0,0,0,0,0,0,0,1,13.321215875492413,610000
0.1980287417180216,0.09644111792455802,0.1750154670960118,1.1678668310881546,0,1,0,0,0,0,0,0,0,0,0,0,0,0,0,0,0,1,0,0,0,0,0,0,0,0,0,0,0,1,0,0,0,0,0,0,0,0,0,1,0,0,1,13.215855541983634,549000
0.1980287417180216,0.09644111792455802,-0.08180204986510033,0.012564298104070972,0,1,0,0,0,0,0,0,0,0,0,0,0,0,0,0,0,1,0,0,0,0,0,0,0,0,0,0,0,1,0,0,0,0,0,0,0,0,0,1,0,0,1,12.560247968016562,285000
0.1980287417180216,0.09644111792455802,-0.025439426867909693,1.1678668310881546,0,0,0,0,0,1,0,0,0,0,0,0,1,0,0,0,0,0,0,0,0,0,0,0,0,0,0,0,0,0,0,0,1,0,0,0,0,0,0,1,0,1,0,13.030250281476574,456000
0.1980287417180216,0.09644111792455802,0.04660670861545573,1.1678668310881546,1,1,0,0,0,0,0,0,0,1,0,0,0,0,0,0,0,0,0,0,0,0,0,0,0,0,0,0,0,1,0,0,0,0,0,0,0,0,0,1,0,0,0,13.161586013632684,520000
0.1980287417180216,0.09644111792455802,0.009358366460790612,-1.1427382348800126,0,1,0,0,0,0,0,0,0,1,0,0,0,0,0,0,0,0,0,0,0,0,0,0,0,0,0,0,0,0,0,0,0,0,0,1,0,0,0,1,0,1,0,12.899222326086994,400000
0.1980287417180216,0.09644111792455802,-0.03818228076292671,-1.1427382348800126,0,0,0,0,0,0,0,0,0,0,0,0,0,0,0,0,0,1,0,0,0,0,0,0,0,0,0,0,0,1,0,0,0,0,0,0,0,0,0,0,0,1,0,12.84529412258351,379000
0.1980287417180216,0.09644111792455802,0.011808915286755423,0.012564298104070972,0,0,0,0,0,0,0,0,0,0,0,0,0,1,0,0,0,0,0,0,0,0,0,0,0,0,0,0,0,1,0,0,0,0,0,0,0,0,0,1,0,1,0,12.793862088206213,360000
-1.383683877512786,0.09644111792455802,-0.07739106197836368,-1.1427382348800126,0,0,0,0,0,0,0,0,1,0,0,0,0,0,0,0,0,0,0,0,0,0,0,0,0,1,0,0,0,0,0,0,0,0,0,0,0,0,0,1,0,0,1,12.847929163278053,380000
0.1980287417180216,0.09644111792455802,0.01131880552156246,-1.1427382348800126,1,0,0,0,0,0,0,0,1,0,0,0,0,0,0,0,0,0,0,0,0,0,0,0,0,1,0,0,0,0,0,0,0,0,0,0,0,0,0,1,1,0,0,12.25486757159303,210000
0.1980287417180216,4.181643528886166,0.5617120718332589,-1.1427382348800126,0,0,0,0,0,0,0,0,1,0,0,0,0,0,0,0,0,0,0,0,0,0,0,0,0,0,0,0,0,1,0,0,0,0,0,0,0,0,0,1,1,0,0,13.161586013632684,520000
-1.383683877512786,0.09644111792455802,-0.08817347681260884,0.012564298104070972,0,0,0,0,0,1,0,0,1,0,0,0,0,0,0,0,0,0,0,0,0,0,0,0,0,1,0,0,0,0,0,0,0,0,0,0,0,0,0,1,1,0,0,13.556857697707793,772090
0.1980287417180216,0.09644111792455802,0.002006719982896181,1.1678668310881546,1,1,0,0,0,0,0,0,0,0,0,0,0,0,0,1,0,0,0,0,0,0,0,0,0,0,0,0,0,1,0,0,0,0,0,0,0,0,0,1,0,0,1,13.151924121391561,515000
0.1980287417180216,0.09644111792455802,0.010828695756369498,0.012564298104070972,1,1,0,0,0,0,0,0,0,0,0,0,0,0,0,1,0,0,0,0,0,0,0,0,0,0,0,1,0,0,0,0,0,0,0,0,0,0,0,1,0,0,1,12.919024904363686,408000
0.1980287417180216,0.09644111792455802,0.09169680701320823,1.1678668310881546,0,1,0,0,0,0,0,0,0,0,0,0,0,1,0,0,0,0,0,0,0,0,0,0,0,0,0,0,0,1,0,0,0,0,0,0,0,0,0,1,0,0,0,13.3374763699232,620000
0.1980287417180216,0.09644111792455802,-0.08719325728222291,0.012564298104070972,1,0,0,0,0,1,0,0,0,1,0,0,0,0,0,0,0,0,0,0,0,0,0,0,0,0,0,0,0,0,0,0,0,0,0,1,0,0,0,1,0,0,1,12.611541086966115,300000
0.1980287417180216,0.09644111792455802,0.010828695756369498,-1.1427382348800126,1,1,0,0,0,0,0,0,0,0,0,0,1,0,0,0,0,0,0,0,0,0,0,0,0,0,0,0,0,1,0,0,0,0,0,0,0,0,0,1,0,1,0,12.847929163278053,380000
0.1980287417180216,0.09644111792455802,-0.1092481967159062,0.012564298104070972,0,1,0,0,0,0,0,0,0,1,0,0,0,0,0,0,0,0,0,0,0,1,0,0,0,0,0,0,0,0,0,0,0,0,0,0,0,0,0,1,0,0,1,12.468436909997665,259999
0.1980287417180216,0.09644111792455802,0.050037476971806466,-1.1427382348800126,0,0,0,0,0,0,0,0,0,0,0,0,0,0,0,0,0,1,0,0,0,1,0,0,0,0,0,0,0,0,0,0,0,0,0,0,0,0,0,1,0,0,1,12.388398368982115,240000
0.1980287417180216,0.09644111792455802,0.03484407425082464,0.012564298104070972,1,1,0,0,0,0,0,0,0,0,0,0,0,0,0,0,0,1,0,0,0,0,0,0,0,0,0,0,0,0,0,0,0,0,0,0,1,0,0,0,1,0,0,12.793862088206213,360000
0.1980287417180216,0.09644111792455802,-0.04651414677120706,0.012564298104070972,1,1,0,0,0,0,0,0,0,0,0,0,0,0,0,0,0,1,0,0,0,0,0,0,0,0,0,0,0,1,0,0,0,0,0,0,0,0,0,1,0,1,0,12.429220196836383,250000
-1.383683877512786,0.09644111792455802,-0.13473390450594022,0.012564298104070972,0,1,0,0,0,0,0,0,0,0,0,0,1,0,0,0,0,0,0,0,0,0,0,0,0,0,0,0,0,1,0,0,0,0,0,0,0,0,0,1,0,0,1,12.765691290604371,350000
-1.383683877512786,-1.946160087556246,-0.22491410130144526,-1.1427382348800126,1,0,0,1,0,0,0,0,0,0,0,0,0,0,0,0,0,1,1,0,0,0,0,0,0,0,0,0,0,0,0,0,0,0,0,0,0,0,0,0,1,0,0,11.863589378812122,142000
0.1980287417180216,0.09644111792455802,0.010828695756369498,1.1678668310881546,0,1,0,0,0,0,0,0,0,0,0,0,1,0,0,0,0,0,0,0,0,0,0,0,0,0,0,0,0,1,0,0,0,0,0,0,0,0,0,1,0,0,1,12.923914877701906,410000
0.1980287417180216,0.09644111792455802,0.010828695756369498,1.1678668310881546,0,1,0,0,0,0,0,0,0,0,0,0,1,0,0,0,0,0,0,0,0,0,0,0,0,0,0,0,0,1,0,0,0,0,0,0,0,0,0,1,0,0,1,12.936036208848487,415000
0.1980287417180216,0.09644111792455802,-0.013676792503278605,0.012564298104070972,1,0,0,0,0,0,0,0,0,0,0,0,0,0,0,0,0,1,0,0,0,0,0,0,0,0,0,0,0,1,0,0,0,0,0,0,0,0,0,1,0,1,0,12.345838935721968,230000
0.1980287417180216,0.09644111792455802,-0.07739106197836368,1.1678668310881546,0,0,0,0,0,0,0,0,0,0,0,0,0,0,0,0,0,1,0,0,0,0,0,0,0,0,0,0,0,0,0,0,0,0,0,0,1,0,0,0,0,1,0,12.54254845357358,280000
-2.9653964967435935,-1.946160087556246,-0.1984481739810253,-1.1427382348800126,0,1,0,0,0,0,0,0,1,0,0,0,0,0,0,0,0,0,0,0,0,0,0,0,0,0,0,0,0,1,0,0,0,0,0,0,0,0,0,1,0,0,0,12.468440756144114,260000
0.1980287417180216,-1.946160087556246,-0.1607097220611672,-1.1427382348800126,1,0,0,0,0,0,0,0,0,0,0,0,0,0,0,0,0,1,0,0,0,0,0,0,0,0,0,0,0,1,0,0,0,0,0,0,0,0,0,0,0,1,0,12.100717685412471,180000
0.1980287417180216,0.09644111792455802,-0.025929536633102657,0.012564298104070972,1,0,0,0,0,1,0,0,0,1,0,0,0,0,0,0,0,0,0,0,0,0,0,0,0,0,0,0,0,0,0,0,0,0,0,1,0,0,0,0,1,0,0,12.807655372286902,365000
0.1980287417180216,0.09644111792455802,-0.05778667137064519,0.012564298104070972,0,0,0,0,0,0,0,0,0,0,0,0,0,1,0,0,0,0,0,0,0,0,0,0,0,0,0,0,0,1,0,0,0,0,0,0,0,0,0,1,0,0,1,12.611541086966115,300000
0.1980287417180216,0.09644111792455802,-0.1607097220611672,-1.1427382348800126,1,0,0,1,0,0,0,0,0,1,0,0,0,0,0,0,0,0,0,0,0,0,0,0,0,0,0,0,0,0,0,0,0,0,0,1,0,0,0,1,0,0,0,12.04355959836804,170000
0.1980287417180216,0.09644111792455802,0.10100889255187452,-1.1427382348800126,0,0,0,0,0,0,0,0,1,0,0,0,0,0,0,0,0,0,0,0,0,0,0,0,0,0,0,0,0,1,0,0,0,0,0,0,0,0,0,1,0,0,0,12.73080413304066,338000
0.1980287417180216,0.09644111792455802,0.10100889255187452,-1.1427382348800126,0,0,0,0,0,0,0,0,1,0,0,0,0,0,0,0,0,0,0,0,0,0,0,0,0,0,0,0,0,1,0,0,0,0,0,0,0,0,0,1,0,0,0,12.706850963741102,330000
-2.9653964967435935,-1.946160087556246,-0.2141316864672001,1.1678668310881546,1,0,0,0,0,1,0,0,1,0,0,0,0,0,0,0,0,0,0,0,0,0,0,0,0,0,0,0,0,1,0,0,0,0,0,0,0,0,0,1,0,0,1,12.810391344620207,366000
0.1980287417180216,0.09644111792455802,0.10100889255187452,-1.1427382348800126,0,0,0,0,0,0,0,0,1,0,0,0,0,0,0,0,0,0,0,0,0,0,0,0,0,0,0,0,0,1,0,0,0,0,0,0,0,0,0,1,0,0,0,12.73080413304066,338000
0.1980287417180216,0.09644111792455802,0.0353341840160176,1.1678668310881546,0,1,0,0,0,0,0,0,0,0,0,0,1,0,0,0,0,0,0,0,0,0,0,0,0,0,0,0,0,0,0,0,1,0,0,0,0,0,0,1,0,0,1,12.884108726347916,394000
0.1980287417180216,2.139042323405362,0.15786162531425812,1.1678668310881546,0,1,0,0,0,0,0,0,1,0,0,0,0,0,0,0,0,0,0,0,0,0,0,0,0,1,0,0,0,0,0,0,0,0,0,0,0,0,0,1,1,0,0,12.896719202134523,399000
-2.9653964967435935,-1.946160087556246,-0.2523602481522511,0.012564298104070972,1,1,0,0,0,0,0,0,1,0,0,0,0,0,0,0,0,0,0,0,0,0,0,0,0,1,0,0,0,0,0,0,0,0,0,0,0,0,0,1,1,0,0,12.250094315624496,209000
0.1980287417180216,0.09644111792455802,-0.011226243677313794,-1.1427382348800126,0,0,0,0,0,0,0,0,0,0,0,0,0,0,0,0,0,1,0,0,0,0,0,0,0,0,0,0,0,1,0,0,0,0,0,0,0,0,0,1,0,1,0,12.570719231334277,288000
0.1980287417180216,0.09644111792455802,-0.013676792503278605,1.1678668310881546,1,0,0,0,0,0,0,0,0,1,0,0,0,0,0,0,0,0,0,0,0,0,0,0,0,0,0,0,0,0,0,0,0,1,0,0,0,0,0,1,0,0,1,13.017005083966255,450000
0.1980287417180216,0.09644111792455802,-0.013676792503278605,1.1678668310881546,1,0,0,0,0,0,0,0,0,1,0,0,0,0,0,0,0,0,0,0,0,0,0,0,0,0,0,0,0,0,0,0,0,1,0,0,0,0,0,1,0,0,1,13.017005083966255,450000
0.1980287417180216,0.09644111792455802,-0.06268776902257481,-1.1427382348800126,0,0,0,0,0,0,0,0,0,0,0,0,0,0,0,0,0,1,0,0,0,0,0,0,0,0,0,0,0,1,0,0,0,0,0,0,0,0,0,1,0,1,0,12.669809806411457,318000
0.1980287417180216,0.09644111792455802,-0.06268776902257481,-1.1427382348800126,0,0,0,0,0,0,0,0,0,0,0,0,0,0,0,0,0,1,0,0,0,0,0,0,0,0,0,0,0,1,0,0,0,0,0,0,0,0,0,1,0,0,0,12.524530013005734,275000
0.1980287417180216,0.09644111792455802,-0.06268776902257481,-1.1427382348800126,0,0,0,0,0,0,0,0,0,0,0,0,0,0,0,0,0,1,0,0,0,0,0,0,0,0,0,0,0,1,0,0,0,0,0,0,0,0,0,1,0,1,0,12.337105293891872,228000
0.1980287417180216,2.139042323405362,0.14658910071481998,2.323169364072238,1,1,0,0,0,0,0,0,0,0,0,0,0,0,0,0,0,1,0,0,0,0,0,0,0,0,0,0,0,0,0,0,0,0,0,0,1,0,0,0,0,0,1,13.399996629152975,660000
0.1980287417180216,0.09644111792455802,0.04268583049391203,-1.1427382348800126,0,0,0,0,0,0,0,0,0,0,0,0,0,0,0,0,0,1,0,0,0,0,0,0,0,0,0,0,0,1,0,0,0,0,0,0,0,0,0,1,0,0,0,12.409017571151187,245000
-1.383683877512786,0.09644111792455802,-0.03524162217176893,1.1678668310881546,0,0,0,0,0,1,0,0,1,0,0,0,0,0,0,0,0,0,0,0,0,0,0,0,0,1,0,0,0,0,0,0,0,0,0,0,0,0,0,1,0,0,1,12.868763195921677,388000
0.1980287417180216,0.09644111792455802,-0.10973830648109917,-1.1427382348800126,1,0,0,0,0,0,0,0,0,0,0,0,1,0,0,0,0,0,0,0,0,0,0,0,0,0,0,0,0,0,0,0,1,0,0,0,0,0,0,0,0,1,0,12.506180941677357,270000
0.1980287417180216,0.09644111792455802,-0.03818228076292671,0.012564298104070972,0,0,0,0,0,0,0,0,0,0,0,0,0,1,0,0,0,0,0,0,0,0,0,0,0,0,0,0,0,1,0,0,0,0,0,0,0,0,0,1,0,1,0,12.706850963741102,330000
0.1980287417180216,0.09644111792455802,-0.03818228076292671,1.1678668310881546,0,0,0,0,0,0,0,0,0,0,0,0,0,0,0,0,0,1,0,0,0,0,0,0,0,0,0,0,0,1,0,0,0,0,0,0,0,0,0,0,0,0,1,12.75130259456002,345000
0.1980287417180216,0.09644111792455802,0.0598396722756657,0.012564298104070972,1,1,0,0,0,0,0,0,0,0,0,0,0,0,0,1,0,0,0,0,0,0,0,0,0,0,0,1,0,0,0,0,0,0,0,0,0,0,0,1,0,0,1,13.019224835777257,451000
0.1980287417180216,0.09644111792455802,0.010828695756369498,0.012564298104070972,0,1,0,0,0,0,0,0,0,0,0,0,0,0,0,1,0,0,0,0,0,0,0,0,0,0,0,1,0,0,0,0,0,0,0,0,0,0,0,1,0,1,0,13.176853456625999,528000
-2.9653964967435935,0.09644111792455802,-0.0460240370060141,1.1678668310881546,1,0,0,0,1,0,0,0,0,0,0,0,0,0,0,1,0,0,0,0,0,0,0,0,0,0,0,1,0,0,0,0,0,0,0,0,0,0,0,1,0,0,1,13.316285717486736,607000
0.1980287417180216,0.09644111792455802,-0.1607097220611672,-1.1427382348800126,0,0,0,0,0,0,0,0,0,0,0,0,0,1,0,0,0,0,0,0,0,0,0,0,0,0,0,0,0,0,0,0,0,0,0,0,0,1,0,1,0,0,0,12.278397958261774,215000
-1.383683877512786,0.09644111792455802,-0.03132074405022524,1.1678668310881546,0,0,0,0,0,1,0,0,0,0,0,0,0,0,0,0,0,1,0,0,0,0,0,0,0,0,0,0,0,0,0,0,0,0,0,0,1,0,0,1,0,0,0,13.429849547739444,680000
1.779741360948829,2.139042323405362,0.18040667451313436,1.1678668310881546,1,1,0,0,0,0,0,0,0,0,0,0,0,0,0,0,0,1,0,0,0,0,0,0,0,0,0,0,0,1,0,0,0,0,0,0,0,0,0,0,0,0,0,13.161586013632684,520000
0.1980287417180216,0.09644111792455802,-0.1362042338015191,0.012564298104070972,0,0,0,0,0,0,0,0,0,0,0,0,0,1,0,0,0,0,0,0,0,0,0,0,1,0,0,0,0,0,0,0,0,0,0,0,0,0,0,1,0,0,0,12.604852121186608,298000
0.1980287417180216,0.09644111792455802,0.20687260183355433,-1.1427382348800126,1,1,0,0,0,0,0,0,0,1,0,0,0,0,0,0,0,0,0,0,0,1,0,0,0,0,0,0,0,0,0,0,0,0,0,0,0,0,0,1,0,0,1,12.886643575525625,395000
0.1980287417180216,0.09644111792455802,0.0353341840160176,1.1678668310881546,1,0,0,0,0,1,0,0,0,1,0,0,0,0,0,0,0,0,0,0,0,1,0,0,0,0,0,0,0,0,0,0,0,0,0,0,0,0,0,1,0,0,1,13.180634172318978,530000
-1.383683877512786,0.09644111792455802,-0.1288525873236247,0.012564298104070972,0,0,0,0,0,1,0,0,0,1,0,0,0,0,0,0,0,0,0,0,0,0,0,0,0,0,0,0,0,1,0,0,0,0,0,0,0,0,0,1,1,0,0,13.081543466215237,480000
0.1980287417180216,0.09644111792455802,0.02553198871215836,1.1678668310881546,0,1,0,0,0,0,0,0,0,0,0,0,1,0,0,0,0,0,0,0,0,0,0,0,0,0,0,0,0,1,0,0,0,0,0,0,0,0,0,1,0,1,0,13.060490101343552,470000
0.1980287417180216,0.09644111792455802,0.198050626060081,1.1678668310881546,1,1,0,0,0,0,0,0,0,1,0,0,0,0,0,0,0,0,0,0,0,0,0,0,0,0,0,0,0,1,0,0,0,0,0,0,0,0,0,1,0,1,0,13.554147092530322,770000
0.1980287417180216,0.09644111792455802,0.15786162531425812,2.323169364072238,0,1,0,0,0,0,0,0,0,0,0,0,0,0,0,0,0,1,0,0,0,0,0,0,0,0,0,0,0,1,0,0,0,0,0,0,0,0,0,1,0,0,1,13.060490101343552,470000
-1.383683877512786,-1.946160087556246,-0.23422618684011154,-1.1427382348800126,1,0,0,0,1,0,0,0,0,0,0,0,0,0,0,0,0,0,0,0,0,0,0,0,0,0,0,0,0,0,0,0,0,0,0,0,0,0,0,1,0,0,0,11.502885230075814,99000
0.1980287417180216,0.09644111792455802,-0.1362042338015191,0.012564298104070972,0,0,0,0,0,0,0,0,0,0,0,0,0,1,0,0,0,0,0,0,0,0,1,0,0,0,0,0,0,0,0,0,0,0,0,0,0,0,0,1,0,1,0,12.700771936142122,328000
0.1980287417180216,-1.946160087556246,-0.18521521032081534,0.012564298104070972,1,0,0,1,0,0,0,0,0,0,0,0,0,0,0,0,0,1,0,0,0,0,0,0,0,0,0,0,0,1,0,0,0,0,0,0,0,0,0,1,1,0,0,11.759793355371237,128000
0.1980287417180216,0.09644111792455802,0.01572979340829912,1.1678668310881546,1,1,0,0,0,0,0,0,0,0,0,0,0,0,0,0,0,1,0,0,0,0,0,0,0,0,0,0,0,1,0,0,0,0,0,0,0,0,0,0,0,0,1,13.017005083966255,450000
0.1980287417180216,0.09644111792455802,-0.1415954412186417,0.012564298104070972,0,0,0,0,0,0,0,0,0,0,0,0,0,0,0,0,0,1,0,0,0,0,0,0,0,0,0,0,0,1,0,0,0,0,0,0,0,0,0,0,0,0,0,12.180759965737863,195000
3.3614539801796366,0.09644111792455802,-0.02445920733752377,1.1678668310881546,0,0,0,0,0,1,0,0,0,1,0,0,0,0,0,0,0,0,0,0,0,0,0,0,0,0,0,0,0,0,0,0,0,0,0,1,0,0,0,1,1,0,0,12.923914877701906,410000
0.1980287417180216,0.09644111792455802,-0.06268776902257481,0.012564298104070972,0,0,0,0,0,0,0,0,0,0,0,0,0,0,0,0,0,1,0,0,0,0,0,0,0,0,0,0,0,1,0,0,0,0,0,0,0,0,0,0,0,0,1,12.54254845357358,280000
0.1980287417180216,0.09644111792455802,-0.06268776902257481,0.012564298104070972,1,0,0,0,0,0,0,0,0,0,0,0,0,0,0,0,0,1,0,0,0,0,0,0,0,0,0,0,0,1,0,0,0,0,0,0,0,0,0,1,0,0,1,12.409017571151187,245000
0.1980287417180216,0.09644111792455802,0.18187700380871324,1.1678668310881546,1,1,0,0,0,0,0,0,0,0,0,0,0,0,0,1,0,0,0,0,0,0,0,0,0,0,0,1,0,0,0,0,0,0,0,0,0,0,0,1,1,0,0,13.214032390746006,548000
0.1980287417180216,0.09644111792455802,-0.03818228076292671,0.012564298104070972,1,1,0,0,0,0,0,0,0,0,0,0,0,0,0,1,0,0,0,0,0,0,0,0,0,0,0,0,0,1,0,0,0,0,0,0,0,0,0,1,0,0,1,12.948012371209098,420000
-1.383683877512786,-1.946160087556246,-0.11022841624629214,0.012564298104070972,0,0,0,0,0,0,0,0,1,0,0,0,0,0,0,0,0,0,0,0,0,0,0,0,0,1,0,0,0,0,0,0,0,0,0,0,0,0,0,1,0,1,0,12.669809806411457,318000
0.1980287417180216,0.09644111792455802,0.010828695756369498,0.012564298104070972,1,0,0,0,0,0,0,0,0,0,0,0,1,0,0,0,0,0,0,0,0,0,0,0,0,0,0,0,0,1,0,0,0,0,0,0,0,0,0,1,0,0,1,12.206077645517674,200000
0.1980287417180216,2.139042323405362,0.09757812419552378,-1.1427382348800126,1,1,0,0,0,0,0,0,0,0,0,0,0,0,0,0,0,1,0,0,0,0,0,0,0,0,0,0,0,0,0,0,0,0,0,0,1,0,0,0,0,1,0,13.017005083966255,450000
0.1980287417180216,0.09644111792455802,0.0010265004525102568,0.012564298104070972,0,1,0,0,0,0,0,0,0,0,0,0,1,0,0,0,0,0,0,0,0,0,0,0,0,0,0,0,0,0,0,0,1,0,0,0,0,0,0,1,0,0,1,12.608202196848836,299000
0.1980287417180216,0.09644111792455802,-0.016127341329243414,1.1678668310881546,0,1,0,0,0,0,0,0,0,0,0,0,1,0,0,0,0,0,0,0,0,0,0,0,0,0,0,0,0,0,0,0,1,0,0,0,0,0,0,1,0,0,1,12.672949516558306,319000
1.779741360948829,2.139042323405362,0.010828695756369498,1.1678668310881546,0,1,0,0,0,0,0,0,0,0,0,0,1,0,0,0,0,0,0,0,0,0,0,0,0,0,0,0,0,0,0,0,1,0,0,0,0,0,0,1,0,0,1,12.676079399771027,320000
0.1980287417180216,0.09644111792455802,-0.08376248892587218,0.012564298104070972,0,0,0,0,0,0,0,0,0,0,0,0,0,1,0,0,0,0,0,0,0,0,0,0,0,0,0,0,0,1,0,0,0,0,0,0,0,0,0,1,0,0,1,12.25486757159303,210000
-1.383683877512786,0.09644111792455802,-0.0783712815087496,0.012564298104070972,1,0,0,0,0,1,0,0,0,0,0,0,0,0,0,0,0,1,0,0,0,0,0,0,0,0,0,0,0,0,0,1,0,0,0,0,0,0,0,1,1,0,0,12.506180941677357,270000
1.779741360948829,2.139042323405362,0.23529896821474613,0.012564298104070972,0,1,0,0,0,0,0,0,0,0,0,0,0,0,0,0,0,1,0,0,0,0,0,0,0,0,0,0,0,1,0,0,0,0,0,0,0,0,0,1,1,0,0,12.460718739865236,258000
0.1980287417180216,0.09644111792455802,-0.05533612254468038,0.012564298104070972,1,0,0,0,0,0,0,0,0,0,0,0,0,0,0,0,0,1,0,0,0,0,0,0,0,0,0,0,0,0,0,0,0,0,1,0,0,0,0,0,1,0,0,12.301387370778713,220000
0.1980287417180216,0.09644111792455802,-0.06268776902257481,0.012564298104070972,0,1,0,0,0,0,0,0,0,0,0,0,0,0,0,0,0,1,1,0,0,0,0,0,0,0,0,0,0,0,0,0,0,0,0,0,0,0,0,0,0,0,1,12.611541086966115,300000
0.1980287417180216,0.09644111792455802,0.0534682453281572,-1.1427382348800126,0,1,0,0,0,0,0,0,0,1,0,0,0,0,0,0,0,0,0,0,0,0,0,0,0,0,0,0,0,1,0,0,0,0,0,0,0,0,0,1,0,0,0,13.122365377402328,500000
0.1980287417180216,0.09644111792455802,-0.028380085459067467,1.1678668310881546,0,0,0,0,0,0,0,0,0,0,0,0,1,0,0,0,0,0,0,0,0,0,0,0,0,0,0,0,0,1,0,0,0,0,0,0,0,0,0,1,0,0,1,12.793862088206213,360000
0.1980287417180216,0.09644111792455802,0.03043308636408798,1.1678668310881546,1,0,0,0,0,1,0,0,0,1,0,0,0,0,0,0,0,0,0,0,0,0,0,0,0,0,0,0,0,0,0,0,0,0,0,1,0,0,0,1,1,0,0,12.971542813248437,430000
1.779741360948829,0.09644111792455802,0.1441385518888552,1.1678668310881546,1,1,0,0,0,0,0,0,0,1,0,0,0,0,0,0,0,0,0,0,0,0,0,0,0,0,0,0,0,0,0,0,0,0,0,1,0,0,0,1,0,0,1,13.081543466215237,480000
0.1980287417180216,0.09644111792455802,0.2122638092506769,1.1678668310881546,1,1,0,0,0,0,0,0,0,0,0,0,0,0,0,0,0,1,0,0,0,0,0,0,0,0,0,0,0,0,0,1,0,0,0,0,0,0,0,0,0,0,1,13.079457964073546,479000
0.1980287417180216,0.09644111792455802,-0.11856028225457249,1.1678668310881546,0,0,0,0,0,0,0,0,0,0,0,0,0,0,0,0,0,1,0,0,0,0,0,0,0,0,0,0,0,0,0,0,0,0,0,0,1,0,0,1,0,0,0,12.429220196836383,250000
0.1980287417180216,0.09644111792455802,-0.05778667137064519,0.012564298104070972,0,0,0,0,0,0,0,0,0,0,0,0,0,0,0,0,0,1,0,0,0,0,0,0,0,0,0,0,0,1,0,0,0,0,0,0,0,0,0,1,0,0,0,12.388398368982115,240000
3.3614539801796366,4.181643528886166,0.7504043314325493,1.1678668310881546,0,1,0,0,0,0,0,0,0,0,0,0,0,1,0,0,0,0,0,0,0,0,0,0,0,0,0,0,0,1,0,0,0,0,0,0,0,0,0,1,1,0,0,13.579789490265188,790000
0.1980287417180216,2.139042323405362,0.07160230664029679,1.1678668310881546,0,0,0,0,0,1,0,0,0,0,0,0,0,0,0,0,0,1,0,0,0,0,0,0,0,0,0,0,0,0,0,0,0,0,0,0,1,0,0,1,0,1,0,13.190023895035274,535000
1.779741360948829,0.09644111792455802,0.1441385518888552,1.1678668310881546,0,1,0,0,0,0,0,0,0,1,0,0,0,0,0,0,0,0,0,0,0,0,0,0,0,0,0,0,0,0,0,0,0,0,0,1,0,0,0,1,0,0,1,12.923914877701906,410000
0.1980287417180216,2.139042323405362,0.13335613705461002,1.1678668310881546,1,0,0,0,0,1,0,0,0,0,0,0,0,0,0,1,0,0,0,0,0,0,0,0,0,0,0,1,0,0,0,0,0,0,0,0,0,0,0,1,1,0,0,13.635188201437066,835000
-1.383683877512786,0.09644111792455802,-0.11169874554187102,1.1678668310881546,0,1,0,0,0,0,0,0,1,0,0,0,0,0,0,0,0,0,0,0,0,0,0,0,0,0,0,0,0,1,0,0,0,0,0,0,0,0,0,1,0,0,1,12.765691290604371,350000
-2.9653964967435935,-1.946160087556246,-0.25873167509975964,0.012564298104070972,0,0,0,0,0,0,1,0,0,0,0,0,1,0,0,0,0,0,0,0,0,0,0,0,0,0,0,0,0,0,0,0,1,0,0,0,0,0,0,1,1,0,0,12.201065128819632,199000
0.1980287417180216,0.09644111792455802,0.12208361245517188,1.1678668310881546,0,1,0,0,0,0,0,0,0,0,0,0,0,0,1,0,0,0,0,0,0,0,0,0,0,0,0,0,0,1,0,0,0,0,0,0,0,0,0,1,1,0,0,13.299602038141144,596957
0.1980287417180216,0.09644111792455802,0.002986939513282105,1.1678668310881546,0,0,0,0,0,0,0,0,0,0,0,0,0,0,0,0,0,1,0,0,0,0,0,0,0,0,1,0,0,0,0,0,0,0,0,0,0,0,0,1,0,0,0,12.779875885354993,355000
-2.9653964967435935,-1.946160087556246,-0.25873167509975964,-1.1427382348800126,1,0,0,0,0,1,0,0,0,1,0,0,0,0,0,0,0,0,0,0,0,0,0,0,0,0,0,0,0,1,0,0,0,0,0,0,0,0,0,1,0,0,1,13.592368256649284,800000
0.1980287417180216,0.09644111792455802,-0.14600642910537837,1.1678668310881546,0,0,0,0,0,0,0,0,0,0,0,0,0,1,0,0,0,0,0,0,0,0,0,0,0,0,0,0,0,1,0,0,0,0,0,0,0,0,0,1,0,0,1,12.660331092405906,315000
-1.383683877512786,-1.946160087556246,-0.23422618684011154,-1.1427382348800126,0,0,0,0,0,0,0,0,0,0,0,0,0,1,0,0,0,0,0,0,0,0,0,0,0,0,0,0,0,1,0,0,0,0,0,0,0,0,0,1,0,1,0,12.013706813470414,165000
0.1980287417180216,0.09644111792455802,0.19609018699930916,-1.1427382348800126,1,1,0,0,0,0,0,0,0,1,0,0,0,0,0,0,0,0,1,0,0,0,0,0,0,0,0,0,0,0,0,0,0,0,0,0,0,0,0,0,0,0,0,12.899222326086994,400000
0.1980287417180216,0.09644111792455802,-0.1210108310805373,-1.1427382348800126,0,0,0,0,0,0,0,0,0,0,0,0,0,0,0,0,0,1,0,0,0,0,0,0,0,0,0,0,0,1,0,0,0,0,0,0,0,0,0,1,0,0,1,12.301387370778713,220000
0.1980287417180216,0.09644111792455802,-0.09405479399492438,0.012564298104070972,1,0,0,0,0,0,0,0,0,0,0,0,0,0,0,0,0,1,0,0,0,0,0,0,0,0,0,0,0,1,0,0,0,0,0,0,0,0,0,0,0,1,0,12.34148164933907,229000
-2.9653964967435935,-1.946160087556246,-0.279806395003057,-1.1427382348800126,0,1,0,0,0,0,0,0,1,0,0,0,0,0,0,0,0,0,0,0,0,0,0,0,0,1,0,0,0,0,0,0,0,0,0,0,0,0,0,1,0,0,1,12.788291058675025,358000
-1.383683877512786,-1.946160087556246,-0.2048196009285338,-1.1427382348800126,1,0,0,1,0,0,0,0,0,1,0,0,0,0,0,0,0,0,0,0,0,0,0,0,0,0,0,0,0,0,0,0,0,0,0,1,0,0,0,1,0,0,0,12.07254696717504,175000
0.1980287417180216,0.09644111792455802,0.01131880552156246,0.012564298104070972,0,1,0,0,0,0,0,0,0,1,0,0,0,0,0,0,0,0,0,0,0,0,0,0,0,0,0,0,0,0,0,0,0,1,0,0,0,0,0,1,0,0,0,13.122365377402328,500000
0.1980287417180216,0.09644111792455802,-0.1362042338015191,0.012564298104070972,0,0,0,0,0,0,0,0,0,0,0,0,0,1,0,0,0,0,0,0,0,0,0,0,1,0,0,0,0,0,0,0,0,0,0,0,0,0,0,1,0,0,0,12.765691290604371,350000
0.1980287417180216,0.09644111792455802,-0.08719325728222291,-1.1427382348800126,0,0,0,0,0,0,0,0,0,0,0,0,0,0,0,0,0,1,0,0,0,0,0,0,0,0,0,0,0,0,0,1,0,0,0,0,0,0,0,0,0,1,0,12.506180941677357,270000
0.1980287417180216,0.09644111792455802,-0.1362042338015191,0.012564298104070972,0,0,0,0,0,0,0,0,0,0,0,0,0,1,0,0,0,0,0,0,0,0,0,0,1,0,0,0,0,0,0,0,0,0,0,0,0,0,0,1,0,0,0,12.923914877701906,410000
-2.9653964967435935,-1.946160087556246,-0.215602015762779,0.012564298104070972,0,0,0,0,0,1,0,0,1,0,0,0,0,0,0,0,0,0,0,0,0,0,0,0,0,0,0,0,0,1,0,0,0,0,0,0,0,0,0,1,1,0,0,12.765691290604371,350000
-1.383683877512786,-1.946160087556246,-0.21952289388432267,4.633774430040405,0,0,0,1,0,0,0,0,1,0,0,0,0,0,0,0,0,0,0,0,0,0,0,0,0,0,0,0,0,1,0,0,0,0,0,0,0,0,0,1,1,0,0,11.58989576532275,108000
0.1980287417180216,0.09644111792455802,0.03239352542485983,1.1678668310881546,1,1,0,0,0,0,0,0,0,1,0,0,0,0,0,0,0,0,0,0,0,0,0,0,0,0,0,0,0,1,0,0,0,0,0,0,0,0,0,1,0,0,1,13.25339339419516,570000
0.1980287417180216,0.09644111792455802,0.06474076992759532,1.1678668310881546,0,1,0,0,0,0,0,0,0,1,0,0,0,0,0,0,0,0,0,0,0,0,0,0,0,0,0,0,0,1,0,0,0,0,0,0,0,0,0,1,0,0,1,13.25339339419516,570000
0.1980287417180216,0.09644111792455802,-0.03818228076292671,1.1678668310881546,0,1,0,0,0,0,0,0,0,0,0,0,0,1,0,0,0,0,0,0,0,0,0,0,0,0,0,0,0,1,0,0,0,0,0,0,0,0,0,1,1,0,0,13.102162710901053,490000
1.779741360948829,2.139042323405362,0.10885064879496191,1.1678668310881546,0,1,0,0,0,0,0,0,0,0,0,0,1,0,0,0,0,0,0,0,0,0,0,0,0,0,0,0,0,0,0,0,1,0,0,0,0,0,0,1,0,0,0,12.577639650232573,290000
0.1980287417180216,0.09644111792455802,0.0598396722756657,-1.1427382348800126,0,0,0,0,0,0,0,0,0,1,0,0,0,0,0,0,0,0,0,0,0,0,0,0,0,0,0,0,0,0,0,0,0,1,0,0,0,0,0,1,0,0,0,12.577639650232573,290000
0.1980287417180216,0.09644111792455802,0.13335613705461002,1.1678668310881546,0,1,0,0,0,0,0,0,0,0,0,0,1,0,0,0,0,0,0,0,0,0,0,0,0,0,0,0,0,0,0,0,1,0,0,0,0,0,0,1,0,0,1,12.861001210669146,385000
0.1980287417180216,0.09644111792455802,-0.03622184170215486,1.1678668310881546,0,0,0,0,0,1,0,0,0,0,0,0,0,0,0,0,0,1,0,0,0,0,0,0,0,0,0,0,0,1,0,0,0,0,0,0,0,0,0,1,1,0,0,12.77138929548529,352000
-2.9653964967435935,-1.946160087556246,-0.11169874554187102,0.012564298104070972,0,0,0,0,0,1,0,0,0,0,0,0,0,1,0,0,0,0,0,0,0,0,0,0,0,0,0,0,0,1,0,0,0,0,0,0,0,0,0,1,0,0,0,13.444448325847754,690000
0.1980287417180216,0.09644111792455802,0.010828695756369498,1.1678668310881546,0,1,0,0,0,0,0,0,0,0,0,0,0,0,1,0,0,0,0,0,0,0,0,0,0,0,0,0,0,1,0,0,0,0,0,0,0,0,0,1,0,0,1,12.896719202134523,399000
0.1980287417180216,0.09644111792455802,-0.1362042338015191,-1.1427382348800126,0,0,0,1,0,0,0,0,0,0,0,0,1,0,0,0,0,0,0,0,0,0,0,0,0,0,0,0,0,0,0,0,1,0,0,0,0,0,0,0,1,0,0,11.51293546492023,100000
-1.383683877512786,-1.946160087556246,-0.21119102787604233,-1.1427382348800126,1,0,0,1,0,0,0,0,0,1,0,0,0,0,0,0,0,0,0,0,0,0,0,0,0,0,0,0,0,1,0,0,0,0,0,0,0,0,0,0,0,0,0,12.180759965737863,195000
1.779741360948829,2.139042323405362,0.17648579639159068,1.1678668310881546,0,1,0,0,0,0,0,0,0,0,0,0,0,1,0,0,0,0,0,0,0,0,0,0,1,0,0,0,0,0,0,0,0,0,0,0,0,0,0,1,0,0,1,13.641158361294979,840000
0.1980287417180216,0.09644111792455802,0.11816273433362819,1.1678668310881546,0,1,0,0,0,0,0,0,0,0,0,0,0,1,0,0,0,0,0,0,0,0,0,0,0,0,0,0,0,1,0,0,0,0,0,0,0,0,0,1,1,0,0,13.592368256649284,800000
0.1980287417180216,0.09644111792455802,0.07454296523145457,-1.1427382348800126,0,0,0,0,0,0,0,0,1,0,0,0,0,0,0,0,0,0,0,0,0,0,0,0,0,1,0,0,0,0,0,0,0,0,0,0,0,0,0,1,1,0,0,12.460718739865236,258000
-2.9653964967435935,-1.946160087556246,-0.3234261641052306,0.012564298104070972,0,0,0,0,0,1,0,0,0,0,0,0,1,0,0,0,0,0,0,0,0,0,0,0,0,0,0,0,0,1,0,0,0,0,0,0,0,0,0,1,0,1,0,13.577254637874743,788000
0.1980287417180216,0.09644111792455802,-0.05778667137064519,0.012564298104070972,0,0,0,0,0,0,0,0,0,0,0,0,0,1,0,0,0,0,0,0,0,0,0,0,0,0,0,0,0,1,0,0,0,0,0,0,0,0,0,1,0,0,1,12.604852121186608,298000
0.1980287417180216,0.09644111792455802,-0.07347018385681997,0.012564298104070972,0,0,0,0,0,0,0,0,0,0,0,0,0,1,0,0,0,0,0,0,0,0,0,0,0,0,0,0,0,1,0,0,0,0,0,0,0,0,0,1,0,0,1,12.206077645517674,200000
0.1980287417180216,-1.946160087556246,-0.15776906347000946,-1.1427382348800126,0,0,0,1,0,0,0,0,0,0,0,0,0,1,0,0,0,0,0,0,0,0,0,0,0,0,0,0,0,1,0,0,0,0,0,0,0,0,0,0,0,1,0,12.301387370778713,220000
-1.383683877512786,-1.946160087556246,-0.23422618684011154,-1.1427382348800126,1,0,0,1,0,0,0,0,0,0,0,0,0,1,0,0,0,0,0,0,0,0,0,1,0,0,0,0,0,0,0,0,0,0,0,0,0,0,0,1,0,0,1,11.561725152903833,105000
0.1980287417180216,0.09644111792455802,-0.06268776902257481,0.012564298104070972,0,1,0,0,0,0,0,0,0,0,0,0,0,0,0,0,0,1,1,0,0,0,0,0,0,0,0,0,0,0,0,0,0,0,0,0,0,0,0,0,0,0,0,12.524530013005734,275000
0.1980287417180216,0.09644111792455802,0.010828695756369498,0.012564298104070972,0,1,0,0,0,0,0,0,0,0,0,0,0,1,0,0,0,0,0,0,0,0,1,0,0,0,0,0,0,0,0,0,0,0,0,0,0,0,0,1,0,0,1,12.834683971615659,375000
0.1980287417180216,0.09644111792455802,-0.11169874554187102,0.012564298104070972,0,0,0,0,0,0,0,0,0,0,0,0,0,1,0,0,0,0,0,0,1,0,0,0,0,0,0,0,0,0,0,0,0,0,0,0,0,0,0,1,0,1,0,12.793862088206213,360000
0.1980287417180216,0.09644111792455802,-0.03622184170215486,0.012564298104070972,0,1,0,0,0,0,0,0,0,0,0,0,0,0,0,0,0,1,0,0,0,0,0,0,0,0,0,0,0,0,0,1,0,0,0,0,0,0,0,1,0,0,0,12.691583538230217,325000
0.1980287417180216,0.09644111792455802,0.08875614842205047,-1.1427382348800126,0,0,0,0,0,0,0,0,0,0,0,0,0,1,0,0,0,0,0,0,0,0,0,0,0,0,0,0,0,1,0,0,0,0,0,0,0,0,0,1,0,0,1,12.765691290604371,350000
0.1980287417180216,0.09644111792455802,-0.07984161080432849,0.012564298104070972,1,0,0,0,0,0,0,0,0,0,0,0,0,0,0,0,0,1,0,0,0,0,0,0,0,0,0,0,0,0,0,0,0,0,1,0,0,0,0,1,0,0,1,12.354496960983985,232000
-1.383683877512786,-1.946160087556246,-0.2048196009285338,0.012564298104070972,0,1,0,0,0,0,0,0,0,0,0,0,0,0,0,0,0,1,0,0,0,0,0,0,0,0,0,0,0,1,0,0,0,0,0,0,0,0,0,1,0,0,1,12.318869939673899,223880
0.1980287417180216,0.09644111792455802,0.03190341565966687,1.1678668310881546,0,1,0,0,0,0,0,0,0,0,0,0,1,0,0,0,0,0,0,0,0,0,0,0,0,0,0,0,0,0,0,0,1,0,0,0,0,0,0,1,0,1,0,12.899222326086994,400000
0.1980287417180216,0.09644111792455802,0.011808915286755423,1.1678668310881546,1,1,0,0,0,0,0,0,0,0,0,0,0,0,0,0,0,1,0,0,0,0,0,0,0,0,0,0,0,1,0,0,0,0,0,0,0,0,0,1,0,1,0,12.759960632315702,348000
0.1980287417180216,0.09644111792455802,-0.02396909757233081,1.1678668310881546,0,0,0,0,0,0,0,0,0,0,0,1,0,0,0,0,0,0,0,0,0,0,0,0,0,0,0,0,0,1,0,0,0,0,0,0,0,0,0,0,0,0,1,12.660331092405906,315000
0.1980287417180216,0.09644111792455802,-0.1362042338015191,0.012564298104070972,0,0,0,0,0,0,0,0,0,0,0,0,0,1,0,0,0,0,0,0,0,0,0,0,1,0,0,0,0,0,0,0,0,0,0,0,0,0,0,1,0,0,0,12.847929163278053,380000
0.1980287417180216,0.09644111792455802,-0.1607097220611672,-1.1427382348800126,1,0,0,1,0,0,0,0,0,0,0,0,0,0,0,0,0,1,0,0,0,0,0,0,0,0,0,0,0,1,0,0,0,0,0,0,0,0,0,0,1,0,0,11.982935344196433,160000
-1.383683877512786,0.09644111792455802,-0.0318108538154182,1.1678668310881546,0,1,0,0,0,0,0,0,0,1,0,0,0,0,0,0,0,0,0,0,0,0,0,0,0,0,0,0,0,1,0,0,0,0,0,0,0,0,0,1,0,0,0,13.353476685668044,630000
0.1980287417180216,0.09644111792455802,-0.052395463953522604,-1.1427382348800126,0,0,0,0,0,0,0,0,0,0,0,0,1,0,0,0,0,0,0,0,0,0,0,0,0,0,0,0,0,0,0,0,1,0,0,0,0,0,0,1,0,1,0,12.154784614286667,190000
3.3614539801796366,4.181643528886166,0.6445406221508695,1.1678668310881546,0,1,0,0,0,0,0,0,0,0,0,0,0,0,0,0,0,1,0,0,0,0,0,0,0,0,0,0,0,0,0,1,0,0,0,0,0,0,0,1,1,0,0,13.214032390746006,548000
0.1980287417180216,0.09644111792455802,-0.06268776902257481,-1.1427382348800126,0,0,0,1,0,0,0,0,1,0,0,0,0,0,0,0,0,0,0,0,0,0,0,0,0,0,0,0,0,1,0,0,0,0,0,0,0,0,0,1,1,0,0,12.19602736016897,198000
0.1980287417180216,0.09644111792455802,-0.004364706964612326,1.1678668310881546,0,0,0,0,0,0,0,0,0,0,0,0,0,0,0,0,0,1,0,0,0,1,0,0,0,0,0,0,0,0,0,0,0,0,0,0,0,0,0,1,0,0,1,13.132315688453556,505000
-1.383683877512786,0.09644111792455802,-0.1362042338015191,0.012564298104070972,0,0,0,0,0,1,0,0,0,0,0,0,0,1,0,0,0,0,0,0,0,0,1,0,0,0,0,0,0,0,0,0,0,0,0,0,0,0,0,1,1,0,0,13.122365377402328,500000
0.1980287417180216,0.09644111792455802,-0.14845697793134316,-1.1427382348800126,1,0,0,1,0,0,0,0,0,0,0,0,0,0,0,0,0,1,1,0,0,0,0,0,0,0,0,0,0,0,0,0,0,0,0,0,0,0,0,1,0,0,1,12.292254928916668,218000
0.1980287417180216,0.09644111792455802,0.050037476971806466,1.1678668310881546,0,1,0,0,0,0,0,0,0,0,0,0,1,0,0,0,0,0,0,0,0,0,0,0,0,0,0,0,0,0,0,0,1,0,0,0,0,0,0,1,0,0,1,12.873904582205107,390000
-1.383683877512786,0.09644111792455802,-0.05043502489275076,-1.1427382348800126,1,0,0,0,0,0,0,0,0,0,0,0,0,0,0,0,1,0,0,0,0,0,0,0,0,0,0,0,1,0,0,0,0,0,0,0,0,0,0,1,0,0,1,12.966880811009803,428000
0.1980287417180216,0.09644111792455802,-0.14698664863576427,-1.1427382348800126,0,0,0,1,0,0,0,0,0,0,0,1,0,0,0,0,0,0,0,0,0,0,0,0,0,0,0,0,0,1,0,0,0,0,0,0,0,0,0,0,0,0,1,11.277215789596893,79000
0.1980287417180216,0.09644111792455802,-0.0783712815087496,0.012564298104070972,0,0,0,0,0,0,0,0,0,0,0,0,0,0,0,0,0,1,0,0,0,0,0,0,0,0,0,0,0,1,0,0,0,0,0,0,0,0,0,1,1,0,0,12.100717685412471,180000
-1.383683877512786,0.09644111792455802,-0.1430657705142206,0.012564298104070972,1,0,0,0,0,0,0,0,0,0,0,0,0,0,0,1,0,0,0,0,0,0,0,0,0,0,0,1,0,0,0,0,0,0,0,0,0,0,0,1,0,0,1,12.498745990829315,268000
-1.383683877512786,0.09644111792455802,-0.03818228076292671,0.012564298104070972,1,1,0,0,0,0,0,0,0,0,0,0,1,0,0,0,0,0,0,0,0,0,0,0,0,0,0,0,0,1,0,0,0,0,0,0,0,0,0,1,0,1,0,12.669809806411457,318000
-1.383683877512786,0.09644111792455802,-0.013676792503278605,0.012564298104070972,1,1,0,0,0,0,0,0,0,0,0,0,0,0,0,1,0,0,0,0,0,0,0,0,0,0,0,1,0,0,0,0,0,0,0,0,0,0,0,1,0,0,1,13.235693848424024,560000
0.1980287417180216,0.09644111792455802,0.02798253753812317,2.323169364072238,0,0,0,0,0,1,0,0,0,1,0,0,0,0,0,0,0,0,0,0,0,0,0,0,0,0,0,0,0,1,0,0,0,0,0,0,0,0,0,1,1,0,0,13.45883704259595,700000
0.1980287417180216,0.09644111792455802,-0.1607097220611672,0.012564298104070972,1,0,0,0,0,0,0,0,0,0,0,0,0,0,0,0,0,1,0,0,0,0,0,0,0,0,0,0,0,1,0,0,0,0,0,0,0,0,0,1,0,0,1,11.759793355371237,128000
0.1980287417180216,0.09644111792455802,-0.1288525873236247,-1.1427382348800126,0,0,0,0,0,0,0,0,0,0,0,0,0,0,0,0,0,1,0,0,0,0,0,0,0,0,0,0,0,0,0,0,0,0,0,0,1,0,0,1,0,1,0,12.59473402514672,295000
0.1980287417180216,0.09644111792455802,0.03729462307678945,-1.1427382348800126,0,0,0,0,0,0,0,0,0,0,0,0,0,0,1,0,0,0,0,0,0,0,0,0,0,0,0,0,0,1,0,0,0,0,0,0,0,0,0,0,0,0,1,12.807655372286902,365000
1.779741360948829,2.139042323405362,0.2083429311291332,-1.1427382348800126,1,1,0,0,0,0,0,0,0,0,0,0,0,0,0,1,0,0,0,0,0,0,0,0,0,0,0,1,0,0,0,0,0,0,0,0,0,0,0,1,1,0,0,13.629182184591333,830000
0.1980287417180216,0.09644111792455802,-0.023478987807137846,1.1678668310881546,0,0,0,0,0,0,0,0,0,0,0,1,0,0,0,0,0,0,0,0,0,0,0,0,0,0,0,0,0,1,0,0,0,0,0,0,0,0,0,1,0,0,1,12.524530013005734,275000
0.1980287417180216,0.09644111792455802,0.2803890666124986,0.012564298104070972,1,1,0,0,0,0,0,0,0,0,0,0,0,0,0,0,1,0,0,0,0,0,0,0,0,0,0,0,1,0,0,0,0,0,0,0,0,0,0,1,0,0,1,13.304686600863562,600000
-1.383683877512786,0.09644111792455802,-0.08719325728222291,-1.1427382348800126,0,0,0,0,0,0,0,0,0,0,0,0,0,0,0,0,0,1,0,0,0,0,0,0,0,0,0,0,0,0,0,0,0,0,0,0,1,0,0,1,0,0,1,13.038983942375959,460000
0.1980287417180216,0.09644111792455802,0.05885945274527978,-1.1427382348800126,1,0,0,0,0,0,0,0,0,0,0,0,0,0,0,0,0,1,0,0,0,0,0,0,0,0,0,0,0,0,0,0,0,0,1,0,0,0,0,1,1,0,0,11.502885230075814,99000
0.1980287417180216,0.09644111792455802,-0.16463060018271092,-1.1427382348800126,1,0,0,1,0,0,0,0,0,0,0,1,0,0,0,0,0,0,0,0,0,0,0,0,0,0,0,0,0,1,0,0,0,0,0,0,0,0,0,1,0,0,0,11.461642696843066,95000
-1.383683877512786,-1.946160087556246,-0.1778635638429209,-1.1427382348800126,0,0,0,0,0,0,0,0,0,0,0,0,0,0,0,1,0,0,0,0,0,0,0,0,0,0,0,0,0,1,0,0,0,0,0,0,0,0,0,1,0,1,0,12.506180941677357,270000
-2.9653964967435935,-1.946160087556246,-0.23422618684011154,0.012564298104070972,0,1,0,0,0,0,0,0,0,0,0,0,1,0,0,0,0,0,0,0,0,0,0,0,0,0,0,0,0,1,0,0,0,0,0,0,0,0,0,1,1,0,0,13.017005083966255,450000
1.779741360948829,0.09644111792455802,0.1436484421236622,1.1678668310881546,0,1,0,0,0,0,0,0,0,0,0,0,0,1,0,0,0,0,0,0,0,0,0,0,0,0,0,0,0,0,0,0,0,0,0,0,0,1,0,1,0,0,1,13.399996629152975,660000
0.1980287417180216,0.09644111792455802,0.01572979340829912,0.012564298104070972,0,0,0,0,0,1,0,0,0,1,0,0,0,0,0,0,0,0,0,0,0,0,0,0,0,0,0,0,0,1,0,0,0,0,0,0,0,0,0,0,0,0,1,13.099890748824972,488888
-1.383683877512786,0.09644111792455802,-0.20972069858046344,-1.1427382348800126,0,0,0,0,0,0,0,0,0,0,0,1,0,0,0,0,0,0,0,0,0,0,0,0,0,0,0,0,0,1,0,0,0,0,0,0,0,0,0,0,0,1,0,11.49273296168228,98000
-1.383683877512786,2.139042323405362,0.10885064879496191,-1.1427382348800126,0,1,0,0,0,0,0,0,0,0,0,0,0,0,0,0,0,1,0,0,0,0,0,0,0,0,0,0,0,1,0,0,0,0,0,0,0,0,0,1,0,0,1,13.232116033476537,558000
0.1980287417180216,-1.946160087556246,-0.1479668681661502,-1.1427382348800126,0,0,0,1,0,0,0,0,0,0,0,0,0,0,0,0,0,1,0,0,0,0,0,0,0,0,1,0,0,0,0,0,0,0,0,0,0,0,0,1,1,0,0,11.918397239722838,150000
0.1980287417180216,0.09644111792455802,-0.013676792503278605,1.1678668310881546,0,0,0,0,0,0,0,0,0,0,0,0,0,0,1,0,0,0,0,0,0,0,0,0,0,0,0,0,0,1,0,0,0,0,0,0,0,0,0,1,1,0,0,13.038983942375959,460000
0.1980287417180216,0.09644111792455802,-0.1362042338015191,-1.1427382348800126,0,0,0,1,0,0,0,0,0,0,0,0,0,1,0,0,0,0,0,0,0,0,0,0,0,0,0,0,0,1,0,0,0,0,0,0,0,0,0,1,0,1,0,12.429220196836383,250000
-1.383683877512786,0.09644111792455802,-0.1607097220611672,-1.1427382348800126,1,0,0,0,0,0,0,0,0,0,0,0,0,1,0,0,0,0,0,1,0,0,0,0,0,0,0,0,0,0,0,0,0,0,0,0,0,0,0,0,1,0,0,11.951186847493476,155000
0.1980287417180216,0.09644111792455802,-0.18521521032081534,-1.1427382348800126,1,0,0,1,0,0,0,0,0,0,0,0,0,0,0,1,0,0,0,0,0,0,0,0,0,0,0,0,0,1,0,0,0,0,0,0,0,0,0,1,0,0,1,12.07254696717504,175000
0.1980287417180216,0.09644111792455802,0.011808915286755423,1.1678668310881546,0,0,0,0,0,1,0,0,0,1,0,0,0,0,0,0,0,0,0,0,0,0,0,0,0,0,0,0,0,0,0,1,0,0,0,0,0,0,0,1,0,0,1,13.217675375388819,550000
0.1980287417180216,0.09644111792455802,-0.11169874554187102,0.012564298104070972,1,0,0,0,0,0,0,0,0,0,0,0,1,0,0,0,0,0,0,0,0,0,0,0,0,0,0,0,0,0,0,0,1,0,0,0,0,0,0,1,0,0,1,12.506180941677357,270000
-1.383683877512786,0.09644111792455802,-0.1288525873236247,-1.1427382348800126,1,0,0,0,0,1,0,0,0,0,1,0,0,0,0,0,0,0,0,0,0,0,0,0,0,0,0,0,0,1,0,0,0,0,0,0,0,0,0,1,1,0,0,12.807655372286902,365000
0.1980287417180216,0.09644111792455802,-0.08719325728222291,-1.1427382348800126,1,0,0,1,0,0,0,0,0,0,0,0,0,0,0,0,0,1,0,0,0,0,0,0,0,0,0,0,0,1,0,0,0,0,0,0,0,0,0,1,0,1,0,12.409017571151187,245000
0.1980287417180216,0.09644111792455802,-0.11169874554187102,0.012564298104070972,0,0,0,0,0,0,0,0,0,0,0,0,0,0,0,0,0,1,0,0,0,0,0,0,0,0,0,0,0,1,0,0,0,0,0,0,0,0,0,1,1,0,0,12.19602736016897,198000
0.1980287417180216,0.09644111792455802,0.08483527030050676,1.1678668310881546,0,1,0,0,0,0,0,0,0,0,0,0,0,0,0,0,0,1,0,0,0,0,0,0,0,0,0,0,0,1,0,0,0,0,0,0,0,0,0,1,0,0,1,12.959846800844963,425000
-1.383683877512786,-1.946160087556246,-0.25628112627379485,-1.1427382348800126,1,0,0,0,0,0,0,0,0,0,0,0,0,0,0,1,0,0,0,0,0,0,0,0,0,0,0,1,0,0,0,0,0,0,0,0,0,0,0,0,0,0,1,11.849404844423074,140000
0.1980287417180216,0.09644111792455802,0.469571435976982,2.323169364072238,1,0,0,0,0,0,0,0,0,0,0,0,0,0,0,0,0,1,0,0,0,0,0,0,0,0,0,0,0,1,0,0,0,0,0,0,0,0,0,1,0,0,0,13.060490101343552,470000
-1.383683877512786,0.09644111792455802,0.01572979340829912,1.1678668310881546,0,0,0,0,0,1,0,0,1,0,0,0,0,0,0,0,0,0,0,0,0,0,0,0,0,1,0,0,0,0,0,0,0,0,0,0,0,0,0,1,1,0,0,12.889172015485954,396000
-1.383683877512786,-1.946160087556246,-0.1778635638429209,-1.1427382348800126,0,0,0,0,0,0,0,0,0,0,0,0,0,0,0,1,0,0,0,0,0,0,0,0,0,0,0,0,0,1,0,0,0,0,0,0,0,0,0,1,0,1,0,12.506180941677357,270000
-2.9653964967435935,-1.946160087556246,-0.23422618684011154,0.012564298104070972,0,1,0,0,0,0,0,0,0,0,0,0,1,0,0,0,0,0,0,0,0,0,0,0,0,0,0,0,0,1,0,0,0,0,0,0,0,0,0,1,1,0,0,13.017005083966255,450000
1.779741360948829,0.09644111792455802,0.1436484421236622,1.1678668310881546,0,1,0,0,0,0,0,0,0,0,0,0,0,1,0,0,0,0,0,0,0,0,0,0,0,0,0,0,0,0,0,0,0,0,0,0,0,1,0,1,0,0,1,13.399996629152975,660000
0.1980287417180216,0.09644111792455802,0.01572979340829912,0.012564298104070972,0,0,0,0,0,1,0,0,0,1,0,0,0,0,0,0,0,0,0,0,0,0,0,0,0,0,0,0,0,1,0,0,0,0,0,0,0,0,0,0,0,0,1,13.099890748824972,488888
-1.383683877512786,0.09644111792455802,-0.20972069858046344,-1.1427382348800126,0,0,0,0,0,0,0,0,0,0,0,1,0,0,0,0,0,0,0,0,0,0,0,0,0,0,0,0,0,1,0,0,0,0,0,0,0,0,0,0,0,1,0,11.49273296168228,98000
-1.383683877512786,2.139042323405362,0.10885064879496191,-1.1427382348800126,0,1,0,0,0,0,0,0,0,0,0,0,0,0,0,0,0,1,0,0,0,0,0,0,0,0,0,0,0,1,0,0,0,0,0,0,0,0,0,1,0,0,1,13.232116033476537,558000
0.1980287417180216,-1.946160087556246,-0.1479668681661502,-1.1427382348800126,0,0,0,1,0,0,0,0,0,0,0,0,0,0,0,0,0,1,0,0,0,0,0,0,0,0,1,0,0,0,0,0,0,0,0,0,0,0,0,1,1,0,0,11.918397239722838,150000
0.1980287417180216,0.09644111792455802,-0.013676792503278605,1.1678668310881546,0,0,0,0,0,0,0,0,0,0,0,0,0,0,1,0,0,0,0,0,0,0,0,0,0,0,0,0,0,1,0,0,0,0,0,0,0,0,0,1,1,0,0,13.038983942375959,460000
0.1980287417180216,0.09644111792455802,-0.1362042338015191,-1.1427382348800126,0,0,0,1,0,0,0,0,0,0,0,0,0,1,0,0,0,0,0,0,0,0,0,0,0,0,0,0,0,1,0,0,0,0,0,0,0,0,0,1,0,1,0,12.429220196836383,250000
-1.383683877512786,0.09644111792455802,-0.1607097220611672,-1.1427382348800126,1,0,0,0,0,0,0,0,0,0,0,0,0,1,0,0,0,0,0,1,0,0,0,0,0,0,0,0,0,0,0,0,0,0,0,0,0,0,0,0,1,0,0,11.951186847493476,155000
0.1980287417180216,0.09644111792455802,-0.18521521032081534,-1.1427382348800126,1,0,0,1,0,0,0,0,0,0,0,0,0,0,0,1,0,0,0,0,0,0,0,0,0,0,0,0,0,1,0,0,0,0,0,0,0,0,0,1,0,0,1,12.07254696717504,175000
0.1980287417180216,0.09644111792455802,0.011808915286755423,1.1678668310881546,0,0,0,0,0,1,0,0,0,1,0,0,0,0,0,0,0,0,0,0,0,0,0,0,0,0,0,0,0,0,0,1,0,0,0,0,0,0,0,1,0,0,1,13.217675375388819,550000
0.1980287417180216,0.09644111792455802,-0.11169874554187102,0.012564298104070972,1,0,0,0,0,0,0,0,0,0,0,0,1,0,0,0,0,0,0,0,0,0,0,0,0,0,0,0,0,0,0,0,1,0,0,0,0,0,0,1,0,0,1,12.506180941677357,270000
-1.383683877512786,0.09644111792455802,-0.1288525873236247,-1.1427382348800126,1,0,0,0,0,1,0,0,0,0,1,0,0,0,0,0,0,0,0,0,0,0,0,0,0,0,0,0,0,1,0,0,0,0,0,0,0,0,0,1,1,0,0,12.807655372286902,365000
0.1980287417180216,0.09644111792455802,-0.08719325728222291,-1.1427382348800126,1,0,0,1,0,0,0,0,0,0,0,0,0,0,0,0,0,1,0,0,0,0,0,0,0,0,0,0,0,1,0,0,0,0,0,0,0,0,0,1,0,1,0,12.409017571151187,245000
0.1980287417180216,0.09644111792455802,-0.11169874554187102,0.012564298104070972,0,0,0,0,0,0,0,0,0,0,0,0,0,0,0,0,0,1,0,0,0,0,0,0,0,0,0,0,0,1,0,0,0,0,0,0,0,0,0,1,1,0,0,12.19602736016897,198000
0.1980287417180216,0.09644111792455802,0.08483527030050676,1.1678668310881546,0,1,0,0,0,0,0,0,0,0,0,0,0,0,0,0,0,1,0,0,0,0,0,0,0,0,0,0,0,1,0,0,0,0,0,0,0,0,0,1,0,0,1,12.959846800844963,425000
-1.383683877512786,-1.946160087556246,-0.25628112627379485,-1.1427382348800126,1,0,0,0,0,0,0,0,0,0,0,0,0,0,0,1,0,0,0,0,0,0,0,0,0,0,0,1,0,0,0,0,0,0,0,0,0,0,0,0,0,0,1,11.849404844423074,140000
0.1980287417180216,0.09644111792455802,0.469571435976982,2.323169364072238,1,0,0,0,0,0,0,0,0,0,0,0,0,0,0,0,0,1,0,0,0,0,0,0,0,0,0,0,0,1,0,0,0,0,0,0,0,0,0,1,0,0,0,13.060490101343552,470000
-1.383683877512786,0.09644111792455802,0.01572979340829912,1.1678668310881546,0,0,0,0,0,1,0,0,1,0,0,0,0,0,0,0,0,0,0,0,0,0,0,0,0,1,0,0,0,0,0,0,0,0,0,0,0,0,0,1,1,0,0,12.889172015485954,396000
1.779741360948829,0.09644111792455802,-0.06268776902257481,0.012564298104070972,0,1,0,0,0,0,0,0,0,0,0,0,0,0,0,0,0,1,1,0,0,0,0,0,0,0,0,0,0,0,0,0,0,0,0,0,0,0,0,0,0,0,0,12.468440756144114,260000
0.1980287417180216,0.09644111792455802,-0.10973830648109917,0.012564298104070972,1,0,0,0,0,1,0,0,0,0,0,0,0,0,0,0,0,1,1,0,0,0,0,0,0,0,0,0,0,0,0,0,0,0,0,0,0,0,0,0,1,0,0,12.345838935721968,230000
0.1980287417180216,0.09644111792455802,-0.08719325728222291,0.012564298104070972,1,0,0,0,0,0,0,0,0,0,0,0,0,0,0,0,0,1,0,0,0,0,0,0,0,0,0,0,0,0,1,0,0,0,0,0,0,0,0,1,1,0,0,12.468440756144114,260000
0.1980287417180216,0.09644111792455802,-0.05778667137064519,0.012564298104070972,0,0,0,0,0,0,0,0,0,1,0,0,0,0,0,0,0,0,0,0,0,1,0,0,0,0,0,0,0,0,0,0,0,0,0,0,0,0,0,1,0,1,0,12.660331092405906,315000
0.1980287417180216,0.09644111792455802,-0.11169874554187102,-1.1427382348800126,0,0,0,1,0,0,0,0,1,0,0,0,0,0,0,0,0,0,0,0,0,0,0,0,0,0,0,0,0,1,0,0,0,0,0,0,0,0,0,1,0,0,1,12.128116509451258,185000
0.1980287417180216,0.09644111792455802,0.10885064879496191,1.1678668310881546,0,1,0,0,0,0,0,0,0,0,0,0,0,0,1,0,0,0,0,0,0,0,0,0,0,0,0,0,0,1,0,0,0,0,0,0,0,0,0,1,0,0,0,13.304686600863562,600000
0.1980287417180216,0.09644111792455802,0.10885064879496191,-1.1427382348800126,0,0,0,0,0,1,0,0,0,1,0,0,0,0,0,0,0,0,0,0,0,1,0,0,0,0,0,0,0,0,0,0,0,0,0,0,0,0,0,1,0,0,1,13.399996629152975,660000
0.1980287417180216,0.09644111792455802,-0.1558086244092376,-1.1427382348800126,0,0,0,0,0,0,0,0,0,0,0,1,0,0,0,0,0,0,0,0,0,0,0,0,0,0,0,0,0,1,0,0,0,0,0,0,0,0,0,0,0,0,1,11.695255355062795,120000
0.1980287417180216,0.09644111792455802,0.0353341840160176,1.1678668310881546,0,1,0,0,0,0,0,0,0,0,0,0,1,0,0,0,0,0,0,0,0,0,0,0,0,0,0,0,0,0,0,0,1,0,0,0,0,0,0,1,0,0,1,12.873904582205107,390000
0.1980287417180216,0.09644111792455802,-0.1607097220611672,0.012564298104070972,0,0,0,0,0,0,0,0,0,0,0,0,0,1,0,0,0,0,0,0,0,0,0,0,0,0,0,0,0,1,0,0,0,0,0,0,0,0,0,1,1,0,0,12.560247968016562,285000
0.1980287417180216,0.09644111792455802,0.0598396722756657,1.1678668310881546,0,1,0,0,0,0,0,0,0,0,0,0,1,0,0,0,0,0,0,0,0,0,0,0,0,0,0,0,0,0,0,0,1,0,0,0,0,0,0,1,0,0,1,12.886643575525625,395000
0.1980287417180216,0.09644111792455802,-0.013676792503278605,1.1678668310881546,0,1,0,0,0,0,0,0,0,0,0,0,0,0,1,0,0,0,0,0,0,0,0,0,0,0,0,0,0,1,0,0,0,0,0,0,0,0,0,0,0,0,0,12.948012371209098,420000
0.1980287417180216,0.09644111792455802,0.050037476971806466,1.1678668310881546,1,0,0,0,0,1,0,0,0,0,0,0,0,0,0,0,0,1,0,0,0,0,0,0,0,0,0,0,0,0,0,0,0,0,0,0,1,0,0,1,0,0,0,13.274227444925158,582000
-1.383683877512786,0.09644111792455802,-0.11659984319380064,0.012564298104070972,0,0,0,0,0,1,0,0,1,0,0,0,0,0,0,0,0,0,0,0,0,0,0,0,0,0,0,0,0,1,0,0,0,0,0,0,0,0,0,1,0,0,1,12.779875885354993,355000
0.1980287417180216,0.09644111792455802,0.04170561096352611,-1.1427382348800126,0,0,0,0,0,0,0,0,0,0,0,0,0,0,0,0,0,1,0,0,0,0,0,0,0,0,1,0,0,0,0,0,0,0,0,0,0,0,0,1,0,0,1,12.301387370778713,220000
0.1980287417180216,0.09644111792455802,-0.1362042338015191,0.012564298104070972,0,0,0,0,0,0,0,0,0,0,0,0,0,1,0,0,0,0,0,1,0,0,0,0,0,0,0,0,0,0,0,0,0,0,0,0,0,0,0,1,0,0,1,12.421188057397055,248000
0.1980287417180216,0.09644111792455802,-0.08719325728222291,0.012564298104070972,1,0,0,0,0,0,0,0,0,0,0,0,0,1,0,0,0,0,0,0,0,0,0,0,1,0,0,0,0,0,0,0,0,0,0,0,0,0,0,1,1,0,0,12.700771936142122,328000
0.1980287417180216,2.139042323405362,0.25245280999649977,1.1678668310881546,0,1,0,0,0,0,0,0,0,1,0,0,0,0,0,0,0,0,0,0,0,0,0,0,0,0,0,0,0,1,0,0,0,0,0,0,0,0,0,1,0,0,0,13.429849547739444,680000
-2.9653964967435935,-1.946160087556246,-0.25873167509975964,0.012564298104070972,0,1,0,0,0,0,0,0,0,0,0,0,0,0,0,0,0,1,0,0,0,0,0,0,0,0,0,0,0,1,0,0,0,0,0,0,0,0,0,0,0,0,1,12.201065128819632,199000
0.1980287417180216,0.09644111792455802,-0.018577890155208224,1.1678668310881546,0,1,0,0,0,0,0,0,0,1,0,0,0,0,0,0,0,0,0,0,0,0,0,0,0,0,0,0,0,1,0,0,0,0,0,0,0,0,0,1,0,0,1,12.847929163278053,380000
0.1980287417180216,0.09644111792455802,-0.06268776902257481,0.012564298104070972,1,0,0,0,0,0,0,0,0,0,0,0,0,0,0,1,0,0,0,0,0,0,0,0,0,0,0,0,0,1,0,0,0,0,0,0,0,0,0,1,1,0,0,12.487488878546145,265000
0.1980287417180216,0.09644111792455802,0.050037476971806466,1.1678668310881546,1,1,0,0,0,0,0,0,0,0,0,0,0,0,0,0,0,1,0,0,0,0,0,0,0,0,0,0,0,0,0,0,0,0,0,0,1,0,0,0,0,0,0,13.038983942375959,460000
-1.383683877512786,0.09644111792455802,0.01572979340829912,1.1678668310881546,0,0,0,0,0,1,0,0,1,0,0,0,0,0,0,0,0,0,0,0,0,0,0,0,0,1,0,0,0,0,0,0,0,0,0,0,0,0,0,1,1,0,0,12.889172015485954,396000
0.1980287417180216,0.09644111792455802,-0.05288557371871557,-1.1427382348800126,1,0,0,0,0,1,0,0,0,0,0,0,0,0,0,1,0,0,0,0,0,0,0,0,0,0,0,1,0,0,0,0,0,0,0,0,0,0,0,1,0,0,1,12.948012371209098,420000
0.1980287417180216,0.09644111792455802,0.01131880552156246,0.012564298104070972,1,1,0,0,0,0,0,0,0,0,0,0,0,0,0,0,0,0,0,0,0,0,0,0,0,0,0,0,0,0,0,0,0,0,0,0,0,0,0,0,0,0,1,12.899222326086994,400000
0.1980287417180216,0.09644111792455802,-0.1362042338015191,-1.1427382348800126,0,0,0,0,0,0,0,0,0,0,0,0,0,1,0,0,0,0,0,0,0,0,0,0,1,0,0,0,0,0,0,0,0,0,0,0,0,0,0,1,1,0,0,12.793862088206213,360000
0.1980287417180216,0.09644111792455802,0.09316713630878712,-1.1427382348800126,0,0,0,0,0,1,0,0,1,0,0,0,0,0,0,0,0,0,0,0,0,0,0,0,0,1,0,0,0,0,0,0,0,0,0,0,0,0,0,1,0,0,1,13.060490101343552,470000
-2.9653964967435935,-1.946160087556246,-0.22785475989260304,0.012564298104070972,0,0,0,0,0,1,0,0,1,0,0,0,0,0,0,0,0,0,0,0,0,0,0,0,0,1,0,0,0,0,0,0,0,0,0,0,0,0,0,1,1,0,0,12.54254845357358,280000
-2.9653964967435935,-1.946160087556246,-0.24206794308319893,-1.1427382348800126,0,0,0,0,0,0,1,0,1,0,0,0,0,0,0,0,0,0,0,0,0,0,0,0,0,1,0,0,0,0,0,0,0,0,0,0,0,0,0,1,0,0,1,12.388398368982115,240000
-1.383683877512786,-1.946160087556246,-0.2371668454312693,-1.1427382348800126,0,0,0,0,0,0,0,0,1,0,0,0,0,0,0,0,0,0,0,0,0,0,0,0,0,0,0,0,0,1,0,0,0,0,0,0,0,0,0,1,0,1,0,11.970356641102999,158000
1.779741360948829,2.139042323405362,0.10885064879496191,1.1678668310881546,0,1,0,0,0,0,0,0,0,0,0,0,0,0,1,0,0,0,0,0,0,0,0,0,0,0,0,0,0,1,0,0,0,0,0,0,0,0,0,1,0,0,0,13.122365377402328,500000
1.779741360948829,0.09644111792455802,-0.05582623230987334,0.012564298104070972,1,0,0,0,0,0,0,0,0,0,0,0,0,0,0,0,0,1,0,0,0,0,0,0,0,0,0,0,0,0,0,0,0,0,1,0,0,0,0,0,0,0,1,12.25486757159303,210000
0.1980287417180216,0.09644111792455802,-0.013676792503278605,1.1678668310881546,0,1,0,0,0,0,0,0,0,0,0,0,0,0,1,0,0,0,0,0,0,0,0,0,0,0,0,0,0,1,0,0,0,0,0,0,0,0,0,0,0,0,0,12.923914877701906,410000
0.1980287417180216,0.09644111792455802,-0.03132074405022524,0.012564298104070972,1,1,0,0,0,0,0,0,0,0,0,0,0,0,0,1,0,0,0,0,0,0,0,0,0,0,0,1,0,0,0,0,0,0,0,0,0,0,0,0,0,1,0,13.054086677976365,467000
0.1980287417180216,0.09644111792455802,0.05885945274527978,-1.1427382348800126,0,0,0,0,0,1,0,0,1,0,0,0,0,0,0,0,0,0,0,0,0,0,0,0,0,1,0,0,0,0,0,0,0,0,0,0,0,0,0,1,0,0,1,12.81584093453868,368000
-1.383683877512786,2.139042323405362,-0.013676792503278605,1.1678668310881546,0,1,0,0,0,0,0,0,0,0,0,0,0,0,1,0,0,0,0,0,0,0,0,0,0,0,0,0,0,1,0,0,0,0,0,0,0,0,0,1,0,0,0,12.923914877701906,410000
0.1980287417180216,0.09644111792455802,-0.1607097220611672,0.012564298104070972,1,0,0,0,0,0,0,0,0,0,0,0,0,0,0,0,0,1,1,0,0,0,0,0,0,0,0,0,0,0,0,0,0,0,0,0,0,0,0,1,0,1,0,11.982935344196433,160000
0.1980287417180216,0.09644111792455802,-0.05778667137064519,-1.1427382348800126,1,0,0,0,0,0,0,0,0,0,0,0,0,0,0,0,0,1,0,0,0,0,0,0,0,0,0,0,0,1,0,0,0,0,0,0,0,0,0,0,0,0,1,12.54254845357358,280000
0.1980287417180216,0.09644111792455802,0.08336494100492789,0.012564298104070972,0,0,0,0,0,0,0,0,0,0,0,0,0,0,0,0,0,1,0,0,0,0,0,0,0,0,1,0,0,0,0,0,0,0,0,0,0,0,0,1,0,1,0,12.676079399771027,320000
-1.383683877512786,0.09644111792455802,-0.26853387040361887,-1.1427382348800126,0,0,0,0,0,1,0,0,0,1,0,0,0,0,0,0,0,0,1,0,0,0,0,0,0,0,0,0,0,0,0,0,0,0,0,0,0,0,0,1,0,0,1,12.821260987319457,370000
0.1980287417180216,0.09644111792455802,0.058369342980086815,-1.1427382348800126,1,0,0,0,0,0,0,0,0,0,0,0,0,0,0,0,1,0,0,0,0,0,0,0,0,0,0,0,0,1,0,0,0,0,0,0,0,0,0,1,0,1,0,12.676079399771027,320000
0.1980287417180216,0.09644111792455802,0.04464626955468388,0.012564298104070972,1,1,0,0,0,0,0,0,0,0,0,0,0,1,0,0,0,0,0,0,0,0,1,0,0,0,0,0,0,0,0,0,0,0,0,0,0,0,0,1,0,0,0,13.235693848424024,560000
0.1980287417180216,0.09644111792455802,0.0676814285187531,0.012564298104070972,1,1,0,0,0,0,0,0,0,0,0,0,0,1,0,0,0,0,0,0,0,0,1,0,0,0,0,0,0,0,0,0,0,0,0,0,0,0,0,1,0,0,0,13.217675375388819,550000
0.1980287417180216,0.09644111792455802,0.03631440354640352,0.012564298104070972,1,1,0,0,0,0,0,0,0,0,0,0,0,1,0,0,0,0,0,0,0,0,1,0,0,0,0,0,0,0,0,0,0,0,0,0,0,0,0,1,0,0,0,13.235693848424024,560000
1.779741360948829,0.09644111792455802,0.18187700380871324,0.012564298104070972,1,1,0,0,0,0,0,0,0,0,0,0,0,0,0,1,0,0,0,0,0,0,0,0,0,0,0,1,0,0,0,0,0,0,0,0,0,0,0,1,0,1,0,13.304686600863562,600000
0.1980287417180216,0.09644111792455802,-0.06268776902257481,0.012564298104070972,1,0,0,0,0,0,0,0,0,0,0,0,0,0,0,1,0,0,0,0,0,0,0,0,0,0,0,0,0,1,0,0,0,0,0,0,0,0,0,1,0,1,0,12.449022745701502,255000
0.1980287417180216,0.09644111792455802,0.0598396722756657,1.1678668310881546,0,0,0,0,0,0,0,0,0,0,0,0,0,1,0,0,0,0,0,0,0,0,0,0,1,0,0,0,0,0,0,0,0,0,0,0,0,0,0,1,0,0,0,13.1421679654829,510000
0.1980287417180216,0.09644111792455802,0.010828695756369498,0.012564298104070972,0,0,0,0,0,0,0,0,1,0,0,0,0,0,0,0,0,0,0,0,0,0,0,0,0,1,0,0,0,0,0,0,0,0,0,0,0,0,0,1,0,0,1,12.570719231334277,288000
0.1980287417180216,0.09644111792455802,-0.12150094084573025,0.012564298104070972,1,0,0,0,0,0,0,0,0,0,0,0,0,1,0,0,0,0,0,1,0,0,0,0,0,0,0,0,0,0,0,0,0,0,0,0,0,0,0,1,0,0,0,12.487488878546145,265000
0.1980287417180216,0.09644111792455802,-0.1362042338015191,0.012564298104070972,0,0,0,0,0,0,0,0,0,0,0,0,0,1,0,0,0,0,0,1,0,0,0,0,0,0,0,0,0,0,0,0,0,0,0,0,0,0,0,1,0,0,0,12.506180941677357,270000
0.1980287417180216,0.09644111792455802,-0.1362042338015191,-1.1427382348800126,0,0,0,0,0,0,0,0,0,0,0,0,0,1,0,0,0,0,0,1,0,0,0,0,0,0,0,0,0,0,0,0,0,0,0,0,0,0,0,1,0,0,0,12.54254845357358,280000
0.1980287417180216,-1.946160087556246,-0.1607097220611672,-1.1427382348800126,1,0,0,1,0,0,0,0,0,0,0,0,0,0,0,0,0,1,0,0,0,0,0,0,0,0,0,0,0,0,0,0,0,0,0,0,1,0,0,0,1,0,0,12.154784614286667,190000
-1.383683877512786,0.09644111792455802,-0.06023722019661,0.012564298104070972,0,0,0,0,0,1,0,0,0,0,0,0,0,0,0,0,0,1,0,0,0,0,0,0,0,0,0,0,0,1,0,0,0,0,0,0,0,0,0,1,0,0,1,13.180634172318978,530000
1.779741360948829,2.139042323405362,0.15786162531425812,1.1678668310881546,0,1,0,0,0,0,0,0,0,0,0,0,0,0,0,0,0,1,0,0,0,0,0,0,0,0,0,0,0,1,0,0,0,0,0,0,0,0,0,1,0,0,1,12.608202196848836,299000
1.779741360948829,2.139042323405362,0.15786162531425812,1.1678668310881546,0,1,0,0,0,0,0,0,0,0,0,0,0,0,0,0,0,1,0,0,0,0,0,0,0,0,0,0,0,1,0,0,0,0,0,0,0,0,0,1,0,0,1,12.608202196848836,299000
0.1980287417180216,0.09644111792455802,0.0598396722756657,0.012564298104070972,0,1,0,0,0,0,0,0,0,1,0,0,0,0,0,0,0,0,0,0,0,0,0,0,0,0,0,0,0,1,0,0,0,0,0,0,0,0,0,1,0,1,0,12.834683971615659,375000
0.1980287417180216,0.09644111792455802,0.15786162531425812,-1.1427382348800126,0,1,0,0,0,0,0,0,0,1,0,0,0,0,0,0,0,0,0,0,0,0,0,0,0,0,0,0,0,1,0,0,0,0,0,0,0,0,0,1,1,0,0,13.470200785104238,708000
0.1980287417180216,0.09644111792455802,0.1064000999689971,-1.1427382348800126,0,1,0,0,0,0,0,0,0,1,0,0,0,0,0,0,0,0,0,0,0,1,0,0,0,0,0,0,0,0,0,0,0,0,0,0,0,0,0,1,1,0,0,13.151924121391561,515000
0.1980287417180216,0.09644111792455802,-0.1092481967159062,-1.1427382348800126,0,1,0,0,0,0,0,0,0,1,0,0,0,0,0,0,0,0,0,0,0,1,0,0,0,0,0,0,0,0,0,0,0,0,0,0,0,0,0,1,0,0,1,12.429220196836383,250000
0.1980287417180216,0.09644111792455802,-0.1362042338015191,-1.1427382348800126,0,0,0,0,0,0,0,0,0,0,0,0,0,0,0,0,0,1,0,0,0,0,0,0,0,0,0,0,0,0,0,1,0,0,0,0,0,0,0,0,0,0,1,12.301387370778713,220000
0.1980287417180216,0.09644111792455802,-0.06268776902257481,1.1678668310881546,0,0,0,0,0,1,0,0,0,0,0,0,0,0,1,0,0,0,0,0,0,0,0,0,0,0,0,0,0,1,0,0,0,0,0,0,0,0,0,1,0,0,0,13.034626646500051,458000
0.1980287417180216,0.09644111792455802,0.0598396722756657,1.1678668310881546,0,1,0,0,0,0,0,0,0,0,0,0,1,0,0,0,0,0,0,0,0,0,0,0,0,0,0,0,0,0,0,0,1,0,0,0,0,0,0,1,0,0,1,12.879019669789754,392000
0.1980287417180216,0.09644111792455802,-0.1067976478899414,0.012564298104070972,1,0,0,0,0,0,0,0,0,0,0,0,0,0,0,0,0,1,0,0,0,0,0,0,0,0,0,0,0,1,0,0,0,0,0,0,0,0,0,0,1,0,0,11.918397239722838,150000
0.1980287417180216,0.09644111792455802,0.013279244582334308,-1.1427382348800126,1,1,0,0,0,0,0,0,0,1,0,0,0,0,0,0,0,0,0,0,0,0,0,0,0,0,0,0,0,0,0,0,0,1,0,0,0,0,0,0,0,0,1,12.793862088206213,360000
0.1980287417180216,0.09644111792455802,-0.10581742835955547,0.012564298104070972,0,0,0,0,0,0,0,0,0,0,0,0,0,0,0,0,0,1,0,0,0,0,0,0,0,0,0,0,0,1,0,0,0,0,0,0,0,0,0,1,0,0,1,12.25486757159303,210000
0.1980287417180216,0.09644111792455802,0.10885064879496191,1.1678668310881546,0,1,0,0,0,0,0,0,0,0,0,0,1,0,0,0,0,0,0,0,0,0,0,0,0,0,0,0,0,1,0,0,0,0,0,0,0,0,0,1,0,0,1,13.353476685668044,630000
0.1980287417180216,0.09644111792455802,0.15786162531425812,0.012564298104070972,0,1,0,0,0,0,0,0,0,1,0,0,0,0,0,0,0,0,0,0,0,0,0,0,0,0,0,0,0,1,0,0,0,0,0,0,0,0,0,1,0,0,1,13.470200785104238,708000
-1.383683877512786,-1.946160087556246,-0.1945272958594816,-1.1427382348800126,1,0,0,1,0,0,0,0,1,0,0,0,0,0,0,0,0,0,0,0,0,0,0,0,0,0,0,0,0,1,0,0,0,0,0,0,0,0,0,0,0,1,0,11.918397239722838,150000
0.1980287417180216,-1.946160087556246,-0.16267016112193908,-1.1427382348800126,1,0,0,0,0,0,0,0,0,1,0,0,0,0,0,0,0,0,0,0,0,0,0,0,0,0,0,0,0,1,0,0,0,0,0,0,0,0,0,0,0,0,1,12.25486757159303,210000
0.1980287417180216,0.09644111792455802,0.002006719982896181,1.1678668310881546,1,1,0,0,0,0,0,0,0,0,0,0,0,0,0,1,0,0,0,0,0,0,0,0,0,0,0,0,0,1,0,0,0,0,0,0,0,0,0,1,1,0,0,13.217675375388819,550000
-2.9653964967435935,-1.946160087556246,-0.22589432083183117,-1.1427382348800126,1,0,0,0,0,1,0,0,0,0,0,0,0,0,0,1,0,0,0,0,0,0,0,0,0,0,0,1,0,0,0,0,0,0,0,0,0,0,0,1,0,0,1,13.301347705172173,598000
-1.383683877512786,0.09644111792455802,-0.1362042338015191,-1.1427382348800126,1,0,0,0,0,0,0,0,1,0,0,0,0,0,0,0,0,0,0,0,0,0,0,0,0,0,0,0,0,1,0,0,0,0,0,0,0,0,0,0,1,0,0,11.849404844423074,140000
-1.383683877512786,-1.946160087556246,-0.22442399153625228,-1.1427382348800126,1,0,0,1,0,0,0,0,1,0,0,0,0,0,0,0,0,0,0,0,0,0,0,0,0,1,0,0,0,0,0,0,0,0,0,0,0,0,0,0,0,0,1,12.07254696717504,175000
0.1980287417180216,0.09644111792455802,0.019160561764649853,1.1678668310881546,0,0,0,0,0,1,0,0,0,0,0,0,0,0,0,0,0,1,0,0,0,0,0,0,0,0,0,0,0,1,0,0,0,0,0,0,0,0,0,1,0,0,1,12.807655372286902,365000
0.1980287417180216,0.09644111792455802,0.03239352542485983,-1.1427382348800126,1,0,0,0,0,0,0,0,1,0,0,0,0,0,0,0,0,0,0,0,0,0,0,0,0,1,0,0,0,0,0,0,0,0,0,0,0,0,0,0,0,1,0,12.793862088206213,360000
1.779741360948829,4.181643528886166,0.18922865028660768,1.1678668310881546,0,1,0,0,0,0,0,0,0,1,0,0,0,0,0,0,0,0,0,0,0,0,0,0,0,0,0,0,0,1,0,0,0,0,0,0,0,0,0,1,1,0,0,13.437175577097312,685000
0.1980287417180216,0.09644111792455802,-0.04651414677120706,0.012564298104070972,1,0,0,0,0,0,0,0,0,0,0,0,0,0,1,0,0,0,0,0,0,0,0,0,0,0,0,0,0,1,0,0,0,0,0,0,0,0,0,0,1,0,0,12.644330802262578,310000
-1.383683877512786,-1.946160087556246,-0.20972069858046344,-1.1427382348800126,1,0,0,1,0,0,0,0,0,0,0,0,0,1,0,0,0,0,0,0,0,0,0,1,0,0,0,0,0,0,0,0,0,0,0,0,0,0,0,1,0,0,0,12.25486757159303,210000
0.1980287417180216,0.09644111792455802,0.010828695756369498,1.1678668310881546,0,1,0,0,0,0,0,0,0,0,0,0,1,0,0,0,0,0,0,0,0,0,0,0,0,0,0,0,0,0,0,0,1,0,0,0,0,0,0,1,0,0,1,12.873904582205107,390000
-1.383683877512786,-1.946160087556246,-0.11169874554187102,0.012564298104070972,0,0,0,0,0,0,0,0,0,1,0,0,0,0,0,0,0,0,0,0,0,0,0,0,0,0,0,0,0,1,0,0,0,0,0,0,0,0,0,1,0,0,1,12.53897064502647,279000
0.1980287417180216,-1.946160087556246,-0.15727895370481648,-1.1427382348800126,0,0,0,0,0,0,0,0,0,0,0,0,0,0,0,0,0,1,0,0,0,0,0,0,0,0,0,0,0,0,0,0,0,0,0,0,1,0,0,0,1,0,0,12.323860125621126,225000
0.1980287417180216,0.09644111792455802,-0.057296561605452226,-1.1427382348800126,1,0,0,0,0,0,0,0,1,0,0,0,0,0,0,0,0,0,0,0,0,0,0,0,0,1,0,0,0,0,0,0,0,0,0,0,0,0,0,0,0,0,1,12.345838935721968,230000
-1.383683877512786,-1.946160087556246,-0.020538329215980075,0.012564298104070972,1,0,0,0,0,0,0,0,0,0,0,0,0,1,0,0,0,0,0,0,0,0,0,0,0,0,0,0,0,1,0,0,0,0,0,0,0,0,0,1,1,0,0,12.604852121186608,298000
0.1980287417180216,0.09644111792455802,0.0598396722756657,0.012564298104070972,1,1,0,0,0,0,0,0,0,0,0,0,0,0,0,0,0,1,0,0,0,0,0,0,0,0,0,0,0,1,0,0,0,0,0,0,0,0,0,1,1,0,0,13.049794835104816,465000
0.1980287417180216,0.09644111792455802,-0.08719325728222291,0.012564298104070972,0,0,0,1,0,0,0,0,0,0,0,0,0,0,0,0,0,1,0,0,0,0,0,0,0,0,0,0,0,1,0,0,0,0,0,0,0,0,0,1,1,0,0,11.350418300109132,85000
0.1980287417180216,0.09644111792455802,0.0353341840160176,2.323169364072238,0,1,0,0,0,0,0,0,0,0,0,0,0,1,0,0,0,0,0,0,0,0,1,0,0,0,0,0,0,0,0,0,0,0,0,0,0,0,0,1,0,0,1,13.384729180332174,650000
0.1980287417180216,0.09644111792455802,0.25196270023130685,1.1678668310881546,0,1,0,0,0,0,0,0,0,0,0,0,0,1,0,0,0,0,0,0,0,0,0,0,0,0,0,0,0,1,0,0,0,0,0,0,0,0,0,1,0,0,1,13.47302165746721,710000
-1.383683877512786,0.09644111792455802,-0.03818228076292671,0.012564298104070972,1,1,0,0,0,0,0,0,0,0,0,0,0,0,0,0,0,0,0,0,0,0,0,0,0,0,0,0,0,0,0,0,0,0,0,0,0,0,0,1,0,0,1,12.73080413304066,338000
0.1980287417180216,0.09644111792455802,0.2666659931870957,0.012564298104070972,1,1,0,0,0,0,0,0,0,0,0,0,0,0,0,1,0,0,0,0,0,0,0,0,0,0,0,1,0,0,0,0,0,0,0,0,0,0,0,1,0,1,0,13.45883704259595,700000
0.1980287417180216,0.09644111792455802,0.010828695756369498,0.012564298104070972,1,1,0,0,0,0,0,0,0,0,0,0,0,0,0,1,0,0,0,0,0,0,0,0,0,0,0,1,0,0,0,0,0,0,0,0,0,0,0,1,0,0,1,13.012550743537489,448000
0.1980287417180216,0.09644111792455802,0.010828695756369498,0.012564298104070972,0,0,0,0,0,0,0,0,0,0,0,0,0,1,0,0,0,0,0,0,0,0,0,1,0,0,0,0,0,0,0,0,0,0,0,0,0,0,0,1,0,0,1,12.971542813248437,430000
0.1980287417180216,0.09644111792455802,-0.1362042338015191,0.012564298104070972,0,0,0,0,0,0,0,0,0,0,0,0,0,1,0,0,0,0,0,0,0,0,0,0,0,0,0,0,0,1,0,0,0,0,0,0,0,0,0,1,1,0,0,12.669809806411457,318000
0.1980287417180216,0.09644111792455802,-0.11169874554187102,0.012564298104070972,0,0,0,0,0,0,0,0,0,0,0,0,0,1,0,0,0,0,0,0,0,0,0,0,0,0,0,0,0,1,0,0,0,0,0,0,0,0,0,1,0,0,0,12.54254845357358,280000
0.1980287417180216,0.09644111792455802,-0.15874928300039537,0.012564298104070972,0,0,0,0,0,0,0,0,0,0,0,0,0,1,0,0,0,0,0,0,0,0,0,0,0,0,0,0,0,1,0,0,0,0,0,0,0,0,0,1,0,0,0,12.560247968016562,285000
0.1980287417180216,0.09644111792455802,-0.011226243677313794,-1.1427382348800126,0,0,0,0,0,0,0,0,0,0,0,0,0,0,0,0,0,1,0,0,0,0,0,0,0,0,0,0,0,1,0,0,0,0,0,0,0,0,0,1,0,1,0,12.644330802262578,310000
-2.9653964967435935,0.09644111792455802,-0.1974679544506394,0.012564298104070972,0,0,0,0,0,1,0,0,0,0,0,0,0,0,0,0,0,1,0,0,0,0,0,0,0,0,0,0,0,1,0,0,0,0,0,0,0,0,0,1,0,0,1,12.323860125621126,225000
1.779741360948829,0.09644111792455802,0.16423305226176663,2.323169364072238,1,1,0,0,0,0,0,0,0,1,0,0,0,0,0,0,0,0,0,0,0,0,0,0,0,0,0,0,0,0,0,0,0,0,0,1,0,0,0,1,1,0,0,13.102162710901053,490000
0.1980287417180216,0.09644111792455802,-0.16316027088713203,-1.1427382348800126,0,0,0,1,0,0,0,0,0,0,0,0,0,1,0,0,0,0,0,0,0,0,0,0,0,0,0,0,0,1,0,0,0,0,0,0,0,0,0,1,0,0,1,11.561725152903833,105000
-1.383683877512786,-1.946160087556246,-0.24206794308319893,-1.1427382348800126,0,0,0,0,0,0,0,0,0,0,0,0,0,0,0,0,0,1,0,0,0,0,0,0,0,0,1,0,0,0,0,0,0,0,0,0,0,0,0,0,0,1,0,11.461642696843066,95000
0.1980287417180216,0.09644111792455802,-0.004364706964612326,1.1678668310881546,0,1,0,0,0,0,0,0,0,0,0,0,0,0,1,0,0,0,0,0,0,0,0,0,0,0,0,0,0,1,0,0,0,0,0,0,0,0,0,0,1,0,0,13.038983942375959,460000
0.1980287417180216,0.09644111792455802,-0.03818228076292671,-1.1427382348800126,0,1,0,0,0,0,0,0,0,0,0,0,0,0,0,0,0,1,0,0,0,0,0,0,0,0,0,0,0,1,0,0,0,0,0,0,0,0,1,0,0,0,1,13.118357364036902,498000
0.1980287417180216,0.09644111792455802,0.0598396722756657,-1.1427382348800126,1,0,0,0,0,0,0,0,1,0,0,0,0,0,0,0,0,0,0,0,0,0,0,0,0,0,0,0,0,1,0,0,0,0,0,0,0,0,0,1,0,0,1,12.59473402514672,295000
-1.383683877512786,0.09644111792455802,0.14217811282808332,0.012564298104070972,1,1,0,0,0,0,0,0,0,0,0,0,0,0,0,1,0,0,0,0,0,0,0,0,0,0,0,1,0,0,0,0,0,0,0,0,0,0,0,1,0,1,0,13.301347705172173,598000
1.779741360948829,0.09644111792455802,0.18971876005180066,0.012564298104070972,1,1,0,0,0,0,0,0,0,0,0,0,0,0,0,1,0,0,0,0,0,0,0,0,0,0,0,1,0,0,0,0,0,0,0,0,0,0,0,1,0,0,1,13.081543466215237,480000
0.1980287417180216,0.09644111792455802,0.6494417198027991,0.012564298104070972,0,0,0,0,0,0,0,1,1,0,0,0,0,0,0,0,0,0,0,0,0,0,0,0,0,1,0,0,0,0,0,0,0,0,0,0,0,0,0,1,0,1,0,13.017005083966255,450000
-1.383683877512786,0.09644111792455802,0.0353341840160176,1.1678668310881546,0,0,0,0,0,1,0,0,0,0,0,0,0,0,0,0,0,1,0,0,0,0,0,0,0,0,0,0,0,0,0,0,0,0,0,0,1,0,0,1,0,1,0,13.180634172318978,530000
-1.383683877512786,0.09644111792455802,-0.07298007409162702,1.1678668310881546,0,1,0,0,0,0,0,0,0,0,0,0,0,0,1,0,0,0,0,0,0,0,0,0,0,0,0,0,0,1,0,0,0,0,0,0,0,0,0,1,0,0,1,12.896719202134523,399000
-2.9653964967435935,-1.946160087556246,-0.25873167509975964,0.012564298104070972,0,0,0,0,0,1,0,0,0,0,0,0,0,0,0,0,0,1,0,0,0,0,0,0,0,0,0,0,0,1,0,0,0,0,0,0,0,0,0,1,0,0,1,12.154784614286667,190000
0.1980287417180216,0.09644111792455802,0.08140450194415604,0.012564298104070972,1,0,0,0,0,1,0,0,1,0,0,0,0,0,0,0,0,0,0,0,0,0,0,0,0,0,0,0,0,1,0,0,0,0,0,0,0,0,0,1,1,0,0,13.100119813444692,489000
-1.383683877512786,-1.946160087556246,-0.16267016112193908,0.012564298104070972,1,0,0,0,0,0,0,0,0,0,0,0,0,0,0,0,1,0,0,0,0,0,0,0,0,0,0,0,1,0,0,0,0,0,0,0,0,0,0,1,0,0,0,11.775297421715827,130000
0.1980287417180216,0.09644111792455802,0.06866164804913902,1.1678668310881546,0,1,0,0,0,0,0,0,0,0,0,0,0,0,0,0,0,1,0,0,0,0,0,0,0,0,1,0,0,0,0,0,0,0,0,0,0,0,0,1,0,1,0,12.919024904363686,408000
0.1980287417180216,0.09644111792455802,0.2598044564743942,0.012564298104070972,1,1,0,0,0,0,0,0,0,0,0,0,0,0,0,1,0,0,0,0,0,0,0,0,0,0,0,0,0,1,0,0,0,0,0,0,0,0,0,1,0,1,0,13.176853456625999,528000
-1.383683877512786,0.09644111792455802,-0.06268776902257481,-1.1427382348800126,0,0,0,0,0,1,0,0,0,0,0,0,0,0,0,0,0,1,0,0,0,0,0,0,0,0,0,0,0,1,0,0,0,0,0,0,0,0,0,1,0,0,1,13.304686600863562,600000
-1.383683877512786,-1.946160087556246,-0.11169874554187102,-1.1427382348800126,0,0,0,1,0,0,0,0,0,0,0,0,1,0,0,0,0,0,0,0,0,0,0,0,0,0,0,0,0,1,0,0,0,0,0,0,0,0,0,1,0,1,0,11.034905792929415,62000
0.1980287417180216,0.09644111792455802,-0.11169874554187102,0.012564298104070972,0,1,0,0,0,0,0,0,0,0,0,0,0,1,0,0,0,0,0,0,0,0,1,0,0,0,0,0,0,0,0,0,0,0,0,0,0,0,0,1,0,0,1,12.73670383776449,340000
0.1980287417180216,0.09644111792455802,-0.08719325728222291,1.1678668310881546,1,1,0,0,0,0,0,0,0,0,0,0,1,0,0,0,0,0,0,0,0,0,0,0,0,0,0,0,0,1,0,0,0,0,0,0,0,0,0,1,0,0,1,12.345838935721968,230000
0.1980287417180216,2.139042323405362,0.0353341840160176,1.1678668310881546,1,1,0,0,0,0,0,0,0,0,0,0,1,0,0,0,0,0,0,0,0,0,0,0,0,0,0,0,0,1,0,0,0,0,0,0,0,0,0,1,0,1,0,12.948012371209098,420000
-1.383683877512786,-1.946160087556246,-0.15727895370481648,0.012564298104070972,1,0,0,0,0,0,1,0,0,0,0,0,0,0,0,0,0,1,0,0,0,0,0,0,0,0,0,0,0,0,0,0,0,0,1,0,0,0,0,1,1,0,0,12.721888795877375,335000
0.1980287417180216,0.09644111792455802,0.0701319773447179,-1.1427382348800126,0,0,0,0,0,1,0,0,0,0,0,0,0,0,0,0,0,1,0,0,0,0,0,0,0,0,0,0,0,1,0,0,0,0,0,0,0,0,0,1,0,0,0,12.989976472461,438000
-1.383683877512786,0.09644111792455802,-0.08621303775183699,2.323169364072238,0,0,0,1,0,0,0,0,0,0,0,0,1,0,0,0,0,0,0,0,0,0,0,0,0,0,0,0,0,1,0,0,0,0,0,0,0,0,0,1,1,0,0,11.608244735642321,110000
0.1980287417180216,0.09644111792455802,-0.11169874554187102,-1.1427382348800126,1,0,0,1,0,0,0,0,0,0,0,0,0,0,0,0,0,1,0,0,0,0,0,0,0,0,0,0,0,0,0,0,0,0,0,0,1,0,0,1,0,1,0,12.388398368982115,240000
-2.9653964967435935,-1.946160087556246,-0.24206794308319893,-1.1427382348800126,0,0,0,0,0,1,0,0,1,0,0,0,0,0,0,0,0,0,0,0,0,0,0,0,0,1,0,0,0,0,0,0,0,0,0,0,0,0,0,1,0,1,0,12.323860125621126,225000
0.1980287417180216,0.09644111792455802,0.13531657611538186,1.1678668310881546,0,1,0,0,0,0,0,0,0,0,0,0,0,1,0,0,0,0,0,0,0,0,0,0,0,0,0,0,0,1,0,0,0,0,0,0,0,0,0,1,1,0,0,13.25339339419516,570000
0.1980287417180216,0.09644111792455802,-0.20972069858046344,-1.1427382348800126,1,0,0,1,0,0,0,0,0,1,0,0,0,0,0,0,0,0,0,0,0,0,0,0,0,0,0,0,0,1,0,0,0,0,0,0,0,0,0,1,1,0,0,12.07254696717504,175000
0.1980287417180216,0.09644111792455802,-0.20972069858046344,-1.1427382348800126,1,0,0,1,0,0,0,0,0,1,0,0,0,0,0,0,0,0,0,0,0,0,0,0,0,0,0,0,0,1,0,0,0,0,0,0,0,0,0,1,1,0,0,12.07254696717504,175000
0.1980287417180216,0.09644111792455802,-0.014657012033664528,0.012564298104070972,0,0,0,0,0,1,0,0,0,1,0,0,0,0,0,0,0,0,0,0,0,0,0,0,0,0,0,0,0,0,0,0,0,1,0,0,0,0,0,1,0,0,1,12.936036208848487,415000
0.1980287417180216,0.09644111792455802,0.016710012938685043,-1.1427382348800126,0,0,0,0,0,1,0,0,0,0,0,0,0,0,0,0,0,1,0,0,0,0,0,0,0,0,0,0,0,1,0,0,0,0,0,0,0,0,0,1,0,0,1,12.611541086966115,300000
0.1980287417180216,0.09644111792455802,-0.07984161080432849,-1.1427382348800126,1,1,0,0,0,0,0,0,0,0,0,0,1,0,0,0,0,0,0,0,0,0,0,0,0,0,0,0,0,1,0,0,0,0,0,0,0,0,0,1,0,0,0,13.0089729301901,446400
0.1980287417180216,0.09644111792455802,-0.10140644047281881,1.1678668310881546,1,0,0,0,0,0,0,0,0,0,0,0,0,0,0,0,1,0,0,0,0,0,0,0,0,0,0,0,1,0,0,0,0,0,0,0,0,0,0,1,0,0,0,12.54254845357358,280000
0.1980287417180216,0.09644111792455802,-0.11169874554187102,0.012564298104070972,0,0,0,0,0,0,0,0,0,0,0,0,0,0,0,0,0,1,0,0,0,0,0,0,0,0,0,0,0,1,0,0,0,0,0,0,0,0,0,0,0,0,0,12.506180941677357,270000
0.1980287417180216,0.09644111792455802,0.05395835509335016,-1.1427382348800126,0,0,0,0,0,1,0,0,0,0,1,0,0,0,0,0,0,0,0,0,0,0,0,0,0,0,0,0,0,1,0,0,0,0,0,0,0,0,0,1,0,0,0,13.118357364036902,498000
0.1980287417180216,0.09644111792455802,0.03239352542485983,0.012564298104070972,1,0,0,0,0,0,0,0,1,0,0,0,0,0,0,0,0,0,0,0,0,0,0,0,0,1,0,0,0,0,0,0,0,0,0,0,0,0,0,0,0,0,1,12.502470376049185,269000
0.1980287417180216,0.09644111792455802,0.010828695756369498,0.012564298104070972,0,1,0,0,0,0,0,0,0,0,0,0,1,0,0,0,0,0,0,0,0,0,0,0,0,0,0,0,0,1,0,0,0,0,0,0,0,0,0,1,0,1,0,12.676079399771027,320000
0.1980287417180216,0.09644111792455802,0.010828695756369498,0.012564298104070972,0,1,0,0,0,0,0,0,0,0,0,0,0,0,0,1,0,0,0,0,0,0,0,0,0,0,0,1,0,0,0,0,0,0,0,0,0,0,0,1,0,1,0,13.049794835104816,465000
0.1980287417180216,0.09644111792455802,-0.06268776902257481,0.012564298104070972,1,0,0,0,0,0,0,0,0,0,0,0,0,0,0,1,0,0,0,0,0,0,0,0,0,0,0,1,0,0,0,0,0,0,0,0,0,0,0,1,0,1,0,12.506180941677357,270000
-2.9653964967435935,-1.946160087556246,-0.2087404790500775,-1.1427382348800126,1,0,0,0,0,1,0,0,0,0,0,0,0,0,0,1,0,0,0,0,0,0,0,0,0,0,0,1,0,0,0,0,0,0,0,0,0,0,0,1,1,0,0,13.444448325847754,690000
0.1980287417180216,0.09644111792455802,-0.06268776902257481,1.1678668310881546,1,1,0,0,0,0,0,0,0,0,0,0,0,1,0,0,0,0,0,0,1,0,0,0,0,0,0,0,0,0,0,0,0,0,0,0,0,0,0,1,0,1,0,12.994532278619134,440000
0.1980287417180216,0.09644111792455802,-0.03818228076292671,1.1678668310881546,0,0,0,0,0,0,0,0,0,0,0,0,0,0,0,0,0,1,0,0,0,0,0,0,0,0,0,0,0,1,0,0,0,0,0,0,0,0,0,1,0,0,0,12.54254845357358,280000
0.1980287417180216,0.09644111792455802,-0.08719325728222291,0.012564298104070972,0,0,0,0,0,0,0,0,0,0,0,0,0,0,0,0,0,1,0,0,0,0,0,0,0,0,1,0,0,0,0,0,0,0,0,0,0,0,0,1,0,0,1,12.409017571151187,245000
0.1980287417180216,0.09644111792455802,-0.07347018385681997,0.012564298104070972,0,0,0,0,0,0,0,0,0,0,0,0,0,0,1,0,0,0,0,0,0,0,0,0,0,0,0,0,0,1,0,0,0,0,0,0,0,0,0,1,0,0,1,12.82396003700373,371000
0.1980287417180216,0.09644111792455802,-0.1313031361495895,-1.1427382348800126,1,0,0,1,0,0,0,0,1,0,0,0,0,0,0,0,0,0,0,0,0,0,0,0,0,0,0,0,0,1,0,0,0,0,0,0,0,0,0,0,1,0,0,11.51293546492023,100000
0.1980287417180216,0.09644111792455802,-0.09405479399492438,0.012564298104070972,0,0,0,0,0,0,0,0,0,0,0,0,0,0,0,0,0,1,0,0,0,0,0,0,0,0,0,0,0,0,0,0,0,0,0,0,1,0,0,1,0,0,0,12.367345048436391,235000
0.1980287417180216,0.09644111792455802,-0.12052072131534433,0.012564298104070972,1,0,0,0,0,0,0,0,0,0,0,0,0,0,0,0,0,1,0,0,0,0,0,0,0,0,0,0,0,1,0,0,0,0,0,0,0,0,0,1,0,0,1,12.301387370778713,220000
-2.9653964967435935,-1.946160087556246,-0.22099322317990155,-1.1427382348800126,0,0,0,0,0,1,0,0,1,0,0,0,0,0,0,0,0,0,0,0,0,0,0,0,0,1,0,0,0,0,0,0,0,0,0,0,0,0,0,0,0,0,1,12.259618151783465,211000
0.1980287417180216,0.09644111792455802,-0.06268776902257481,1.1678668310881546,0,0,0,0,0,0,0,0,1,0,0,0,0,0,0,0,0,0,0,0,0,0,0,0,0,1,0,0,0,0,0,0,0,0,0,0,0,0,0,1,0,1,0,12.676079399771027,320000
0.1980287417180216,0.09644111792455802,-0.1607097220611672,-1.1427382348800126,0,0,0,1,0,0,0,0,0,0,0,0,0,0,0,0,0,1,0,0,0,0,0,0,0,0,1,0,0,0,0,0,0,0,0,0,0,0,0,1,1,0,0,11.951186847493476,155000
-1.383683877512786,0.09644111792455802,-0.1607097220611672,0.012564298104070972,1,0,0,0,0,1,0,0,0,1,0,0,0,0,0,0,0,0,0,0,0,1,0,0,0,0,0,0,0,0,0,0,0,0,0,0,0,0,0,1,0,1,0,12.73670383776449,340000
0.1980287417180216,0.09644111792455802,-0.05582623230987334,1.1678668310881546,0,1,0,0,0,0,0,0,0,0,0,0,0,0,0,0,0,1,0,0,0,0,0,0,0,0,0,0,0,0,0,0,0,0,0,0,1,0,0,1,0,0,0,12.765691290604371,350000
0.1980287417180216,0.09644111792455802,0.15884184484464403,0.012564298104070972,1,0,0,0,0,0,0,0,0,0,0,0,0,0,0,0,0,1,0,0,0,0,0,0,0,0,0,0,0,1,0,0,0,0,0,0,0,0,0,0,0,0,1,12.706850963741102,330000
-2.9653964967435935,-1.946160087556246,-0.16561081971309685,0.012564298104070972,0,1,0,0,0,0,0,0,1,0,0,0,0,0,0,0,0,0,0,0,0,0,0,0,0,1,0,0,0,0,0,0,0,0,0,0,0,0,0,1,1,0,0,12.847929163278053,380000
0.1980287417180216,0.09644111792455802,0.03190341565966687,0.012564298104070972,0,1,0,0,0,0,0,0,0,0,0,0,0,0,0,0,0,1,0,0,0,0,0,0,0,0,0,0,0,0,0,0,0,0,1,0,0,0,0,0,0,0,1,12.818554633046093,369000
-1.383683877512786,0.09644111792455802,-0.08621303775183699,-1.1427382348800126,0,1,0,0,0,0,0,0,0,0,0,0,0,1,0,0,0,0,0,0,0,0,0,0,0,0,0,0,0,1,0,0,0,0,0,0,0,0,0,1,1,0,0,12.923914877701906,410000
0.1980287417180216,-1.946160087556246,-0.14698664863576427,-1.1427382348800126,1,0,0,0,0,0,0,0,0,1,0,0,0,0,0,0,0,0,0,0,0,0,0,0,0,0,0,0,0,1,0,0,0,0,0,0,0,0,0,1,1,0,0,12.487488878546145,265000
0.1980287417180216,0.09644111792455802,0.0598396722756657,-1.1427382348800126,1,1,0,0,0,0,0,0,0,1,0,0,0,0,0,0,0,0,0,0,0,0,0,0,0,0,0,0,0,0,0,0,0,0,0,1,0,0,0,1,0,0,0,13.1421679654829,510000
0.1980287417180216,0.09644111792455802,-0.03426140264138301,-1.1427382348800126,1,1,0,0,0,0,0,0,0,1,0,0,0,0,0,0,0,0,0,0,0,0,0,0,0,0,0,0,0,0,0,0,0,0,0,1,0,0,0,1,0,0,0,12.948012371209098,420000
0.1980287417180216,0.09644111792455802,0.062290221101630516,0.012564298104070972,0,0,0,0,0,0,0,0,0,0,0,0,0,0,0,0,0,1,0,0,0,0,0,0,0,0,0,0,0,0,0,1,0,0,0,0,0,0,0,1,0,1,0,12.919024904363686,408000
-2.9653964967435935,-1.946160087556246,-0.14257566074902764,0.012564298104070972,1,0,0,0,0,0,0,0,0,0,0,0,0,0,0,0,1,0,0,0,0,0,0,0,0,0,0,0,1,0,0,0,0,0,0,0,0,0,0,1,0,0,1,12.894209796826232,398000
0.1980287417180216,0.09644111792455802,-0.03475151240657597,0.012564298104070972,1,0,0,0,0,1,0,0,0,0,0,0,0,0,0,0,0,1,0,0,0,0,0,0,0,0,0,0,0,0,0,1,0,0,0,0,0,0,0,1,0,0,1,12.487488878546145,265000
0.1980287417180216,0.09644111792455802,-0.11169874554187102,-1.1427382348800126,1,0,0,0,0,0,0,0,0,0,0,0,0,0,0,0,0,1,0,0,0,0,0,0,0,0,0,0,0,1,0,0,0,0,0,0,0,0,0,1,0,1,0,12.54254845357358,280000
0.1980287417180216,-1.946160087556246,-0.1362042338015191,0.012564298104070972,0,0,0,0,0,0,0,0,0,0,0,0,0,1,0,0,0,0,0,0,0,0,0,0,0,0,0,0,0,1,0,0,0,0,0,0,0,0,0,1,1,0,0,12.560247968016562,285000
0.1980287417180216,0.09644111792455802,0.005927598104439877,-1.1427382348800126,0,0,0,0,0,0,0,0,1,0,0,0,0,0,0,0,0,0,0,0,0,0,0,0,0,0,0,0,0,1,0,0,0,0,0,0,0,0,0,1,1,0,0,12.468440756144114,260000
-1.383683877512786,0.09644111792455802,-0.04651414677120706,1.1678668310881546,1,1,0,0,0,0,0,0,0,0,0,0,0,0,0,0,0,1,0,0,0,0,0,0,0,0,0,0,0,0,0,1,0,0,0,0,0,0,0,0,0,0,1,13.07107218827772,475000
0.1980287417180216,0.09644111792455802,-0.008775694851348985,0.012564298104070972,1,1,0,0,0,0,0,0,0,0,0,0,0,0,0,0,0,1,0,0,0,0,0,0,0,0,0,0,0,1,0,0,0,0,0,0,0,0,0,0,0,0,1,12.847929163278053,380000
0.1980287417180216,0.09644111792455802,0.01572979340829912,0.012564298104070972,0,0,0,0,0,1,0,0,0,1,0,0,0,0,0,0,0,0,0,0,0,0,0,0,0,0,0,0,0,1,0,0,0,0,0,0,0,0,0,0,0,0,1,13.091906231773164,485000
0.1980287417180216,0.09644111792455802,-0.06513831784853961,-1.1427382348800126,0,0,0,0,0,1,0,0,0,1,0,0,0,0,0,0,0,0,0,0,0,0,0,0,0,0,0,0,0,1,0,0,0,0,0,0,0,0,0,1,0,0,0,12.73670383776449,340000
0.1980287417180216,0.09644111792455802,-0.03622184170215486,0.012564298104070972,1,0,0,0,0,0,0,0,0,0,0,0,0,1,0,0,0,0,0,0,0,0,0,0,0,0,0,0,0,1,0,0,0,0,0,0,0,0,0,1,0,0,0,12.577639650232573,290000
0.1980287417180216,-1.946160087556246,-0.1607097220611672,-1.1427382348800126,0,1,0,0,0,0,0,0,0,0,0,0,0,0,0,0,0,1,0,0,0,0,0,0,0,0,0,0,0,0,0,0,0,0,0,0,1,0,0,0,1,0,0,11.775297421715827,130000
0.1980287417180216,0.09644111792455802,-0.1607097220611672,-1.1427382348800126,1,0,0,0,0,0,0,0,0,0,0,0,0,0,0,0,0,1,0,0,0,0,0,0,0,0,0,0,0,1,0,0,0,0,0,0,0,0,0,0,0,1,0,12.04355959836804,170000
0.1980287417180216,0.09644111792455802,-0.08719325728222291,0.012564298104070972,1,0,0,0,0,0,0,0,0,0,0,0,0,0,0,0,0,1,0,0,0,0,0,0,0,0,0,0,0,0,0,1,0,0,0,0,0,0,0,0,0,1,0,12.388398368982115,240000
0.1980287417180216,0.09644111792455802,-0.016617451094436377,0.012564298104070972,0,0,0,0,0,0,0,0,0,0,0,0,0,0,0,0,0,1,0,0,0,0,0,0,0,0,0,0,0,0,1,0,0,0,0,0,0,0,0,1,0,0,1,12.873904582205107,390000
0.1980287417180216,0.09644111792455802,0.012789134817141347,0.012564298104070972,0,0,0,0,0,0,0,0,0,0,0,0,0,0,0,0,0,1,0,0,0,0,0,0,0,0,0,0,0,0,0,1,0,0,0,0,0,0,0,1,1,0,0,12.75130259456002,345000
-1.383683877512786,0.09644111792455802,-0.18325477126004347,1.1678668310881546,1,0,0,0,0,1,0,0,0,0,0,0,0,0,0,0,0,1,0,0,0,1,0,0,0,0,0,0,0,0,0,0,0,0,0,0,0,0,0,1,1,0,0,12.847929163278053,380000
1.779741360948829,0.09644111792455802,0.12747481987229448,1.1678668310881546,0,1,0,0,0,0,0,0,0,0,0,0,0,0,0,0,0,1,0,0,0,0,0,0,0,0,0,0,0,0,0,0,0,0,1,0,0,0,0,1,0,1,0,12.994532278619134,440000
0.1980287417180216,-1.946160087556246,-0.11954050178495841,-1.1427382348800126,0,0,0,0,0,0,0,0,0,1,0,0,0,0,0,0,0,0,0,0,0,1,0,0,0,0,0,0,0,0,0,0,0,0,0,0,0,0,0,1,0,1,0,11.695255355062795,120000
-2.9653964967435935,-1.946160087556246,-0.11022841624629214,1.1678668310881546,0,1,0,0,0,0,0,0,0,0,0,0,0,0,0,0,0,1,0,0,0,0,0,0,0,0,0,0,0,1,0,0,0,0,0,0,0,0,0,1,1,0,0,12.765691290604371,350000
0.1980287417180216,0.09644111792455802,-0.05974711043141704,0.012564298104070972,0,1,0,0,0,0,0,0,0,0,0,0,0,0,0,0,0,1,0,0,0,0,0,0,0,0,0,0,0,1,0,0,0,0,0,0,0,0,0,1,0,0,0,12.25486757159303,210000
0.1980287417180216,0.09644111792455802,-0.013676792503278605,0.012564298104070972,1,0,0,0,0,0,0,0,0,1,0,0,0,0,0,0,0,0,0,0,0,1,0,0,0,0,0,0,0,0,0,0,0,0,0,0,0,0,0,1,1,0,0,12.676079399771027,320000
0.1980287417180216,0.09644111792455802,0.2558835783528505,3.4784718970563215,0,0,0,0,0,1,0,0,0,0,0,0,0,0,0,0,0,1,0,0,0,0,0,0,0,0,0,0,0,1,0,0,0,0,0,0,0,0,0,1,1,0,0,13.180634172318978,530000
0.1980287417180216,0.09644111792455802,-0.05386579324910149,0.012564298104070972,0,0,0,0,0,0,0,0,0,0,0,0,0,0,0,0,0,1,0,0,0,0,0,0,0,0,1,0,0,0,0,0,0,0,0,0,0,0,0,0,0,0,1,12.502470376049185,269000
1.779741360948829,0.09644111792455802,0.010828695756369498,1.1678668310881546,0,1,0,0,0,0,0,0,0,0,0,0,1,0,0,0,0,0,0,0,0,0,0,0,0,0,0,0,0,0,0,0,1,0,0,0,0,0,0,1,0,0,1,12.994532278619134,440000
0.1980287417180216,0.09644111792455802,0.0598396722756657,-1.1427382348800126,1,1,0,0,0,0,0,0,0,0,0,0,0,0,0,0,0,1,0,0,0,0,0,0,0,0,0,0,0,1,0,0,0,0,0,0,0,0,0,1,0,0,0,12.762830066509972,349000
1.779741360948829,0.09644111792455802,0.11179130738611968,-1.1427382348800126,1,1,0,0,0,0,0,0,0,0,0,0,0,0,0,0,0,1,0,0,0,0,0,0,0,0,0,0,0,1,0,0,0,0,0,0,0,0,0,1,0,0,0,12.829336379587506,373000
0.1980287417180216,0.09644111792455802,0.0598396722756657,-1.1427382348800126,1,1,0,0,0,0,0,0,0,1,0,0,0,0,0,0,0,0,0,0,0,1,0,0,0,0,0,0,0,0,0,0,0,0,0,0,0,0,0,1,1,0,0,12.73670383776449,340000
-1.383683877512786,0.09644111792455802,-0.11659984319380064,0.012564298104070972,0,0,0,0,0,1,0,0,0,0,0,0,1,0,0,0,0,0,0,0,0,0,0,0,0,0,0,0,0,1,0,0,0,0,0,0,0,0,0,1,0,0,1,12.793862088206213,360000
-2.9653964967435935,-1.946160087556246,-0.16267016112193908,-1.1427382348800126,0,0,0,0,0,1,0,0,1,0,0,0,0,0,0,0,0,0,0,0,0,0,0,0,0,1,0,0,0,0,0,0,0,0,0,0,0,0,0,1,0,0,1,12.721888795877375,335000
0.1980287417180216,0.09644111792455802,-0.08719325728222291,1.1678668310881546,0,0,0,0,0,0,0,0,0,0,0,0,0,0,0,0,0,1,0,0,0,0,0,0,0,0,0,0,0,1,0,0,0,0,0,0,0,0,0,1,0,0,0,12.429220196836383,250000
-1.383683877512786,0.09644111792455802,-0.12591192873246693,0.012564298104070972,0,0,0,0,0,1,0,0,1,0,0,0,0,0,0,0,0,0,0,0,0,0,0,0,0,0,0,0,0,1,0,0,0,0,0,0,0,0,0,1,0,0,1,12.706850963741102,330000
-1.383683877512786,0.09644111792455802,-0.0822921596302933,0.012564298104070972,0,0,0,0,0,1,0,0,1,0,0,0,0,0,0,0,0,0,0,0,0,0,0,0,0,1,0,0,0,0,0,0,0,0,0,0,0,0,0,1,0,0,1,12.577639650232573,290000
0.1980287417180216,0.09644111792455802,-0.14012511192306282,0.012564298104070972,0,0,0,1,0,0,0,0,1,0,0,0,0,0,0,0,0,0,0,0,0,0,0,0,0,1,0,0,0,0,0,0,0,0,0,0,0,0,0,1,0,0,1,11.835016210489899,138000
0.1980287417180216,0.09644111792455802,0.005927598104439877,1.1678668310881546,1,0,0,0,0,1,0,0,0,0,0,0,0,0,0,0,0,1,0,0,0,0,0,0,0,0,0,0,0,0,0,1,0,0,0,0,0,0,0,1,0,1,0,13.038983942375959,460000
0.1980287417180216,0.09644111792455802,-0.1415954412186417,-1.1427382348800126,0,0,0,0,0,0,0,0,0,0,0,0,0,0,0,0,0,1,0,0,0,0,0,0,0,0,0,0,0,0,0,1,0,0,0,0,0,0,0,1,0,1,0,12.031725210748633,168000
0.1980287417180216,0.09644111792455802,-0.04798447606678595,-1.1427382348800126,0,0,0,0,0,0,0,0,0,0,0,0,1,0,0,0,0,0,0,0,0,0,0,0,0,0,0,0,0,0,0,0,1,0,0,0,0,0,0,1,0,1,0,11.775297421715827,130000
0.1980287417180216,-1.946160087556246,-0.1607097220611672,-1.1427382348800126,1,0,0,0,0,0,0,0,0,0,0,0,0,0,0,0,0,1,0,0,0,0,0,0,0,0,0,0,0,1,0,0,0,0,0,0,0,0,0,0,1,0,0,11.918397239722838,150000
0.1980287417180216,0.09644111792455802,0.03778473284198241,-1.1427382348800126,0,0,0,0,0,0,0,0,0,1,0,0,0,0,0,0,0,0,0,0,0,0,0,0,0,0,0,0,0,1,0,0,0,0,0,0,0,0,0,1,0,0,0,12.955129822091815,423000
0.1980287417180216,0.09644111792455802,0.09316713630878712,0.012564298104070972,0,0,0,0,0,1,0,0,1,0,0,0,0,0,0,0,0,0,0,0,0,0,0,0,0,1,0,0,0,0,0,0,0,0,0,0,0,0,0,1,0,0,0,13.060490101343552,470000
0.1980287417180216,0.09644111792455802,-0.09944600141204697,-1.1427382348800126,1,0,0,0,0,0,0,0,0,1,0,0,0,0,0,0,0,0,0,0,0,0,0,0,0,0,0,0,0,1,0,0,0,0,0,0,0,0,0,1,0,0,0,12.6897356838327,324400
-1.383683877512786,-1.946160087556246,-0.1607097220611672,-1.1427382348800126,1,0,0,0,0,0,0,0,0,0,0,0,0,1,0,0,0,0,0,0,0,0,0,0,0,0,0,0,0,1,0,0,0,0,0,0,0,0,0,1,0,0,0,12.013706813470414,165000
0.1980287417180216,0.09644111792455802,-0.0783712815087496,-1.1427382348800126,1,0,0,0,0,1,0,0,0,1,0,0,0,0,0,0,0,0,0,0,0,1,0,0,0,0,0,0,0,0,0,0,0,0,0,0,0,0,0,1,0,0,0,12.737291898386962,340200
-2.9653964967435935,0.09644111792455802,-0.04161304911927744,0.012564298104070972,0,0,0,0,0,1,0,0,0,0,0,0,0,1,0,0,0,0,0,0,0,0,0,0,0,0,0,0,0,1,0,0,0,0,0,0,0,0,0,1,1,0,0,13.567050480716235,780000
0.1980287417180216,0.09644111792455802,0.03778473284198241,0.012564298104070972,0,1,0,0,0,0,0,0,0,0,0,0,0,1,0,0,0,0,0,0,0,0,0,0,0,0,0,0,0,0,0,0,0,0,0,0,0,1,0,1,1,0,0,12.948012371209098,420000
0.1980287417180216,0.09644111792455802,-0.08719325728222291,0.012564298104070972,1,0,0,0,0,0,0,0,0,0,0,0,0,1,0,0,0,0,0,0,0,0,1,0,0,0,0,0,0,0,0,0,0,0,0,0,0,0,0,1,0,0,0,12.948012371209098,420000
0.1980287417180216,0.09644111792455802,0.04856714767622758,0.012564298104070972,0,0,0,0,0,0,0,0,0,0,0,0,0,1,0,0,0,0,0,0,0,0,0,0,0,0,0,0,0,1,0,0,0,0,0,0,0,0,0,1,0,1,0,12.676079399771027,320000
0.1980287417180216,0.09644111792455802,-0.08817347681260884,-1.1427382348800126,1,0,0,0,0,0,0,0,0,0,0,0,1,0,0,0,0,0,0,0,0,0,0,0,0,0,0,0,0,1,0,0,0,0,0,0,0,0,0,0,0,1,0,12.292254928916668,218000
0.1980287417180216,0.09644111792455802,0.09561768513475194,0.012564298104070972,1,1,0,0,0,0,0,0,0,0,0,0,0,0,0,0,0,1,0,0,0,0,0,0,0,0,0,0,0,0,0,0,0,0,0,0,1,0,0,0,0,1,0,12.779875885354993,355000
0.1980287417180216,0.09644111792455802,0.013279244582334308,0.012564298104070972,1,1,0,0,0,0,0,0,0,1,0,0,0,0,0,0,0,0,0,0,0,0,0,0,0,0,0,0,0,0,0,0,0,1,0,0,0,0,0,0,0,1,0,12.793862088206213,360000
-1.383683877512786,0.09644111792455802,0.09120669724801528,0.012564298104070972,0,1,0,0,0,0,0,0,0,0,0,0,1,0,0,0,0,0,0,0,0,0,0,0,0,0,0,0,0,1,0,0,0,0,0,0,0,0,0,0,0,0,1,12.644330802262578,310000
0.1980287417180216,0.09644111792455802,-0.11169874554187102,-1.1427382348800126,1,0,0,0,0,0,0,0,0,0,0,0,0,0,0,0,0,1,0,0,0,0,0,0,0,0,0,0,0,0,1,0,0,0,0,0,0,0,0,1,0,0,1,12.54254845357358,280000
0.1980287417180216,0.09644111792455802,0.022101220355807624,1.1678668310881546,0,1,0,0,0,0,0,0,0,0,0,0,0,0,0,0,0,1,0,0,0,0,0,0,0,0,1,0,0,0,0,0,0,0,0,0,0,0,0,1,0,0,1,12.644330802262578,310000
1.779741360948829,2.139042323405362,0.2485319318749561,1.1678668310881546,1,1,0,0,0,0,0,0,0,1,0,0,0,0,0,0,0,0,0,0,0,1,0,0,0,0,0,0,0,0,0,0,0,0,0,0,0,0,0,1,0,0,0,13.554147092530322,770000
1.779741360948829,2.139042323405362,0.2161846873722206,1.1678668310881546,1,1,0,0,0,0,0,0,0,0,0,0,0,0,0,0,0,1,1,0,0,0,0,0,0,0,0,0,0,0,0,0,0,0,0,0,0,0,0,1,0,0,0,12.873904582205107,390000
0.1980287417180216,0.09644111792455802,-0.05974711043141704,0.012564298104070972,0,1,0,0,0,0,0,0,0,0,0,0,0,0,0,0,0,1,0,0,0,0,0,0,0,0,0,0,0,1,0,0,0,0,0,0,0,0,0,1,0,0,0,12.301387370778713,220000
-2.9653964967435935,-1.946160087556246,-0.2753954071163203,-1.1427382348800126,1,0,0,0,0,1,0,0,0,1,0,0,0,0,0,0,0,0,0,0,0,1,0,0,0,0,0,0,0,0,0,0,0,0,0,0,0,0,0,1,0,0,1,12.337105293891872,228000
0.1980287417180216,0.09644111792455802,-0.1362042338015191,0.012564298104070972,0,0,0,0,0,0,0,0,0,0,0,0,0,1,0,0,0,0,0,0,0,0,0,0,1,0,0,0,0,0,0,0,0,0,0,0,0,0,0,1,0,0,0,12.847929163278053,380000
0.1980287417180216,0.09644111792455802,-0.1313031361495895,-1.1427382348800126,1,0,0,0,0,0,0,0,0,0,1,0,0,0,0,0,0,0,0,0,0,0,0,0,0,0,0,0,0,1,0,0,0,0,0,0,0,0,0,1,0,0,0,11.652696102959753,115000
0.1980287417180216,0.09644111792455802,0.18236711357390623,1.1678668310881546,1,1,0,0,0,0,0,0,0,1,0,0,0,0,0,0,0,0,0,0,0,0,0,0,0,0,0,0,0,1,0,0,0,0,0,0,0,0,0,0,0,1,0,13.527829818844937,750000
0.1980287417180216,0.09644111792455802,-0.04651414677120706,-1.1427382348800126,1,0,0,0,0,1,0,0,0,0,0,0,0,0,0,0,0,1,0,0,0,0,0,0,0,0,0,0,0,0,0,1,0,0,0,0,0,0,0,1,0,0,0,12.295460779128113,218700
-1.383683877512786,-1.946160087556246,-0.20972069858046344,-1.1427382348800126,1,0,0,1,0,0,0,0,0,0,0,0,0,1,0,0,0,0,0,0,0,0,0,1,0,0,0,0,0,0,0,0,0,0,0,0,0,0,0,1,0,0,1,11.835016210489899,138000
0.1980287417180216,0.09644111792455802,-0.08719325728222291,0.012564298104070972,1,0,0,0,0,0,0,0,0,0,0,0,0,1,0,0,0,0,0,0,0,0,0,1,0,0,0,0,0,0,0,0,0,0,0,0,0,0,0,1,0,0,0,12.793862088206213,360000
-2.9653964967435935,-1.946160087556246,-0.21119102787604233,0.012564298104070972,0,1,0,0,0,0,0,0,0,0,0,0,0,0,0,0,0,1,0,0,0,1,0,0,0,0,0,0,0,0,0,0,0,0,0,0,0,0,0,1,0,0,1,12.75130259456002,345000
0.1980287417180216,0.09644111792455802,0.10100889255187452,1.1678668310881546,0,1,0,0,0,0,0,0,0,0,0,0,0,0,1,0,0,0,0,0,0,0,0,0,0,0,0,0,0,1,0,0,0,0,0,0,0,0,0,1,0,0,1,12.978712382458173,433094
-1.383683877512786,0.09644111792455802,-0.08719325728222291,0.012564298104070972,0,0,0,0,0,1,0,0,0,1,0,0,0,0,0,0,0,0,0,0,0,0,0,0,0,0,0,0,0,1,0,0,0,0,0,0,0,0,0,1,0,0,1,12.886643575525625,395000
0.1980287417180216,0.09644111792455802,-0.11169874554187102,0.012564298104070972,0,1,0,0,0,0,0,0,0,0,0,0,0,1,0,0,0,0,0,0,0,0,0,0,0,0,0,0,0,1,0,0,0,0,0,0,0,0,0,1,1,0,0,12.506180941677357,270000
0.1980287417180216,0.09644111792455802,0.0598396722756657,0.012564298104070972,1,1,0,0,0,0,0,0,0,0,0,0,0,0,0,0,0,1,0,0,0,0,0,0,0,0,0,0,0,1,0,0,0,0,0,0,0,0,0,1,0,0,1,12.535379989788607,278000
0.1980287417180216,0.09644111792455802,-0.08719325728222291,-1.1427382348800126,1,0,0,0,0,0,0,0,0,0,0,0,0,0,0,0,0,1,0,0,0,0,0,0,0,0,0,0,0,0,0,0,0,0,0,0,1,0,0,0,0,0,1,12.468440756144114,260000
1.779741360948829,0.09644111792455802,0.08336494100492789,0.012564298104070972,1,1,0,0,0,0,0,0,0,0,0,0,0,0,0,0,0,1,0,0,0,0,0,0,0,0,0,0,0,0,1,0,0,0,0,0,0,0,0,1,0,1,0,12.948012371209098,420000
0.1980287417180216,0.09644111792455802,0.10885064879496191,1.1678668310881546,0,0,0,0,0,1,0,0,0,0,0,0,0,0,0,0,0,1,0,0,0,0,0,0,0,0,0,0,0,1,0,0,0,0,0,0,0,0,0,1,0,1,0,12.706850963741102,330000
0.1980287417180216,0.09644111792455802,-0.02936030498945339,0.012564298104070972,1,1,0,0,0,0,0,0,0,1,0,0,0,0,0,0,0,0,0,0,0,0,0,0,0,0,0,0,0,1,0,0,0,0,0,0,0,0,0,1,0,0,1,12.847929163278053,380000
-2.9653964967435935,-1.946160087556246,-0.15678884393962353,0.012564298104070972,0,1,0,0,0,0,0,0,0,0,0,0,0,1,0,0,0,0,0,0,0,0,0,1,0,0,0,0,0,0,0,0,0,0,0,0,0,0,0,1,0,0,0,13.1421679654829,510000
0.1980287417180216,0.09644111792455802,0.0010265004525102568,0.012564298104070972,1,1,0,0,0,0,0,0,0,0,0,0,0,0,0,0,0,1,0,0,0,0,0,0,0,0,0,0,0,0,1,0,0,0,0,0,0,0,0,1,1,0,0,13.038983942375959,460000
0.1980287417180216,0.09644111792455802,-0.03818228076292671,0.012564298104070972,1,1,0,0,0,0,0,0,0,1,0,0,0,0,0,0,0,0,0,0,0,0,0,0,0,0,0,0,0,1,0,0,0,0,0,0,0,0,0,0,1,0,0,13.102162710901053,490000
0.1980287417180216,-1.946160087556246,-0.1607097220611672,-1.1427382348800126,1,0,0,1,0,0,0,0,1,0,0,0,0,0,0,0,0,0,0,0,0,0,0,0,0,0,0,0,0,1,0,0,0,0,0,0,0,0,0,1,0,1,0,12.185875040240456,196000
-2.9653964967435935,-1.946160087556246,-0.12787236779323877,0.012564298104070972,0,1,0,0,0,0,0,0,0,1,0,0,0,0,0,0,0,0,0,0,0,1,0,0,0,0,0,0,0,0,0,0,0,0,0,0,0,0,0,1,0,0,0,12.54254845357358,280000
-1.383683877512786,-1.946160087556246,-0.22099322317990155,-1.1427382348800126,1,0,0,0,0,0,0,0,0,0,0,0,0,0,0,0,0,1,1,0,0,0,0,0,0,0,0,0,0,0,0,0,0,0,0,0,0,0,0,1,0,0,0,11.918397239722838,150000
0.1980287417180216,0.09644111792455802,-0.1092481967159062,0.012564298104070972,0,1,0,0,0,0,0,0,0,1,0,0,0,0,0,0,0,0,0,0,0,1,0,0,0,0,0,0,0,0,0,0,0,0,0,0,0,0,0,1,0,0,0,12.449022745701502,255000
0.1980287417180216,0.09644111792455802,-0.03475151240657597,0.012564298104070972,1,1,0,0,0,0,0,0,0,0,0,0,0,0,0,0,0,1,0,0,0,0,0,0,0,0,0,0,0,0,0,0,0,0,1,0,0,0,0,1,0,0,1,12.388398368982115,240000
0.1980287417180216,0.09644111792455802,0.12747481987229448,0.012564298104070972,0,0,0,0,0,0,0,0,1,0,0,0,0,0,0,0,0,0,0,0,0,0,0,0,0,0,0,0,0,1,0,0,0,0,0,0,0,0,0,1,0,0,1,12.81584093453868,368000
-2.9653964967435935,-1.946160087556246,-0.1675712587738687,0.012564298104070972,0,1,0,0,0,0,0,0,0,0,0,0,0,0,0,0,0,1,0,0,0,0,0,0,0,0,0,0,0,1,0,0,0,0,0,0,0,0,0,1,0,1,0,12.75130259456002,345000
0.1980287417180216,2.139042323405362,0.2328484193887813,3.4784718970563215,0,1,0,0,0,0,0,0,0,0,0,0,0,1,0,0,0,0,0,0,0,0,0,0,0,0,0,0,0,1,0,0,0,0,0,0,0,0,0,1,0,0,1,13.122365377402328,500000
0.1980287417180216,0.09644111792455802,0.08532538006569973,0.012564298104070972,1,0,0,0,0,0,0,0,0,1,0,0,0,0,0,0,0,0,0,0,0,0,0,0,0,0,0,0,0,1,0,0,0,0,0,0,0,0,0,1,0,0,1,12.807655372286902,365000
0.1980287417180216,0.09644111792455802,-0.03818228076292671,0.012564298104070972,0,1,0,0,0,0,0,0,0,0,0,0,0,0,0,0,0,1,0,0,0,0,0,0,0,0,0,0,0,0,0,1,0,0,0,0,0,0,0,1,0,1,0,12.644330802262578,310000
0.1980287417180216,0.09644111792455802,-0.02936030498945339,0.012564298104070972,1,1,0,0,0,0,0,0,0,1,0,0,0,0,0,0,0,0,0,0,0,0,0,0,0,0,0,0,0,1,0,0,0,0,0,0,0,0,0,1,0,0,1,12.847929163278053,380000
-2.9653964967435935,-1.946160087556246,-0.15678884393962353,0.012564298104070972,0,1,0,0,0,0,0,0,0,0,0,0,0,1,0,0,0,0,0,0,0,0,0,1,0,0,0,0,0,0,0,0,0,0,0,0,0,0,0,1,0,0,0,13.1421679654829,510000
0.1980287417180216,0.09644111792455802,0.0010265004525102568,0.012564298104070972,1,1,0,0,0,0,0,0,0,0,0,0,0,0,0,0,0,1,0,0,0,0,0,0,0,0,0,0,0,0,1,0,0,0,0,0,0,0,0,1,1,0,0,13.038983942375959,460000
0.1980287417180216,0.09644111792455802,-0.03818228076292671,0.012564298104070972,1,1,0,0,0,0,0,0,0,1,0,0,0,0,0,0,0,0,0,0,0,0,0,0,0,0,0,0,0,1,0,0,0,0,0,0,0,0,0,0,1,0,0,13.102162710901053,490000
0.1980287417180216,-1.946160087556246,-0.1607097220611672,-1.1427382348800126,1,0,0,1,0,0,0,0,1,0,0,0,0,0,0,0,0,0,0,0,0,0,0,0,0,0,0,0,0,1,0,0,0,0,0,0,0,0,0,1,0,1,0,12.185875040240456,196000
-2.9653964967435935,-1.946160087556246,-0.12787236779323877,0.012564298104070972,0,1,0,0,0,0,0,0,0,1,0,0,0,0,0,0,0,0,0,0,0,1,0,0,0,0,0,0,0,0,0,0,0,0,0,0,0,0,0,1,0,0,0,12.54254845357358,280000
-1.383683877512786,-1.946160087556246,-0.22099322317990155,-1.1427382348800126,1,0,0,0,0,0,0,0,0,0,0,0,0,0,0,0,0,1,1,0,0,0,0,0,0,0,0,0,0,0,0,0,0,0,0,0,0,0,0,1,0,0,0,11.918397239722838,150000
0.1980287417180216,0.09644111792455802,-0.1092481967159062,0.012564298104070972,0,1,0,0,0,0,0,0,0,1,0,0,0,0,0,0,0,0,0,0,0,1,0,0,0,0,0,0,0,0,0,0,0,0,0,0,0,0,0,1,0,0,0,12.449022745701502,255000
0.1980287417180216,0.09644111792455802,-0.03475151240657597,0.012564298104070972,1,1,0,0,0,0,0,0,0,0,0,0,0,0,0,0,0,1,0,0,0,0,0,0,0,0,0,0,0,0,0,0,0,0,1,0,0,0,0,1,0,0,1,12.388398368982115,240000
0.1980287417180216,0.09644111792455802,0.12747481987229448,0.012564298104070972,0,0,0,0,0,0,0,0,1,0,0,0,0,0,0,0,0,0,0,0,0,0,0,0,0,0,0,0,0,1,0,0,0,0,0,0,0,0,0,1,0,0,1,12.81584093453868,368000
-2.9653964967435935,-1.946160087556246,-0.1675712587738687,0.012564298104070972,0,1,0,0,0,0,0,0,0,0,0,0,0,0,0,0,0,1,0,0,0,0,0,0,0,0,0,0,0,1,0,0,0,0,0,0,0,0,0,1,0,1,0,12.75130259456002,345000
0.1980287417180216,2.139042323405362,0.2328484193887813,3.4784718970563215,0,1,0,0,0,0,0,0,0,0,0,0,0,1,0,0,0,0,0,0,0,0,0,0,0,0,0,0,0,1,0,0,0,0,0,0,0,0,0,1,0,0,1,13.122365377402328,500000
0.1980287417180216,0.09644111792455802,0.08532538006569973,0.012564298104070972,1,0,0,0,0,0,0,0,0,1,0,0,0,0,0,0,0,0,0,0,0,0,0,0,0,0,0,0,0,1,0,0,0,0,0,0,0,0,0,1,0,0,1,12.807655372286902,365000
0.1980287417180216,0.09644111792455802,-0.03818228076292671,0.012564298104070972,0,1,0,0,0,0,0,0,0,0,0,0,0,0,0,0,0,1,0,0,0,0,0,0,0,0,0,0,0,0,0,1,0,0,0,0,0,0,0,1,0,1,0,12.644330802262578,310000
1.779741360948829,0.09644111792455802,0.11228141715131264,0.012564298104070972,1,0,0,0,0,1,0,0,0,1,0,0,0,0,0,0,0,0,0,0,0,1,0,0,0,0,0,0,0,0,0,0,0,0,0,0,0,0,0,1,0,0,1,13.014780393893403,449000
-1.383683877512786,0.09644111792455802,-0.1607097220611672,0.012564298104070972,0,0,0,0,0,1,0,0,0,1,0,0,0,0,0,0,0,0,0,0,0,0,0,0,0,0,0,0,0,0,0,0,0,0,0,1,0,0,0,1,0,0,0,12.948012371209098,420000
0.1980287417180216,0.09644111792455802,-0.14698664863576427,-1.1427382348800126,0,0,0,0,0,0,0,0,0,0,0,0,0,0,0,0,0,1,0,0,0,0,0,0,0,0,0,0,0,0,0,0,0,0,0,0,1,0,0,0,0,1,0,12.128116509451258,185000
0.1980287417180216,-1.946160087556246,-0.16316027088713203,-1.1427382348800126,1,0,0,1,0,0,0,0,0,0,0,0,0,0,0,0,1,0,0,0,0,0,0,0,0,0,0,0,1,0,0,0,0,0,0,0,0,0,0,1,0,0,0,11.736077016252437,125000
0.1980287417180216,-1.946160087556246,-0.15237785605288687,0.012564298104070972,1,0,0,0,0,0,0,0,0,0,0,0,0,0,0,0,1,0,0,0,0,0,0,0,0,0,0,0,1,0,0,0,0,0,0,0,0,0,0,1,0,0,0,12.031725210748633,168000
-2.9653964967435935,-1.946160087556246,-0.20972069858046344,0.012564298104070972,0,0,0,0,0,1,0,0,0,0,0,0,0,0,0,0,0,1,0,0,0,1,0,0,0,0,0,0,0,0,0,0,0,0,0,0,0,0,0,1,1,0,0,13.017005083966255,450000
0.1980287417180216,-1.946160087556246,-0.057296561605452226,0.012564298104070972,1,0,0,0,0,0,0,0,0,0,0,0,0,0,0,0,1,0,0,0,0,0,0,0,0,0,0,0,1,0,0,0,0,0,0,0,0,0,0,1,0,0,0,12.144202560946876,188000
-2.9653964967435935,-1.946160087556246,-0.1415954412186417,-1.1427382348800126,1,0,0,0,0,1,0,0,0,0,0,0,1,0,0,0,0,0,0,0,0,0,0,0,0,0,0,0,0,1,0,0,0,0,0,0,0,0,0,1,0,0,1,10.545367754151743,38000
0.1980287417180216,0.09644111792455802,-0.08670314751702995,0.012564298104070972,1,0,0,0,0,0,0,0,0,0,0,0,0,0,0,0,0,1,0,0,0,0,0,0,0,0,0,0,0,0,0,1,0,0,0,0,0,0,0,0,0,0,1,12.425212191503038,249000
0.1980287417180216,0.09644111792455802,-0.06121743972699593,0.012564298104070972,0,0,0,0,0,0,0,0,0,0,0,0,0,0,0,0,0,1,0,0,0,0,0,0,0,0,0,0,0,1,0,0,0,0,0,0,0,0,0,1,0,1,0,12.560247968016562,285000
-2.9653964967435935,-1.946160087556246,-0.25873167509975964,0.012564298104070972,1,0,0,0,0,1,0,0,0,0,0,0,0,0,0,0,0,1,0,0,0,0,0,0,0,0,0,0,0,1,0,0,0,0,0,0,0,0,0,1,1,0,0,12.666660207428574,317000
0.1980287417180216,0.09644111792455802,-0.01220646320769972,0.012564298104070972,0,0,0,0,0,0,0,0,0,0,0,0,0,0,0,0,0,1,0,0,0,0,0,0,0,0,0,0,0,1,0,0,0,0,0,0,0,0,0,0,0,0,1,12.388398368982115,240000
1.779741360948829,0.09644111792455802,0.11228141715131264,0.012564298104070972,1,0,0,0,0,1,0,0,0,1,0,0,0,0,0,0,0,0,0,0,0,1,0,0,0,0,0,0,0,0,0,0,0,0,0,0,0,0,0,1,0,0,0,13.060490101343552,470000
1.779741360948829,0.09644111792455802,0.19020886981699361,-1.1427382348800126,1,1,0,0,0,0,0,0,0,0,0,0,0,0,0,0,0,1,0,0,0,0,0,0,0,0,0,0,0,0,0,1,0,0,0,0,0,0,0,0,0,0,0,13.060490101343552,470000
-1.383683877512786,0.09644111792455802,-0.030830634285032278,0.012564298104070972,0,1,0,0,0,0,0,0,0,0,0,0,0,0,0,0,0,1,0,0,0,0,0,0,0,0,0,0,0,1,0,0,0,0,0,0,0,0,0,1,1,0,0,12.899222326086994,400000
0.1980287417180216,0.09644111792455802,-0.06268776902257481,-1.1427382348800126,1,0,0,0,0,0,0,0,0,0,0,0,0,0,0,0,0,1,0,0,0,0,0,0,0,0,0,0,0,0,1,0,0,0,0,0,0,0,0,1,0,0,0,12.506180941677357,270000
0.1980287417180216,0.09644111792455802,-0.0808218303347144,1.1678668310881546,0,0,0,0,0,0,0,0,0,0,0,0,0,0,0,0,0,1,0,0,0,0,0,0,0,0,0,0,0,0,0,0,0,0,0,0,1,0,0,1,0,0,0,12.560247968016562,285000
-1.383683877512786,0.09644111792455802,-0.10728775765513436,0.012564298104070972,1,0,0,0,0,1,0,0,0,0,0,0,0,0,0,0,0,1,0,0,0,0,0,0,0,0,0,0,0,0,0,0,0,0,0,0,1,0,0,0,0,0,1,12.807655372286902,365000
-1.383683877512786,0.09644111792455802,-0.07935150103913552,-1.1427382348800126,0,0,0,0,0,1,0,0,0,0,0,0,0,0,0,0,0,1,0,0,0,0,0,0,0,0,0,0,0,0,0,0,0,0,0,0,1,0,0,0,0,0,1,12.793862088206213,360000
0.1980287417180216,0.09644111792455802,-0.1607097220611672,-1.1427382348800126,1,0,0,0,0,0,0,0,0,0,0,0,0,0,0,0,0,1,0,0,0,0,0,0,0,0,0,0,0,0,0,0,0,0,1,0,0,0,0,1,0,1,0,11.695255355062795,120000
-2.9653964967435935,-1.946160087556246,-0.2508899188566722,-1.1427382348800126,0,0,0,0,0,0,1,0,0,0,0,0,0,0,0,0,0,1,0,0,0,0,0,0,0,0,0,0,0,0,0,0,0,0,0,0,1,0,0,1,0,0,1,12.577639650232573,290000
0.1980287417180216,0.09644111792455802,-0.06268776902257481,0.012564298104070972,1,0,0,0,0,0,0,0,0,0,0,0,0,0,0,0,0,1,0,0,0,0,0,0,0,0,0,0,0,0,1,0,0,0,0,0,0,0,0,1,0,0,0,12.206077645517674,200000
0.1980287417180216,0.09644111792455802,-0.1362042338015191,-1.1427382348800126,1,0,0,0,0,0,0,0,0,0,0,0,0,0,0,0,0,1,0,0,0,0,0,0,0,0,0,0,0,1,0,0,0,0,0,0,0,0,0,0,1,0,0,12.25486757159303,210000
0.1980287417180216,0.09644111792455802,-0.1607097220611672,0.012564298104070972,0,0,0,0,0,0,0,0,0,1,0,0,0,0,0,0,0,0,0,0,0,0,0,0,0,0,0,0,0,1,0,0,0,0,0,0,0,0,0,1,0,0,0,12.013706813470414,165000
0.1980287417180216,0.09644111792455802,-0.03818228076292671,1.1678668310881546,1,0,0,0,0,0,0,0,1,0,0,0,0,0,0,0,0,0,0,0,0,0,0,0,0,1,0,0,0,0,0,0,0,0,0,0,0,0,0,0,0,1,0,12.345838935721968,230000
0.1980287417180216,0.09644111792455802,-0.08964380610818773,-1.1427382348800126,1,0,0,0,0,0,0,0,0,0,0,0,0,0,0,0,0,1,0,0,0,0,0,0,0,0,0,0,0,0,0,1,0,0,0,0,0,0,0,1,1,0,0,12.04355959836804,170000
0.1980287417180216,0.09644111792455802,-0.03622184170215486,-1.1427382348800126,1,0,0,0,0,0,0,0,1,0,0,0,0,0,0,0,0,0,0,0,0,0,0,0,0,1,0,0,0,0,0,0,0,0,0,0,0,0,0,0,1,0,0,12.54254845357358,280000
0.1980287417180216,0.09644111792455802,-0.1362042338015191,0.012564298104070972,0,0,0,0,0,0,0,0,0,0,0,0,0,1,0,0,0,0,0,0,0,0,0,0,1,0,0,0,0,0,0,0,0,0,0,0,0,0,0,1,1,0,0,13.04115549117383,461000
0.1980287417180216,0.09644111792455802,-0.14845697793134316,-1.1427382348800126,1,0,0,0,0,0,0,0,0,0,0,0,0,0,0,0,0,1,0,0,0,0,0,0,0,0,0,0,0,1,0,0,0,0,0,0,0,0,0,0,0,0,0,12.206077645517674,200000
0.1980287417180216,0.09644111792455802,-0.06268776902257481,-1.1427382348800126,0,0,0,1,0,0,0,0,1,0,0,0,0,0,0,0,0,0,0,0,0,0,0,0,0,0,0,0,0,1,0,0,0,0,0,0,0,0,0,1,0,0,1,12.19602736016897,198000
-1.383683877512786,-1.946160087556246,-0.10434709906397659,1.1678668310881546,0,1,0,0,0,0,0,0,0,0,0,0,0,1,0,0,0,0,0,0,1,0,0,0,0,0,0,0,0,0,0,0,0,0,0,0,0,0,0,1,0,0,0,13.180634172318978,530000
-1.383683877512786,0.09644111792455802,-0.05925700066622407,1.1678668310881546,0,0,0,0,0,1,0,0,0,0,0,0,0,0,0,0,0,1,0,0,0,0,0,0,0,0,1,0,0,0,0,0,0,0,0,0,0,0,0,1,0,0,0,12.821260987319457,370000
0.1980287417180216,0.09644111792455802,-0.08719325728222291,0.012564298104070972,1,0,0,0,0,0,0,0,0,0,0,0,0,0,0,0,0,0,0,0,0,0,0,0,0,0,0,0,0,0,0,0,0,0,0,0,0,0,0,0,0,1,0,12.25486757159303,210000
-1.383683877512786,-1.946160087556246,-0.20776025951969157,0.012564298104070972,0,0,0,0,0,1,0,0,0,0,0,0,0,0,0,0,0,0,0,0,0,0,0,0,0,0,0,0,0,0,0,0,0,0,0,0,0,0,0,1,1,0,0,12.948012371209098,420000
0.1980287417180216,0.09644111792455802,0.10885064879496191,0.012564298104070972,1,0,0,0,0,1,0,0,0,0,0,0,0,0,0,0,0,1,0,0,0,0,0,0,0,0,0,0,0,0,0,0,0,0,1,0,0,0,0,0,0,0,1,12.577639650232573,290000
0.1980287417180216,-1.946160087556246,-0.15727895370481648,0.012564298104070972,0,0,0,0,0,0,0,0,0,1,0,0,0,0,0,0,0,0,0,0,0,0,0,0,0,0,0,0,0,1,0,0,0,0,0,0,0,0,0,0,0,1,0,12.301387370778713,220000
0.1980287417180216,0.09644111792455802,0.01376935434752727,-1.1427382348800126,1,0,0,0,0,0,0,0,1,0,0,0,0,0,0,0,0,0,0,0,0,0,0,0,0,1,0,0,0,0,0,0,0,0,0,0,0,0,0,1,0,0,1,12.706850963741102,330000
0.1980287417180216,0.09644111792455802,0.09561768513475194,0.012564298104070972,1,1,0,0,0,0,0,0,0,0,0,0,0,0,0,0,0,1,0,0,0,0,0,0,0,0,0,0,0,0,0,0,0,0,0,0,1,0,0,0,0,1,0,12.779875885354993,355000
0.1980287417180216,0.09644111792455802,-0.1788437833733068,-1.1427382348800126,1,0,0,0,0,0,0,0,1,0,0,0,0,0,0,0,0,0,0,0,0,0,0,0,0,1,0,0,0,0,0,0,0,0,0,0,0,0,0,0,0,1,0,11.849404844423074,140000
1.779741360948829,0.09644111792455802,0.10885064879496191,-1.1427382348800126,1,0,0,0,0,0,0,0,0,0,0,0,0,0,0,0,0,1,0,0,0,0,0,0,0,0,0,0,0,0,0,0,0,0,1,0,0,0,0,1,0,0,0,12.847929163278053,380000
0.1980287417180216,0.09644111792455802,-0.008775694851348985,-1.1427382348800126,1,0,0,0,0,0,0,0,0,0,0,0,0,0,0,0,0,1,0,0,0,0,0,0,0,0,0,0,0,0,0,0,0,0,1,0,0,0,0,0,0,0,0,12.706850963741102,330000
0.1980287417180216,0.09644111792455802,-0.15727895370481648,-1.1427382348800126,1,0,0,1,0,0,0,0,0,0,0,0,0,0,0,0,0,1,0,0,0,0,0,0,0,0,0,0,0,1,0,0,0,0,0,0,0,0,0,0,0,1,0,11.870606902224587,143000
0.1980287417180216,0.09644111792455802,0.14315833235846925,1.1678668310881546,0,1,0,0,0,0,0,0,0,0,0,0,0,1,0,0,0,0,0,0,0,0,0,0,0,0,0,0,0,0,0,0,0,0,0,0,0,1,0,1,1,0,0,13.270785106659046,580000
0.1980287417180216,0.09644111792455802,0.17158469873966106,1.1678668310881546,0,1,0,0,0,0,0,0,0,0,0,0,0,1,0,0,0,0,0,0,0,0,0,0,0,0,0,0,0,1,0,0,0,0,0,0,0,0,0,1,0,0,0,13.038983942375959,460000
1.779741360948829,0.09644111792455802,0.11179130738611968,-1.1427382348800126,0,1,0,0,0,0,0,0,0,1,0,0,0,0,0,0,0,0,0,0,0,1,0,0,0,0,0,0,0,0,0,0,0,0,0,0,0,0,0,1,0,0,1,12.886643575525625,395000
0.1980287417180216,0.09644111792455802,0.08973636795243639,1.1678668310881546,0,1,0,0,0,0,0,0,0,0,0,0,0,0,0,0,0,1,0,0,0,0,0,0,0,0,0,0,0,1,0,0,0,0,0,0,0,0,0,0,0,0,1,12.765691290604371,350000
0.1980287417180216,0.09644111792455802,0.20638249206836137,0.012564298104070972,0,1,0,0,0,0,0,0,0,1,0,0,0,0,0,0,0,0,0,0,0,0,0,0,0,0,0,0,0,1,0,0,0,0,0,0,0,0,0,0,1,0,0,13.161586013632684,520000
0.1980287417180216,0.09644111792455802,-0.0822921596302933,0.012564298104070972,0,0,0,0,0,0,0,0,0,0,0,0,0,0,0,0,0,1,0,0,0,0,0,0,0,0,0,0,0,0,0,1,0,0,0,0,0,0,0,1,0,0,0,12.345838935721968,230000
0.1980287417180216,0.09644111792455802,-0.09699545258608215,0.012564298104070972,1,1,0,0,0,0,0,0,0,0,0,0,0,0,0,0,0,1,0,0,0,0,0,0,0,0,0,0,0,0,0,1,0,0,0,0,0,0,0,1,0,0,0,12.301387370778713,220000
0.1980287417180216,0.09644111792455802,-0.03818228076292671,1.1678668310881546,0,0,0,0,0,0,0,0,0,0,0,0,0,0,0,0,0,1,0,0,0,0,0,0,0,0,0,0,0,1,0,0,0,0,0,0,0,0,0,0,0,0,1,12.644330802262578,310000
0.1980287417180216,0.09644111792455802,-0.08719325728222291,0.012564298104070972,1,0,0,0,0,0,0,0,0,0,0,0,0,0,0,0,0,1,0,0,0,0,0,0,0,0,0,0,0,0,1,0,0,0,0,0,0,0,0,0,1,0,0,12.468440756144114,260000
0.1980287417180216,-1.946160087556246,-0.1607097220611672,-1.1427382348800126,0,1,0,0,0,0,0,0,0,0,0,0,0,0,0,0,0,1,0,0,0,0,0,0,0,0,0,0,0,0,0,0,0,0,0,0,1,0,0,0,1,0,0,11.884495917930655,145000
1.779741360948829,2.139042323405362,0.31763740876716373,-1.1427382348800126,0,1,0,0,0,0,0,0,0,1,0,0,0,0,0,0,0,0,0,0,0,0,0,0,0,0,0,0,0,1,0,0,0,0,0,0,0,0,0,1,0,0,1,13.498057700804253,728000
0.1980287417180216,0.09644111792455802,0.050037476971806466,1.1678668310881546,1,1,0,0,0,0,0,0,0,0,0,0,0,0,0,0,0,1,0,0,0,0,0,0,0,0,0,0,0,0,0,0,0,0,0,0,1,0,0,0,0,0,0,12.948012371209098,420000
0.1980287417180216,0.09644111792455802,0.01572979340829912,0.012564298104070972,1,0,0,0,0,0,0,0,0,0,0,0,0,0,0,0,1,0,0,0,0,0,0,0,0,0,0,0,1,0,0,0,0,0,0,0,0,0,0,1,0,1,0,11.813037464800539,135000
0.1980287417180216,0.09644111792455802,0.06032978204085867,0.012564298104070972,1,0,0,1,0,0,0,0,0,0,0,0,0,0,0,0,1,0,0,0,0,0,0,0,0,0,0,0,1,0,0,0,0,0,0,0,0,0,0,1,0,0,0,11.904974309480183,148000
-2.9653964967435935,-1.946160087556246,-0.21070091811084934,0.012564298104070972,1,0,0,0,0,1,0,0,0,0,0,0,0,0,0,0,1,0,0,0,0,0,0,0,0,0,0,0,1,0,0,0,0,0,0,0,0,0,0,1,0,0,0,12.013706813470414,165000
0.1980287417180216,0.09644111792455802,-0.05974711043141704,-1.1427382348800126,0,0,0,0,0,0,0,0,0,1,0,0,0,0,0,0,0,0,0,0,0,0,0,0,0,0,0,0,0,1,0,0,0,0,0,0,0,0,0,1,0,0,1,12.59473402514672,295000
0.1980287417180216,0.09644111792455802,-0.16904158806944758,0.012564298104070972,1,0,0,0,0,0,0,0,0,0,0,0,0,0,0,0,1,0,0,0,0,0,0,0,0,0,0,0,1,0,0,0,0,0,0,0,0,0,0,1,0,0,0,12.429220196836383,250000
0.1980287417180216,0.09644111792455802,0.09561768513475194,-1.1427382348800126,1,1,0,0,0,0,0,0,0,0,0,0,0,0,0,0,0,1,0,0,0,0,0,0,0,0,0,0,0,0,0,0,0,0,0,0,1,0,0,0,0,1,0,12.779875885354993,355000
0.1980287417180216,0.09644111792455802,-0.09405479399492438,0.012564298104070972,0,1,0,0,0,0,0,0,0,0,0,0,0,1,0,0,0,0,0,1,0,0,0,0,0,0,0,0,0,0,0,0,0,0,0,0,0,0,0,1,1,0,0,12.75130259456002,345000
0.1980287417180216,-1.946160087556246,-0.15874928300039537,0.012564298104070972,0,0,0,0,0,0,0,0,0,0,0,0,0,1,0,0,0,0,0,0,0,0,0,0,0,0,0,0,0,1,0,0,0,0,0,0,0,0,0,1,1,0,0,12.570719231334277,288000
1.779741360948829,2.139042323405362,0.22745721197165872,0.012564298104070972,0,1,0,0,0,0,0,0,0,0,0,0,1,0,0,0,0,0,0,0,0,0,0,0,0,0,0,0,0,1,0,0,0,0,0,0,0,0,0,1,0,0,0,12.700771936142122,328000
0.1980287417180216,-1.946160087556246,-0.15237785605288687,-1.1427382348800126,0,0,0,0,0,0,0,0,0,0,0,0,0,0,0,0,0,1,0,0,0,0,0,0,0,0,0,0,0,0,0,1,0,0,0,0,0,0,0,0,0,0,0,11.918397239722838,150000
0.1980287417180216,0.09644111792455802,-0.15090752675730798,-1.1427382348800126,0,0,0,1,0,0,0,0,0,0,0,0,0,0,0,0,0,1,0,0,0,0,0,0,0,0,0,0,0,0,0,1,0,0,0,0,0,0,0,1,0,0,0,11.982935344196433,160000
0.1980287417180216,0.09644111792455802,0.11228141715131264,-1.1427382348800126,1,0,0,0,0,1,0,0,0,1,0,0,0,0,0,0,0,0,0,0,0,1,0,0,0,0,0,0,0,0,0,0,0,0,0,0,0,0,0,0,0,0,1,13.180634172318978,530000
0.1980287417180216,0.09644111792455802,0.09561768513475194,1.1678668310881546,1,1,0,0,0,0,0,0,0,0,0,0,0,0,0,0,0,1,0,0,0,0,0,0,0,0,0,0,0,0,1,0,0,0,0,0,0,0,0,1,0,0,1,13.527829818844937,750000
0.1980287417180216,-1.946160087556246,-0.14600642910537837,-1.1427382348800126,0,0,0,0,0,0,0,0,0,0,0,0,0,1,0,0,0,0,0,0,0,0,0,0,0,0,0,0,0,1,0,0,0,0,0,0,0,0,0,1,0,0,0,12.345838935721968,230000
1.779741360948829,2.139042323405362,0.20001106512085284,1.1678668310881546,1,1,0,0,0,0,0,0,0,0,0,0,0,0,0,0,0,1,0,0,0,0,0,0,0,0,0,0,0,0,1,0,0,0,0,0,0,0,0,1,0,0,0,12.899222326086994,400000
0.1980287417180216,0.09644111792455802,-0.04700425653640002,0.012564298104070972,0,1,0,0,0,0,0,0,0,0,0,0,0,1,0,0,0,0,0,1,0,0,0,0,0,0,0,0,0,0,0,0,0,0,0,0,0,0,0,1,0,1,0,12.429220196836383,250000
0.1980287417180216,0.09644111792455802,-0.06268776902257481,1.1678668310881546,0,0,0,0,0,0,0,0,0,0,0,0,0,0,0,0,0,1,0,0,0,0,0,0,0,0,0,0,0,1,0,0,0,0,0,0,0,0,0,0,1,0,0,12.672949516558306,319000
0.1980287417180216,0.09644111792455802,-0.06268776902257481,-1.1427382348800126,1,0,0,0,0,0,0,0,1,0,0,0,0,0,0,0,0,0,0,0,0,0,0,0,0,1,0,0,0,0,0,0,0,0,0,0,0,0,0,0,0,0,1,12.524530013005734,275000
0.1980287417180216,0.09644111792455802,0.005437488339246915,-1.1427382348800126,0,0,0,0,0,1,0,0,0,0,0,0,0,0,0,0,0,1,0,0,0,0,0,0,0,0,0,0,0,1,0,0,0,0,0,0,0,0,0,1,0,0,1,12.73670383776449,340000
0.1980287417180216,0.09644111792455802,-0.0822921596302933,0.012564298104070972,1,0,0,1,0,0,0,0,0,0,0,0,0,0,0,0,0,1,0,0,0,0,0,0,0,0,0,0,0,1,0,0,0,0,0,0,0,0,0,0,0,0,1,11.849404844423074,140000
-1.383683877512786,0.09644111792455802,-0.13228335567997543,0.012564298104070972,0,1,0,0,0,0,0,0,0,0,0,0,1,0,0,0,0,0,0,0,0,0,0,0,0,0,0,0,0,1,0,0,0,0,0,0,0,0,0,1,0,0,1,12.896719202134523,399000
-1.383683877512786,0.09644111792455802,-0.08768336704741587,0.012564298104070972,0,0,0,0,0,0,0,0,0,0,0,0,1,0,0,0,0,0,0,0,0,0,0,0,0,0,0,0,0,1,0,0,0,0,0,0,0,0,0,1,0,0,1,12.524530013005734,275000
-2.9653964967435935,-1.946160087556246,-0.1028767697683977,0.012564298104070972,1,0,0,0,0,0,0,0,0,0,0,0,1,0,0,0,0,0,0,0,0,0,0,0,0,0,0,0,0,1,0,0,0,0,0,0,0,0,0,1,0,1,0,12.506180941677357,270000
0.1980287417180216,-1.946160087556246,-0.18521521032081534,1.1678668310881546,1,0,0,0,0,0,0,0,0,1,0,0,0,0,0,0,0,0,0,0,0,0,0,0,0,0,0,0,0,1,0,0,0,0,0,0,0,0,0,0,0,0,1,12.479913113434042,263000
-2.9653964967435935,-1.946160087556246,-0.09846578188166104,1.1678668310881546,1,1,0,0,0,0,0,0,0,0,0,0,0,0,0,0,0,1,0,0,0,0,0,0,0,0,0,0,0,1,0,0,0,0,0,0,0,0,0,1,0,0,1,12.513561021741964,272000
0.1980287417180216,0.09644111792455802,0.1372770151761537,0.012564298104070972,0,1,0,0,0,0,0,0,0,0,0,0,0,1,0,0,0,0,0,0,0,0,0,0,0,0,0,0,0,0,0,0,0,0,0,0,0,1,0,1,0,1,0,13.161586013632684,520000
-2.9653964967435935,-1.946160087556246,-0.1803141126688857,0.012564298104070972,1,1,0,0,0,0,0,0,0,1,0,0,0,0,0,0,0,0,0,0,0,1,0,0,0,0,0,0,0,0,0,0,0,0,0,0,0,0,0,1,0,0,0,12.611541086966115,300000
0.1980287417180216,-1.946160087556246,-0.15727895370481648,-1.1427382348800126,0,0,0,0,0,0,0,0,0,0,0,0,0,0,0,0,0,1,0,0,0,0,0,0,0,0,0,0,0,0,0,0,0,0,0,0,1,0,0,0,0,1,0,12.323860125621126,225000
-1.383683877512786,0.09644111792455802,-0.09111413540376662,-1.1427382348800126,0,0,0,0,0,1,0,0,0,0,0,0,0,0,0,0,0,1,0,0,0,0,0,0,0,0,0,0,0,1,0,0,0,0,0,0,0,0,0,1,0,0,0,12.899222326086994,400000
0.1980287417180216,-1.946160087556246,-0.18374488102523645,0.012564298104070972,1,0,0,0,0,0,0,0,0,1,0,0,0,0,0,0,0,0,0,0,0,0,0,0,0,0,0,0,0,1,0,0,0,0,0,0,0,0,0,1,1,0,0,12.384223015005313,239000
0.1980287417180216,0.09644111792455802,-0.03524162217176893,-1.1427382348800126,1,0,0,0,0,0,0,0,1,0,0,0,0,0,0,0,0,0,0,0,0,0,0,0,0,1,0,0,0,0,0,0,0,0,0,0,0,0,0,1,0,0,1,12.498745990829315,268000
-1.383683877512786,-1.946160087556246,-0.1362042338015191,-1.1427382348800126,0,0,0,0,0,0,0,0,0,1,0,0,0,0,0,0,0,0,0,0,0,1,0,0,0,0,0,0,0,0,0,0,0,0,0,0,0,0,0,1,0,1,0,12.031725210748633,168000
-2.9653964967435935,-1.946160087556246,-0.2518701383870582,-1.1427382348800126,0,1,0,0,0,0,0,0,0,0,0,0,0,0,0,0,0,1,0,0,0,0,0,0,0,0,0,0,0,0,0,0,0,0,0,0,1,0,0,1,0,0,1,12.570719231334277,288000
0.1980287417180216,0.09644111792455802,0.015239683643106157,1.1678668310881546,1,0,0,0,0,1,0,0,0,1,0,0,0,0,0,0,0,0,0,0,0,0,0,0,0,0,0,0,0,0,0,0,0,1,0,0,0,0,0,1,1,0,0,12.765691290604371,350000
0.1980287417180216,0.09644111792455802,-0.15776906347000946,-1.1427382348800126,0,0,0,0,0,0,0,0,0,0,0,0,1,0,0,0,0,0,0,0,0,0,0,0,0,0,0,0,0,0,0,0,1,0,0,0,0,0,0,1,1,0,0,12.154784614286667,190000
0.1980287417180216,0.09644111792455802,-0.06268776902257481,0.012564298104070972,1,0,0,0,0,0,0,0,0,0,0,0,0,0,0,0,0,1,0,0,0,0,0,0,0,0,0,0,0,0,0,0,0,0,0,0,1,0,0,1,0,0,1,12.577639650232573,290000
0.1980287417180216,0.09644111792455802,0.050037476971806466,1.1678668310881546,0,0,0,0,0,0,0,0,0,0,0,0,0,1,0,0,0,0,0,0,0,0,0,0,0,0,0,0,0,1,0,0,0,0,0,0,0,0,0,1,0,0,1,12.765691290604371,350000
-2.9653964967435935,-1.946160087556246,-0.17835367360811386,0.012564298104070972,0,1,0,0,0,0,0,0,1,0,0,0,0,0,0,0,0,0,0,0,0,0,0,0,0,0,0,0,0,1,0,0,0,0,0,0,0,0,0,1,0,1,0,12.779875885354993,355000
-1.383683877512786,0.09644111792455802,-0.0822921596302933,0.012564298104070972,0,1,0,0,0,0,0,0,0,0,0,0,0,1,0,0,0,0,0,0,0,0,0,0,0,0,0,0,0,1,0,0,0,0,0,0,0,0,0,1,0,0,0,12.886643575525625,395000
-2.9653964967435935,-1.946160087556246,-0.27245474852516255,1.1678668310881546,1,0,0,0,0,1,0,0,0,0,0,0,1,0,0,0,0,0,0,0,0,0,0,0,0,0,0,0,0,1,0,0,0,0,0,0,0,0,0,1,0,0,1,12.899222326086994,400000
0.1980287417180216,0.09644111792455802,-0.11512951389822175,-1.1427382348800126,1,0,0,0,0,0,0,0,1,0,0,0,0,0,0,0,0,0,0,0,0,0,0,0,0,1,0,0,0,0,0,0,0,0,0,0,0,0,0,0,0,0,1,12.19602736016897,198000
-1.383683877512786,0.09644111792455802,-0.26853387040361887,-1.1427382348800126,0,0,0,0,0,1,0,0,0,1,0,0,0,0,0,0,0,0,1,0,0,0,0,0,0,0,0,0,0,0,0,0,0,0,0,0,0,0,0,1,0,0,0,12.75130259456002,345000
0.1980287417180216,0.09644111792455802,0.0005363906873172947,1.1678668310881546,1,0,0,0,0,1,0,0,0,0,0,0,0,0,0,0,0,1,0,0,0,0,0,0,0,0,0,0,0,0,0,0,0,0,1,0,0,0,0,1,0,0,0,12.899222326086994,400000
0.1980287417180216,0.09644111792455802,0.021611110590614664,-1.1427382348800126,0,1,0,0,0,0,0,0,0,0,0,0,1,0,0,0,0,0,0,0,0,0,0,0,0,0,0,0,0,0,0,0,1,0,0,0,0,0,0,1,0,0,0,12.240478903153711,207000
0.1980287417180216,-1.946160087556246,0.18187700380871324,0.012564298104070972,0,1,0,0,0,0,0,0,0,0,0,0,0,0,0,0,0,0,0,0,0,0,0,0,0,0,0,0,0,0,0,0,0,0,0,0,0,0,0,1,0,0,0,13.270785106659046,580000
0.1980287417180216,0.09644111792455802,0.0598396722756657,0.012564298104070972,1,1,0,0,0,0,0,0,0,0,0,0,0,0,0,1,0,0,0,0,0,0,0,0,0,0,0,1,0,0,0,0,0,0,0,0,0,0,0,1,0,0,1,13.091906231773164,485000
0.1980287417180216,0.09644111792455802,-0.11758006272418656,0.012564298104070972,1,0,0,0,0,0,0,0,0,0,0,0,0,0,0,1,0,0,0,0,0,0,0,0,0,0,0,1,0,0,0,0,0,0,0,0,0,0,0,1,0,1,0,12.59473402514672,295000
0.1980287417180216,0.09644111792455802,-0.0822921596302933,0.012564298104070972,1,0,0,1,0,0,0,0,0,0,0,0,0,0,0,0,0,1,0,0,0,0,0,0,0,0,0,0,0,1,0,0,0,0,0,0,0,0,0,0,0,0,1,12.04355959836804,170000
0.1980287417180216,0.09644111792455802,-0.09405479399492438,-1.1427382348800126,0,0,0,0,0,0,0,0,0,0,0,0,0,0,0,0,0,1,0,0,0,0,0,0,0,0,0,0,0,0,0,0,0,0,0,0,1,0,0,1,0,0,1,12.230770136157428,205000
0.1980287417180216,0.09644111792455802,-0.15727895370481648,-1.1427382348800126,0,0,0,1,0,0,0,0,0,0,0,0,0,0,0,0,0,1,0,0,0,0,0,0,0,0,0,0,0,1,0,0,0,0,0,0,0,0,0,1,0,1,0,11.759793355371237,128000
0.1980287417180216,0.09644111792455802,-0.15727895370481648,-1.1427382348800126,0,0,0,1,0,0,0,0,0,0,0,0,0,0,0,0,0,1,0,0,0,0,0,0,0,0,0,0,0,1,0,0,0,0,0,0,0,0,0,1,0,0,1,11.652696102959753,115000
0.1980287417180216,0.09644111792455802,-0.06268776902257481,0.012564298104070972,0,0,0,0,0,0,0,0,0,0,0,0,0,0,0,0,0,1,0,0,0,0,0,0,0,0,0,0,0,1,0,0,0,0,0,0,0,0,0,0,0,1,0,12.506180941677357,270000
0.1980287417180216,2.139042323405362,0.10885064879496191,1.1678668310881546,0,1,0,0,0,0,0,0,0,0,0,0,0,0,1,0,0,0,0,0,0,0,0,0,0,0,0,0,0,1,0,0,0,0,0,0,0,0,0,1,1,0,0,13.120363378739663,499000
0.1980287417180216,0.09644111792455802,-0.0024042679038404776,-1.1427382348800126,1,1,0,0,0,0,0,0,1,0,0,0,0,0,0,0,0,0,0,0,0,0,0,0,0,1,0,0,0,0,0,0,0,0,0,0,0,0,0,1,0,0,1,12.669809806411457,318000
0.1980287417180216,0.09644111792455802,-0.05288557371871557,1.1678668310881546,1,0,0,0,0,1,0,0,0,0,0,0,0,0,0,1,0,0,0,0,0,0,0,0,0,0,0,1,0,0,0,0,0,0,0,0,0,0,0,1,0,0,1,13.017005083966255,450000
-1.383683877512786,0.09644111792455802,0.043175940259105,0.012564298104070972,1,0,0,0,0,1,0,0,0,0,0,0,0,0,0,1,0,0,0,0,0,0,0,0,0,0,0,1,0,0,0,0,0,0,0,0,0,0,0,1,0,0,1,13.122365377402328,500000
-2.9653964967435935,-1.946160087556246,-0.12052072131534433,0.012564298104070972,0,1,0,0,0,0,0,0,0,1,0,0,0,0,0,0,0,0,0,0,0,0,0,0,0,0,0,0,0,1,0,0,0,0,0,0,0,0,0,1,0,0,1,12.468440756144114,260000
0.1980287417180216,0.09644111792455802,-0.06268776902257481,1.1678668310881546,1,0,0,0,0,0,0,0,0,0,0,0,0,0,0,0,0,1,0,0,0,0,0,0,0,0,0,0,0,0,0,0,0,0,0,0,1,0,0,1,0,0,1,12.73670383776449,340000
0.1980287417180216,0.09644111792455802,-0.1607097220611672,-1.1427382348800126,1,0,0,1,0,0,0,0,0,0,0,0,1,0,0,0,0,0,0,0,0,0,0,0,0,0,0,0,0,0,0,0,1,0,0,0,0,0,0,0,1,0,0,11.686887175419702,119000
0.1980287417180216,0.09644111792455802,-0.05876689090103111,-1.1427382348800126,1,0,0,0,0,0,0,0,0,0,0,0,0,0,0,0,0,1,1,0,0,0,0,0,0,0,0,0,0,0,0,0,0,0,0,0,0,0,0,1,0,0,1,12.821260987319457,370000
0.1980287417180216,0.09644111792455802,0.02994297659889502,-1.1427382348800126,0,0,0,0,0,0,0,0,0,0,0,0,0,0,0,0,0,1,0,0,0,0,0,0,0,0,0,0,0,1,0,0,0,0,0,0,0,0,0,1,0,1,0,12.971542813248437,430000
0.1980287417180216,0.09644111792455802,-0.11169874554187102,0.012564298104070972,0,0,0,0,0,0,0,0,0,0,0,0,0,0,0,0,0,1,0,0,0,0,0,0,0,0,0,0,0,0,0,0,0,0,0,0,1,0,0,1,1,0,0,12.429220196836383,250000
0.1980287417180216,0.09644111792455802,-0.11169874554187102,0.012564298104070972,0,0,0,0,0,0,0,0,0,0,0,0,0,0,0,0,0,1,0,0,0,0,0,0,0,0,0,0,0,0,0,0,0,0,0,0,1,0,0,1,0,1,0,12.468440756144114,260000
0.1980287417180216,0.09644111792455802,-0.11169874554187102,0.012564298104070972,0,0,0,0,0,0,0,0,0,0,0,0,0,0,0,0,0,1,0,0,0,0,0,0,0,0,0,0,0,0,0,0,0,0,0,0,1,0,0,1,1,0,0,12.07254696717504,175000
0.1980287417180216,0.09644111792455802,-0.07935150103913552,-1.1427382348800126,1,0,0,0,0,0,0,0,0,0,0,0,0,0,0,0,0,1,0,0,0,0,0,0,0,0,0,0,0,1,0,0,0,0,0,0,0,0,0,0,0,0,1,12.25486757159303,210000
-1.383683877512786,-1.946160087556246,-0.14208555098383466,0.012564298104070972,0,0,0,0,0,1,0,0,0,0,1,0,0,0,0,0,0,0,0,0,0,0,0,0,0,0,0,0,0,1,0,0,0,0,0,0,0,0,0,1,0,0,1,12.238060533986511,206500
0.1980287417180216,0.09644111792455802,-0.1607097220611672,-1.1427382348800126,1,0,0,0,0,0,0,0,0,0,0,0,0,1,0,0,0,0,0,0,0,0,0,0,0,0,0,0,0,0,0,0,0,0,0,0,0,1,0,1,0,0,0,12.292254928916668,218000
1.779741360948829,0.09644111792455802,0.1799165647479414,1.1678668310881546,0,1,0,0,0,0,0,0,0,0,0,0,0,1,0,0,0,0,0,0,0,0,0,0,1,0,0,0,0,0,0,0,0,0,0,0,0,0,0,1,0,0,0,13.554147092530322,770000
-1.383683877512786,-1.946160087556246,-0.19011630797274495,0.012564298104070972,0,0,0,1,0,0,0,0,0,0,0,0,0,1,0,0,0,0,0,0,1,0,0,0,0,0,0,0,0,0,0,0,0,0,0,0,0,0,0,1,0,0,0,12.301387370778713,220000
-1.383683877512786,-1.946160087556246,-0.25873167509975964,0.012564298104070972,1,1,0,0,0,0,0,0,0,0,0,0,0,0,0,0,0,0,0,0,0,0,0,0,0,0,0,0,0,0,0,0,0,0,0,0,0,0,0,1,0,0,1,12.367345048436391,235000
-1.383683877512786,-1.946160087556246,-0.18521521032081534,0.012564298104070972,1,0,0,0,0,0,1,0,0,1,0,0,0,0,0,0,0,0,0,0,0,0,0,0,0,0,0,0,0,1,0,0,0,0,0,0,0,0,0,1,0,0,1,13.075483487498648,477100
1.779741360948829,2.139042323405362,0.40291650791073913,2.323169364072238,1,0,1,0,0,0,0,0,0,0,0,0,1,0,0,0,0,0,0,0,0,0,0,0,0,0,0,0,0,1,0,0,0,0,0,0,0,0,0,1,0,0,1,13.579789490265188,790000
0.1980287417180216,0.09644111792455802,-0.0822921596302933,0.012564298104070972,1,0,0,1,0,0,0,0,0,0,0,0,0,0,0,0,0,1,0,0,0,0,0,0,0,0,0,0,0,1,0,0,0,0,0,0,0,0,0,0,0,1,0,12.100717685412471,180000
0.1980287417180216,0.09644111792455802,-0.06121743972699593,1.1678668310881546,0,0,0,0,0,0,0,0,0,0,0,0,0,0,0,0,0,1,0,0,0,0,0,0,0,0,0,0,0,1,0,0,0,0,0,0,0,0,0,0,1,0,0,12.429220196836383,250000
0.1980287417180216,0.09644111792455802,-0.14698664863576427,-1.1427382348800126,0,0,0,1,0,0,0,0,0,0,0,0,0,0,0,0,0,1,0,0,0,0,0,0,0,0,0,0,0,1,0,0,0,0,0,0,0,0,0,0,0,0,1,11.813037464800539,135000
0.1980287417180216,0.09644111792455802,-0.06121743972699593,1.1678668310881546,0,0,0,0,0,0,0,0,0,0,0,0,0,0,0,0,0,1,0,0,0,0,0,0,0,0,0,0,0,1,0,0,0,0,0,0,0,0,0,0,0,0,1,12.524530013005734,275000
0.1980287417180216,-1.946160087556246,-0.1607097220611672,-1.1427382348800126,1,0,0,1,0,0,0,0,0,0,0,0,0,0,0,0,0,1,1,0,0,0,0,0,0,0,0,0,0,0,0,0,0,0,0,0,0,0,0,1,1,0,0,12.013706813470414,165000
0.1980287417180216,0.09644111792455802,-0.0357317319369619,0.012564298104070972,0,0,0,0,0,0,0,0,0,0,0,0,0,1,0,0,0,0,0,0,0,0,0,0,0,0,0,0,0,1,0,0,0,0,0,0,0,0,0,1,0,0,1,12.873904582205107,390000
0.1980287417180216,0.09644111792455802,-0.005835036260191212,-1.1427382348800126,1,0,0,0,0,0,0,0,1,0,0,0,0,0,0,0,0,0,0,0,0,0,0,0,0,0,0,0,0,1,0,0,0,0,0,0,0,0,0,1,0,1,0,12.367345048436391,235000
0.1980287417180216,0.09644111792455802,-0.010736133912120832,0.012564298104070972,0,1,0,0,0,0,0,0,0,0,0,0,0,0,0,0,0,1,0,0,0,0,0,0,0,0,0,0,0,0,0,0,0,0,1,0,0,0,0,0,1,0,0,12.847929163278053,380000
0.1980287417180216,0.09644111792455802,-0.1362042338015191,0.012564298104070972,0,0,0,0,0,0,0,0,0,0,0,0,0,1,0,0,0,0,0,0,0,0,0,1,0,0,0,0,0,0,0,0,0,0,0,0,0,0,0,1,0,0,1,12.948012371209098,420000
-1.383683877512786,0.09644111792455802,-0.06268776902257481,-1.1427382348800126,0,0,0,0,0,0,0,0,0,0,0,0,1,0,0,0,0,0,0,0,0,0,0,0,0,0,0,0,0,1,0,0,0,0,0,0,0,0,0,0,0,0,1,13.017005083966255,450000
0.1980287417180216,0.09644111792455802,-0.0014240483734545535,1.1678668310881546,0,1,0,0,0,0,0,0,0,0,0,0,0,0,0,0,0,1,0,0,0,0,0,0,0,0,0,0,0,1,0,0,0,0,0,0,0,0,0,1,0,0,1,12.948012371209098,420000
0.1980287417180216,-1.946160087556246,-0.18227455172965756,-1.1427382348800126,1,0,0,0,0,0,0,0,0,0,0,0,0,0,0,0,0,1,0,0,0,0,0,0,0,0,0,0,0,0,0,1,0,0,0,0,0,0,0,0,1,0,0,11.982935344196433,160000
0.1980287417180216,0.09644111792455802,-0.15727895370481648,-1.1427382348800126,1,0,0,1,0,0,0,0,0,1,0,0,0,0,0,0,0,0,0,0,0,1,0,0,0,0,0,0,0,0,0,0,0,0,0,0,0,0,0,1,0,0,1,12.278397958261774,215000
0.1980287417180216,0.09644111792455802,-0.05778667137064519,-1.1427382348800126,0,1,0,0,0,0,0,0,0,0,0,0,0,0,0,0,0,1,0,0,0,0,0,0,0,0,0,0,0,0,0,0,0,0,0,0,1,0,0,1,1,0,0,12.429220196836383,250000
1.779741360948829,0.09644111792455802,0.010828695756369498,0.012564298104070972,0,0,0,0,0,0,0,0,1,0,0,0,0,0,0,0,0,0,0,0,0,0,0,0,0,0,0,0,0,1,0,0,0,0,0,0,0,0,0,1,0,1,0,12.59473402514672,295000
0.1980287417180216,0.09644111792455802,0.09169680701320823,1.1678668310881546,0,1,0,0,0,0,0,0,0,0,0,0,0,1,0,0,0,0,0,0,0,0,0,0,0,0,0,0,0,1,0,0,0,0,0,0,0,0,0,1,0,0,0,13.161586013632684,520000
0.1980287417180216,0.09644111792455802,-0.09944600141204697,-1.1427382348800126,1,0,0,1,0,0,0,0,0,0,0,0,0,0,0,0,0,1,0,0,0,0,0,0,0,0,1,0,0,0,0,0,0,0,0,0,0,0,0,0,0,0,1,11.736077016252437,125000
0.1980287417180216,0.09644111792455802,0.010828695756369498,1.1678668310881546,0,0,0,0,0,0,0,0,0,0,0,0,0,0,0,0,0,1,0,0,0,0,0,0,0,0,0,0,0,1,0,0,0,0,0,0,0,0,0,0,0,0,1,12.765691290604371,350000
0.1980287417180216,-1.946160087556246,-0.12591192873246693,-1.1427382348800126,0,0,0,0,0,0,0,0,0,0,0,1,0,0,0,0,0,0,0,0,0,0,0,0,0,0,0,0,0,1,0,0,0,0,0,0,0,0,0,0,0,0,1,12.206077645517674,200000
0.1980287417180216,0.09644111792455802,-0.09944600141204697,0.012564298104070972,1,0,0,0,0,0,0,0,0,0,1,0,0,0,0,0,0,0,0,0,0,0,0,0,0,0,0,0,0,1,0,0,0,0,0,0,0,0,0,1,0,0,1,12.100717685412471,180000
0.1980287417180216,0.09644111792455802,-0.0014240483734545535,1.1678668310881546,1,0,0,0,0,1,0,0,0,0,0,0,0,0,0,0,0,1,0,0,0,0,0,0,0,0,0,0,0,1,0,0,0,0,0,0,0,0,0,1,0,0,0,13.060490101343552,470000
0.1980287417180216,0.09644111792455802,0.198050626060081,2.323169364072238,0,0,1,0,0,0,0,0,0,0,0,0,0,0,0,0,0,1,0,0,0,0,0,0,0,0,0,0,0,1,0,0,0,0,0,0,0,0,0,1,0,0,0,13.404531777462488,663000
0.1980287417180216,0.09644111792455802,-0.009755914381734909,1.1678668310881546,0,0,0,0,0,1,0,0,0,1,0,0,0,0,0,0,0,0,0,0,0,0,0,0,0,0,0,0,0,1,0,0,0,0,0,0,0,0,0,1,0,0,0,13.235693848424024,560000
0.1980287417180216,0.09644111792455802,0.07601329452703345,0.012564298104070972,1,0,0,0,0,0,0,0,0,0,0,0,0,0,0,0,0,1,0,0,0,0,0,0,0,0,0,0,0,1,0,0,0,0,0,0,0,0,0,1,0,0,0,12.676079399771027,320000
0.1980287417180216,0.09644111792455802,-0.06268776902257481,0.012564298104070972,1,0,0,0,0,0,0,0,0,0,0,0,0,0,0,1,0,0,0,0,0,0,0,0,0,0,0,0,0,1,0,0,0,0,0,0,0,0,0,1,1,0,0,12.206077645517674,200000
1.779741360948829,2.139042323405362,0.35145498256547814,2.323169364072238,0,1,0,0,0,0,0,0,0,1,0,0,0,0,0,0,0,0,0,0,0,0,0,0,0,0,0,0,0,1,0,0,0,0,0,0,0,0,0,1,1,0,0,13.270785106659046,580000
0.1980287417180216,0.09644111792455802,-0.06268776902257481,1.1678668310881546,0,0,0,0,0,0,0,0,0,0,0,1,0,0,0,0,0,0,0,0,0,0,0,0,0,0,0,0,0,1,0,0,0,0,0,0,0,0,0,1,0,0,1,12.706850963741102,330000
0.1980287417180216,0.09644111792455802,-0.11169874554187102,-1.1427382348800126,0,0,0,0,0,0,0,0,0,0,0,0,0,0,0,0,0,1,0,0,0,0,0,0,0,0,0,0,0,1,0,0,0,0,0,0,0,0,0,1,0,0,1,12.468440756144114,260000
0.1980287417180216,0.09644111792455802,-0.1558086244092376,-1.1427382348800126,1,0,0,0,0,0,0,0,0,0,0,0,0,0,0,0,0,1,0,0,0,0,0,0,0,0,0,0,0,1,0,0,0,0,0,0,0,0,0,0,0,0,0,11.561725152903833,105000
0.1980287417180216,0.09644111792455802,0.010828695756369498,1.1678668310881546,0,0,0,0,0,0,0,0,0,0,0,0,0,1,0,0,0,0,0,0,0,0,0,1,0,0,0,0,0,0,0,0,0,0,0,0,0,0,0,1,0,1,0,13.081543466215237,480000
1.779741360948829,0.09644111792455802,0.09953856325629563,1.1678668310881546,1,1,0,0,0,0,0,0,0,1,0,0,0,0,0,0,0,0,0,0,0,0,0,0,0,0,0,0,0,1,0,0,0,0,0,0,0,0,0,0,0,1,0,13.038983942375959,460000
0.1980287417180216,0.09644111792455802,0.15786162531425812,0.012564298104070972,0,1,0,0,0,0,0,0,0,1,0,0,0,0,0,0,0,0,0,0,0,0,0,0,0,0,0,0,0,1,0,0,0,0,0,0,0,0,0,1,0,0,0,13.102162710901053,490000
0.1980287417180216,0.09644111792455802,0.057389123449700895,0.012564298104070972,0,1,0,0,0,0,0,0,0,0,0,0,0,1,0,0,0,0,0,0,0,0,0,0,0,0,0,0,0,0,0,0,0,0,0,0,0,1,0,1,0,0,1,13.244582780038517,565000
-1.383683877512786,0.09644111792455802,0.0353341840160176,1.1678668310881546,1,0,0,0,0,1,0,0,0,0,1,0,0,0,0,0,0,0,0,0,0,0,0,0,0,0,0,0,0,1,0,0,0,0,0,0,0,0,0,1,1,0,0,13.171155446333852,525000
-1.383683877512786,0.09644111792455802,0.0353341840160176,1.1678668310881546,1,0,0,0,0,1,0,0,0,0,1,0,0,0,0,0,0,0,0,0,0,0,0,0,0,0,0,0,0,1,0,0,0,0,0,0,0,0,0,1,1,0,0,13.171155446333852,525000
1.779741360948829,2.139042323405362,0.05542868438892905,1.1678668310881546,0,1,0,0,0,0,0,0,0,0,0,0,0,1,0,0,0,0,0,1,0,0,0,0,0,0,0,0,0,0,0,0,0,0,0,0,0,0,0,1,1,0,0,13.384729180332174,650000
0.1980287417180216,-1.946160087556246,-0.16806136853906165,0.012564298104070972,0,0,0,1,0,0,0,0,0,0,0,0,0,1,0,0,0,0,0,0,1,0,0,0,0,0,0,0,0,0,0,0,0,0,0,0,0,0,0,1,0,0,0,12.345838935721968,230000
0.1980287417180216,0.09644111792455802,-0.11120863577667806,-1.1427382348800126,1,0,0,0,0,0,0,0,0,0,0,0,0,0,0,0,0,1,0,0,0,0,0,0,0,0,0,0,0,1,0,0,0,0,0,0,0,0,0,0,1,0,0,12.100717685412471,180000
0.1980287417180216,0.09644111792455802,-0.1607097220611672,-1.1427382348800126,0,0,0,0,0,0,0,0,0,0,0,0,0,0,0,0,0,1,0,0,0,0,0,0,0,0,0,0,0,1,0,0,0,0,0,0,0,0,0,1,0,1,0,10.819798284210286,50000
0.1980287417180216,0.09644111792455802,0.19020886981699361,0.012564298104070972,0,1,0,0,0,0,0,0,0,0,0,0,0,0,0,0,0,1,0,0,0,0,0,0,0,0,1,0,0,0,0,0,0,0,0,0,0,0,0,1,0,0,0,12.821260987319457,370000
0.1980287417180216,0.09644111792455802,0.0598396722756657,1.1678668310881546,0,1,0,0,0,0,0,0,0,0,0,0,0,1,0,0,0,0,0,0,1,0,0,0,0,0,0,0,0,0,0,0,0,0,0,0,0,0,0,1,0,1,0,13.369225017834633,640000
0.1980287417180216,0.09644111792455802,0.10885064879496191,1.1678668310881546,0,1,0,0,0,0,0,0,0,0,0,0,0,1,0,0,0,0,0,0,1,0,0,0,0,0,0,0,0,0,0,0,0,0,0,0,0,0,0,1,1,0,0,13.429849547739444,680000
0.1980287417180216,0.09644111792455802,-0.08376248892587218,-1.1427382348800126,1,0,0,0,0,0,0,0,0,0,0,0,1,0,0,0,0,0,0,0,0,0,0,0,0,0,0,0,0,0,0,0,1,0,0,0,0,0,0,0,0,1,0,12.345838935721968,230000
0.1980287417180216,0.09644111792455802,-0.015147121798857492,1.1678668310881546,0,1,0,0,0,0,0,0,0,0,0,0,0,0,1,0,0,0,0,0,0,0,0,0,0,0,0,0,0,1,0,0,0,0,0,0,0,0,0,0,1,0,0,13.021439671201302,452000
0.1980287417180216,0.09644111792455802,0.08679570936127862,1.1678668310881546,0,1,0,0,0,0,0,0,0,0,0,0,0,1,0,0,0,0,0,0,1,0,0,0,0,0,0,0,0,0,0,0,0,0,0,0,0,0,0,1,0,0,0,13.487007879880162,720000
0.1980287417180216,0.09644111792455802,0.006907817634825801,0.012564298104070972,1,0,0,0,0,0,0,0,0,0,0,0,0,0,0,0,0,1,0,0,0,0,0,0,0,0,0,0,0,0,1,0,0,0,0,0,0,0,0,0,1,0,0,12.301387370778713,220000
0.1980287417180216,0.09644111792455802,-0.04700425653640002,0.012564298104070972,0,0,0,0,0,0,0,0,0,0,0,0,0,1,0,0,0,0,0,0,0,0,0,0,0,0,0,0,0,1,0,0,0,0,0,0,0,0,0,1,0,0,1,12.345838935721968,230000
0.1980287417180216,0.09644111792455802,-0.028380085459067467,0.012564298104070972,1,1,0,0,0,0,0,0,0,1,0,0,0,0,0,0,0,0,0,0,0,1,0,0,0,0,0,0,0,0,0,0,0,0,0,0,0,0,0,0,0,0,0,12.73670383776449,340000
0.1980287417180216,0.09644111792455802,-0.05288557371871557,-1.1427382348800126,1,0,0,0,0,0,0,0,0,0,0,0,0,0,0,0,0,1,0,0,0,0,0,0,0,0,0,0,0,0,0,0,0,0,0,0,1,0,0,0,1,0,0,12.367345048436391,235000
0.1980287417180216,0.09644111792455802,0.14609899094962703,1.1678668310881546,0,0,0,0,0,1,0,0,0,0,0,0,0,0,0,0,0,1,0,0,0,1,0,0,0,0,0,0,0,0,0,0,0,0,0,0,0,0,0,1,0,0,1,13.180634172318978,530000
-2.9653964967435935,-1.946160087556246,-0.21805256458874378,1.1678668310881546,0,0,0,0,0,1,0,0,0,0,0,0,0,0,0,0,0,1,0,0,0,1,0,0,0,0,0,0,0,0,0,0,0,0,0,0,0,0,0,1,1,0,0,12.59473402514672,295000
0.1980287417180216,0.09644111792455802,0.14609899094962703,1.1678668310881546,0,0,0,0,0,1,0,0,0,0,0,0,0,0,0,0,0,1,0,0,0,1,0,0,0,0,0,0,0,0,0,0,0,0,0,0,0,0,0,1,0,0,1,13.204660158129975,542888
0.1980287417180216,0.09644111792455802,0.07454296523145457,0.012564298104070972,0,1,0,0,0,0,0,0,0,1,0,0,0,0,0,0,0,0,0,0,0,1,0,0,0,0,0,0,0,0,0,0,0,0,0,0,0,0,0,1,1,0,0,12.700771936142122,328000
0.1980287417180216,0.09644111792455802,0.11473196597727746,1.1678668310881546,0,0,0,0,0,0,0,0,0,0,0,0,0,0,0,0,0,1,0,0,0,1,0,0,0,0,0,0,0,0,0,0,0,0,0,0,0,0,0,1,0,0,1,12.765691290604371,350000
0.1980287417180216,0.09644111792455802,-0.20628993022411268,1.1678668310881546,0,0,0,0,0,1,0,0,0,0,0,0,0,0,0,0,0,1,0,0,0,0,0,0,0,0,0,0,0,1,0,0,0,0,0,0,0,0,0,0,0,1,0,12.73670383776449,340000
0.1980287417180216,0.09644111792455802,0.11473196597727746,1.1678668310881546,0,0,0,0,0,0,0,0,0,0,0,0,0,0,0,0,0,1,0,0,0,1,0,0,0,0,0,0,0,0,0,0,0,0,0,0,0,0,0,1,0,0,1,12.724869415131389,336000
0.1980287417180216,0.09644111792455802,-0.009755914381734909,0.012564298104070972,1,1,0,0,0,0,0,0,0,0,0,0,0,0,0,0,0,1,0,0,0,0,0,0,0,0,0,0,0,1,0,0,0,0,0,0,0,0,0,1,1,0,0,13.217675375388819,550000
0.1980287417180216,0.09644111792455802,0.09610779489994489,0.012564298104070972,1,0,0,0,0,0,0,0,0,0,0,0,0,0,0,0,0,1,0,0,0,0,0,0,0,0,0,0,0,0,1,0,0,0,0,0,0,0,0,0,0,1,0,13.296318365198623,595000
0.1980287417180216,0.09644111792455802,-0.06268776902257481,0.012564298104070972,0,0,0,0,0,0,0,0,0,0,0,0,0,0,0,0,0,1,0,0,0,0,0,0,0,0,0,0,0,0,0,0,0,0,1,0,0,0,0,1,0,1,0,12.73080413304066,338000
0.1980287417180216,0.09644111792455802,0.02749242777293021,1.1678668310881546,0,0,0,0,0,0,0,0,0,0,0,0,0,0,0,0,0,1,0,0,0,0,0,0,0,0,1,0,0,0,0,0,0,0,0,0,0,0,0,1,0,0,0,12.959846800844963,425000
1.779741360948829,-1.946160087556246,-0.12052072131534433,-1.1427382348800126,1,0,0,0,0,0,0,0,0,0,0,0,0,0,0,0,0,1,1,0,0,0,0,0,0,0,0,0,0,0,0,0,0,0,0,0,0,0,0,1,0,0,0,12.100717685412471,180000
0.1980287417180216,-1.946160087556246,-0.1362042338015191,-1.1427382348800126,1,0,0,0,0,0,0,0,0,0,0,0,0,0,0,0,0,1,0,0,0,0,0,0,0,0,0,0,0,0,1,0,0,0,0,0,0,0,0,0,0,0,1,12.128116509451258,185000
0.1980287417180216,-1.946160087556246,-0.1607097220611672,-1.1427382348800126,1,0,0,1,0,0,0,0,0,0,0,0,0,0,0,0,0,1,0,0,0,0,0,0,0,0,0,0,0,1,0,0,0,0,0,0,0,0,0,1,0,0,1,11.350418300109132,85000
1.779741360948829,2.139042323405362,0.7577559779104437,1.1678668310881546,0,0,0,0,0,0,0,0,0,0,0,0,1,0,0,0,0,0,0,0,0,0,0,0,0,0,0,0,0,1,0,0,0,0,0,0,0,0,0,1,1,0,0,12.700771936142122,328000
-1.383683877512786,-1.946160087556246,-0.1778635638429209,-1.1427382348800126,0,0,0,0,0,0,0,0,0,0,0,0,0,0,0,0,0,1,0,0,0,0,0,0,0,0,0,0,0,1,0,0,0,0,0,0,0,0,0,1,0,0,1,12.449022745701502,255000
0.1980287417180216,0.09644111792455802,-0.030340524519839315,1.1678668310881546,1,0,0,0,0,0,0,0,1,0,0,0,0,0,0,0,0,0,0,0,0,0,0,0,0,1,0,0,0,0,0,0,0,0,0,0,0,0,0,1,0,0,0,12.84265212010087,378000
-1.383683877512786,-1.946160087556246,-0.16806136853906165,-1.1427382348800126,0,0,0,0,0,1,0,0,0,0,0,0,0,0,0,0,0,1,0,0,0,0,0,0,0,0,0,0,0,1,0,0,0,0,0,0,0,0,0,1,1,0,0,12.847929163278053,380000
-1.383683877512786,-1.946160087556246,-0.1558086244092376,0.012564298104070972,1,0,0,0,0,0,0,0,0,0,0,0,0,0,0,1,0,0,0,0,0,0,0,0,0,0,0,1,0,0,0,0,0,0,0,0,0,0,0,1,0,0,1,12.506180941677357,270000
0.1980287417180216,0.09644111792455802,-0.06268776902257481,0.012564298104070972,1,0,0,0,0,0,0,0,0,0,0,0,0,0,0,0,0,1,0,0,0,0,0,0,0,0,0,0,0,0,0,1,0,0,0,0,0,0,0,1,0,0,1,12.323860125621126,225000
-1.383683877512786,0.09644111792455802,-0.1362042338015191,-1.1427382348800126,1,0,0,0,0,0,0,0,0,0,0,0,0,0,0,1,0,0,0,0,0,0,0,0,0,0,0,1,0,0,0,0,0,0,0,0,0,0,0,1,0,1,0,12.429220196836383,250000
0.1980287417180216,0.09644111792455802,-0.1607097220611672,0.012564298104070972,0,0,0,0,0,0,0,0,0,0,0,0,0,1,0,0,0,0,0,0,0,0,0,0,0,0,0,0,0,0,0,0,0,0,0,0,0,1,0,1,0,1,0,12.269052139516223,213000
0.1980287417180216,0.09644111792455802,0.15492096672310035,1.1678668310881546,1,1,0,0,0,0,0,0,0,0,0,0,0,0,0,0,0,1,0,0,0,0,0,0,0,0,0,0,0,0,0,1,0,0,0,0,0,0,0,1,0,0,1,10.778977123006351,48000
0.1980287417180216,0.09644111792455802,-0.013676792503278605,-1.1427382348800126,1,0,0,0,0,0,0,0,1,0,0,0,0,0,0,0,0,0,0,0,0,0,0,0,0,0,0,0,0,1,0,0,0,0,0,0,0,0,0,1,0,0,0,12.498745990829315,268000
0.1980287417180216,0.09644111792455802,-0.015147121798857492,1.1678668310881546,1,1,0,0,0,0,0,0,0,1,0,0,0,0,0,0,0,0,0,0,0,1,0,0,0,0,0,0,0,0,0,0,0,0,0,0,0,0,0,1,1,0,0,12.959846800844963,425000
-1.383683877512786,0.09644111792455802,0.03778473284198241,4.633774430040405,1,0,0,0,0,1,0,0,0,0,1,0,0,0,0,0,0,0,0,0,0,0,0,0,0,0,0,0,0,1,0,0,0,0,0,0,0,0,0,1,1,0,0,13.038983942375959,460000
-2.9653964967435935,-1.946160087556246,-0.1415954412186417,4.633774430040405,1,0,0,0,0,1,0,0,0,0,1,0,0,0,0,0,0,0,0,0,0,0,0,0,0,0,0,0,0,1,0,0,0,0,0,0,0,0,0,1,0,0,1,12.59473402514672,295000
-1.383683877512786,0.09644111792455802,-0.1313031361495895,-1.1427382348800126,1,0,0,0,0,1,0,0,0,0,1,0,0,0,0,0,0,0,0,0,0,0,0,0,0,0,0,0,0,1,0,0,0,0,0,0,0,0,0,1,1,0,0,13.038983942375959,460000
0.1980287417180216,0.09644111792455802,0.05395835509335016,1.1678668310881546,0,0,0,0,0,1,0,0,0,0,1,0,0,0,0,0,0,0,0,0,0,0,0,0,0,0,0,0,0,1,0,0,0,0,0,0,0,0,0,1,0,0,1,13.249878458265119,568000
0.1980287417180216,0.09644111792455802,0.05395835509335016,-1.1427382348800126,0,0,0,0,0,1,0,0,0,0,1,0,0,0,0,0,0,0,0,0,0,0,0,0,0,0,0,0,0,1,0,0,0,0,0,0,0,0,0,1,0,0,1,13.122365377402328,500000
0.1980287417180216,0.09644111792455802,0.0353341840160176,1.1678668310881546,1,0,0,0,0,0,0,0,0,0,0,0,0,0,0,0,1,0,0,0,0,0,0,0,0,0,0,0,1,0,0,0,0,0,0,0,0,0,0,1,0,0,1,13.3374763699232,620000
0.1980287417180216,0.09644111792455802,-0.11022841624629214,0.012564298104070972,0,0,0,0,0,0,0,0,0,0,0,0,0,0,0,0,0,1,0,0,0,0,0,0,0,0,0,0,0,1,0,0,0,0,0,0,0,0,0,1,0,0,1,12.278397958261774,215000
-1.383683877512786,-1.946160087556246,0.06032978204085867,-1.1427382348800126,1,0,0,0,0,0,0,0,0,0,0,0,0,0,0,0,1,0,0,0,0,0,0,0,0,0,0,0,1,0,0,0,0,0,0,0,0,0,0,1,0,0,1,11.904974309480183,148000
0.1980287417180216,0.09644111792455802,-0.009755914381734909,-1.1427382348800126,0,0,0,0,0,1,0,0,1,0,0,0,0,0,0,0,0,0,0,0,0,0,0,0,0,1,0,0,0,0,0,0,0,0,0,0,0,0,0,1,0,0,0,13.038983942375959,460000
0.1980287417180216,0.09644111792455802,-0.12640203849765988,-1.1427382348800126,1,0,0,0,0,0,0,0,0,1,0,0,0,0,0,0,0,0,0,0,0,0,0,0,0,0,0,0,0,1,0,0,0,0,0,0,0,0,0,0,1,0,0,12.100717685412471,180000
0.1980287417180216,-1.946160087556246,-0.11169874554187102,-1.1427382348800126,0,0,0,0,0,0,0,0,0,0,1,0,0,0,0,0,0,0,0,0,0,0,0,0,0,0,0,0,0,1,0,0,0,0,0,0,0,0,0,1,0,0,0,11.407576060361786,90000
-1.383683877512786,0.09644111792455802,-0.03622184170215486,0.012564298104070972,0,1,0,0,0,0,0,0,0,0,0,1,0,0,0,0,0,0,0,0,0,0,0,0,0,0,0,0,0,1,0,0,0,0,0,0,0,0,0,1,0,1,0,11.849404844423074,140000
0.1980287417180216,0.09644111792455802,-0.11169874554187102,0.012564298104070972,1,0,0,0,0,0,0,0,0,0,0,0,0,0,0,0,0,1,0,0,0,0,0,0,0,0,0,0,0,0,1,0,0,0,0,0,0,0,0,0,0,0,0,12.487488878546145,265000
0.1980287417180216,0.09644111792455802,-0.02396909757233081,1.1678668310881546,0,0,0,0,0,0,0,0,0,0,0,1,0,0,0,0,0,0,0,0,0,0,0,0,0,0,0,0,0,1,0,0,0,0,0,0,0,0,0,1,0,1,0,12.660331092405906,315000
0.1980287417180216,0.09644111792455802,-0.07788117174355663,0.012564298104070972,1,0,0,0,0,1,0,0,0,1,0,0,0,0,0,0,0,0,0,0,0,1,0,0,0,0,0,0,0,0,0,0,0,0,0,0,0,0,0,1,0,0,0,12.966880811009803,428000
0.1980287417180216,0.09644111792455802,-0.07248996432643405,0.012564298104070972,1,1,0,0,0,0,0,0,0,0,0,0,0,0,0,0,0,1,0,0,0,0,0,0,0,0,0,0,0,0,0,0,0,0,1,0,0,0,0,1,0,0,1,12.254862809699606,209999
1.779741360948829,0.09644111792455802,0.13825723470653964,0.012564298104070972,0,0,0,0,0,0,0,0,0,0,0,0,0,0,0,0,0,1,0,0,0,0,0,0,0,0,0,0,0,0,0,0,0,0,1,0,0,0,0,1,0,0,1,12.429216196844383,249999
1.779741360948829,0.09644111792455802,-0.028380085459067467,0.012564298104070972,0,0,0,0,0,0,0,0,0,0,0,0,0,0,0,0,0,1,0,0,0,0,0,0,0,0,0,0,0,1,0,0,0,0,0,0,0,0,0,0,0,0,1,12.691583538230217,325000
-2.9653964967435935,-1.946160087556246,-0.2087404790500775,-1.1427382348800126,1,0,0,0,0,1,0,0,0,0,0,0,0,0,0,1,0,0,0,0,0,0,0,0,0,0,0,1,0,0,0,0,0,0,0,0,0,0,0,1,0,0,1,13.470200785104238,708000
-1.383683877512786,0.09644111792455802,-0.03818228076292671,0.012564298104070972,1,1,0,0,0,0,0,0,0,0,0,0,0,0,0,1,0,0,0,0,0,0,0,0,0,0,0,1,0,0,0,0,0,0,0,0,0,0,0,1,1,0,0,12.818554633046093,369000
0.1980287417180216,0.09644111792455802,0.005927598104439877,0.012564298104070972,1,0,0,0,0,0,0,0,1,0,0,0,0,0,0,0,0,0,0,0,0,0,0,0,0,1,0,0,0,0,0,0,0,0,0,0,0,0,0,0,0,1,0,12.577639650232573,290000
-2.9653964967435935,-1.946160087556246,-0.14600642910537837,0.012564298104070972,0,0,0,0,0,1,0,0,1,0,0,0,0,0,0,0,0,0,0,0,0,0,0,0,0,0,0,0,0,1,0,0,0,0,0,0,0,0,0,1,0,0,1,12.464587201678082,259000
0.1980287417180216,0.09644111792455802,0.0353341840160176,0.012564298104070972,0,0,0,0,0,1,0,0,1,0,0,0,0,0,0,0,0,0,0,0,0,0,0,0,0,1,0,0,0,0,0,0,0,0,0,0,0,0,0,1,0,0,1,12.721888795877375,335000
0.1980287417180216,0.09644111792455802,0.0598396722756657,0.012564298104070972,0,0,0,0,0,0,0,0,0,0,0,0,0,0,0,0,0,1,0,0,0,0,0,0,0,0,0,0,0,1,0,0,0,0,0,0,0,0,0,1,0,0,1,12.54254845357358,280000
0.1980287417180216,0.09644111792455802,-0.025439426867909693,-1.1427382348800126,1,0,0,0,0,0,0,0,0,0,0,0,0,0,0,0,0,1,0,0,0,0,0,0,0,0,0,0,0,1,0,0,0,0,0,0,0,0,0,1,0,1,0,12.73670383776449,340000
0.1980287417180216,0.09644111792455802,-0.0666086471441185,0.012564298104070972,1,0,0,0,0,1,0,0,0,0,0,0,0,0,0,0,0,1,0,0,0,0,0,0,0,0,0,0,0,1,0,0,0,0,0,0,0,0,0,0,0,0,1,12.506180941677357,270000
1.779741360948829,2.139042323405362,0.12747481987229448,1.1678668310881546,0,0,0,0,0,1,0,0,1,0,0,0,0,0,0,0,0,0,0,0,0,0,0,0,0,1,0,0,0,0,0,0,0,0,0,0,0,0,0,0,0,0,1,12.850557278777309,381000
0.1980287417180216,0.09644111792455802,0.009848476225983574,-1.1427382348800126,1,1,0,0,0,0,0,0,0,0,0,0,0,0,0,0,0,1,0,0,0,0,0,0,0,0,0,0,0,1,0,0,0,0,0,0,0,0,0,0,0,0,1,12.873904582205107,390000
0.1980287417180216,0.09644111792455802,-0.016127341329243414,-1.1427382348800126,1,0,0,0,0,0,0,0,0,1,0,0,0,0,0,0,0,0,0,0,0,0,0,0,0,0,0,0,0,1,0,0,0,0,0,0,0,0,0,0,0,1,0,12.429220196836383,250000
0.1980287417180216,0.09644111792455802,0.07356274570106865,0.012564298104070972,0,0,0,0,0,0,0,0,0,0,0,0,0,0,0,0,0,1,0,0,0,0,0,0,0,0,1,0,0,0,0,0,0,0,0,0,0,0,0,1,0,0,1,12.524530013005734,275000
0.1980287417180216,0.09644111792455802,-0.008775694851348985,0.012564298104070972,0,1,0,0,0,0,0,0,0,0,0,0,0,0,0,0,0,1,0,0,0,0,0,0,0,0,0,0,0,1,0,0,0,0,0,0,0,0,0,1,0,1,0,12.6410997921206,309000
0.1980287417180216,0.09644111792455802,0.005927598104439877,-1.1427382348800126,1,1,0,0,0,0,0,0,1,0,0,0,0,0,0,0,0,0,0,0,0,0,0,0,0,1,0,0,0,0,0,0,0,0,0,0,0,0,0,1,0,0,1,12.429220196836383,250000
0.1980287417180216,0.09644111792455802,0.016710012938685043,1.1678668310881546,0,0,0,0,0,1,0,0,0,0,0,0,0,0,0,0,0,1,0,0,0,0,0,0,0,0,0,0,0,1,0,0,0,0,0,0,0,0,0,1,0,0,1,12.676079399771027,320000
-1.383683877512786,0.09644111792455802,-0.22099322317990155,-1.1427382348800126,1,0,0,1,0,0,0,0,0,0,0,0,0,0,0,0,0,1,1,0,0,0,0,0,0,0,0,0,0,0,0,0,0,0,0,0,0,0,0,0,1,0,0,11.813037464800539,135000
0.1980287417180216,0.09644111792455802,-0.12640203849765988,0.012564298104070972,1,0,0,0,0,0,0,0,0,0,0,0,0,0,0,0,0,1,0,0,0,0,0,0,0,0,0,0,0,1,0,0,0,0,0,0,0,0,0,0,1,0,0,11.982935344196433,160000
0.1980287417180216,0.09644111792455802,-0.11022841624629214,0.012564298104070972,1,1,0,0,0,0,0,0,0,1,0,0,0,0,0,0,0,0,0,0,0,1,0,0,0,0,0,0,0,0,0,0,0,0,0,0,0,0,0,0,0,1,0,12.611541086966115,300000
0.1980287417180216,0.09644111792455802,-0.1607097220611672,0.012564298104070972,1,0,0,1,0,0,0,0,0,0,0,0,0,0,0,0,0,1,0,0,0,0,0,0,0,0,0,0,0,1,0,0,0,0,0,0,0,0,0,0,1,0,0,11.608244735642321,110000
0.1980287417180216,0.09644111792455802,0.23137809009320243,0.012564298104070972,0,1,0,0,0,0,0,0,0,0,0,0,0,0,0,0,0,1,1,0,0,0,0,0,0,0,0,0,0,0,0,0,0,0,0,0,0,0,0,1,1,0,0,12.847929163278053,380000
0.1980287417180216,0.09644111792455802,-0.06268776902257481,0.012564298104070972,0,0,0,0,0,0,0,0,0,0,0,0,0,0,0,0,0,1,0,0,0,0,0,0,0,0,0,0,0,1,0,0,0,0,0,0,0,0,0,0,0,1,0,12.25486757159303,210000
0.1980287417180216,0.09644111792455802,0.00641770786963284,0.012564298104070972,1,1,0,0,0,0,0,0,0,0,0,0,0,0,0,0,0,1,0,0,0,0,0,0,0,0,0,0,0,1,0,0,0,0,0,0,0,0,0,0,0,1,0,12.73670383776449,340000
0.1980287417180216,0.09644111792455802,-0.03818228076292671,1.1678668310881546,0,0,0,0,0,0,0,0,0,0,0,0,1,0,0,0,0,0,0,0,0,0,0,0,0,0,0,0,0,0,0,0,1,0,0,0,0,0,0,1,0,0,0,12.75130259456002,345000
0.1980287417180216,0.09644111792455802,0.09561768513475194,-1.1427382348800126,1,1,0,0,0,0,0,0,0,0,0,0,0,0,0,0,0,1,0,0,0,0,0,0,0,0,0,0,0,0,0,0,0,0,0,0,1,0,0,0,0,1,0,12.779875885354993,355000
0.1980287417180216,0.09644111792455802,-0.11169874554187102,-1.1427382348800126,1,0,0,0,0,0,0,0,0,0,0,0,0,0,0,0,0,1,0,0,0,0,0,0,0,0,0,0,0,0,0,0,0,0,0,0,1,0,0,0,0,1,0,12.487488878546145,265000
0.1980287417180216,0.09644111792455802,-0.11022841624629214,-1.1427382348800126,1,0,0,1,0,0,0,0,0,0,0,0,1,0,0,0,0,0,0,0,0,0,0,0,0,0,0,0,0,0,0,0,1,0,0,0,0,0,0,1,0,0,1,12.100717685412471,180000
1.779741360948829,2.139042323405362,0.27891873731691974,-1.1427382348800126,0,1,0,0,0,0,0,0,0,0,0,0,0,0,0,0,0,1,0,0,0,0,0,0,0,0,0,0,0,1,0,0,0,0,0,0,0,0,0,1,0,1,0,13.47302165746721,710000
0.1980287417180216,0.09644111792455802,0.10885064879496191,0.012564298104070972,0,1,0,0,0,0,0,0,1,0,0,0,0,0,0,0,0,0,0,0,0,0,0,0,0,1,0,0,0,0,0,0,0,0,0,0,0,0,0,1,1,0,0,12.847929163278053,380000
1.779741360948829,0.09644111792455802,0.01131880552156246,0.012564298104070972,1,0,0,0,0,0,0,0,1,0,0,0,0,0,0,0,0,0,0,0,0,0,0,0,0,1,0,0,0,0,0,0,0,0,0,0,0,0,0,1,0,1,0,12.429220196836383,250000
0.1980287417180216,0.09644111792455802,-0.06268776902257481,0.012564298104070972,0,0,0,1,0,0,0,0,1,0,0,0,0,0,0,0,0,0,0,0,0,0,0,0,0,0,0,0,0,1,0,0,0,0,0,0,0,0,0,1,0,0,1,11.951186847493476,155000
0.1980287417180216,0.09644111792455802,-0.1362042338015191,0.012564298104070972,0,0,0,1,0,0,0,0,1,0,0,0,0,0,0,0,0,0,0,0,0,0,0,0,0,0,0,0,0,1,0,0,0,0,0,0,0,0,0,1,1,0,0,11.277215789596893,79000
0.1980287417180216,0.09644111792455802,0.22206600455453615,0.012564298104070972,0,1,0,0,0,0,0,0,0,0,0,0,0,0,0,0,0,1,1,0,0,0,0,0,0,0,0,0,0,0,0,0,0,0,0,0,0,0,0,1,0,0,0,12.793862088206213,360000
0.1980287417180216,0.09644111792455802,-0.06268776902257481,0.012564298104070972,1,1,0,0,0,0,0,0,0,0,0,0,0,0,0,0,0,1,1,0,0,0,0,0,0,0,0,0,0,0,0,0,0,0,0,0,0,0,0,0,1,0,0,12.468440756144114,260000
0.1980287417180216,0.09644111792455802,-0.15237785605288687,-1.1427382348800126,1,0,0,0,0,0,0,0,0,0,0,0,1,0,0,0,0,0,0,0,0,0,0,0,0,0,0,0,0,0,0,0,1,0,0,0,0,0,0,0,0,0,1,12.07254696717504,175000
0.1980287417180216,2.139042323405362,0.3592967388085655,1.1678668310881546,1,1,0,0,0,0,0,0,0,0,0,0,0,0,0,0,0,1,0,0,0,0,0,0,0,0,0,0,0,1,0,0,0,0,0,0,0,0,0,1,1,0,0,13.480039220276565,715000
0.1980287417180216,0.09644111792455802,0.012299025051948385,-1.1427382348800126,1,1,0,0,0,0,0,0,0,0,0,0,0,0,0,0,0,1,0,0,0,0,0,0,0,0,0,0,0,0,0,0,0,0,0,0,1,0,0,0,0,0,1,12.923914877701906,410000
0.1980287417180216,2.139042323405362,0.15786162531425812,0.012564298104070972,0,1,0,0,0,0,0,0,0,0,0,0,0,1,0,0,0,0,0,0,0,0,0,0,0,0,0,0,0,1,0,0,0,0,0,0,0,0,0,1,0,0,1,13.060490101343552,470000
0.1980287417180216,0.09644111792455802,0.22206600455453615,0.012564298104070972,0,1,0,0,0,0,0,0,0,0,0,0,0,0,0,0,0,1,1,0,0,0,0,0,0,0,0,0,0,0,0,0,0,0,0,0,0,0,0,1,0,0,0,12.793862088206213,360000
0.1980287417180216,0.09644111792455802,-0.06268776902257481,0.012564298104070972,1,1,0,0,0,0,0,0,0,0,0,0,0,0,0,0,0,1,1,0,0,0,0,0,0,0,0,0,0,0,0,0,0,0,0,0,0,0,0,0,1,0,0,12.468440756144114,260000
0.1980287417180216,0.09644111792455802,-0.15237785605288687,-1.1427382348800126,1,0,0,0,0,0,0,0,0,0,0,0,1,0,0,0,0,0,0,0,0,0,0,0,0,0,0,0,0,0,0,0,1,0,0,0,0,0,0,0,0,0,1,12.07254696717504,175000
0.1980287417180216,2.139042323405362,0.3592967388085655,1.1678668310881546,1,1,0,0,0,0,0,0,0,0,0,0,0,0,0,0,0,1,0,0,0,0,0,0,0,0,0,0,0,1,0,0,0,0,0,0,0,0,0,1,1,0,0,13.480039220276565,715000
0.1980287417180216,0.09644111792455802,0.012299025051948385,-1.1427382348800126,1,1,0,0,0,0,0,0,0,0,0,0,0,0,0,0,0,1,0,0,0,0,0,0,0,0,0,0,0,0,0,0,0,0,0,0,1,0,0,0,0,0,1,12.923914877701906,410000
0.1980287417180216,2.139042323405362,0.15786162531425812,0.012564298104070972,0,1,0,0,0,0,0,0,0,0,0,0,0,1,0,0,0,0,0,0,0,0,0,0,0,0,0,0,0,1,0,0,0,0,0,0,0,0,0,1,0,0,1,13.060490101343552,470000
0.1980287417180216,0.09644111792455802,0.11375174644689152,1.1678668310881546,1,1,0,0,0,0,0,0,0,0,0,0,0,0,0,0,0,1,0,0,0,0,0,0,0,0,0,0,0,1,0,0,0,0,0,0,0,0,0,1,0,0,1,12.873904582205107,390000
0.1980287417180216,0.09644111792455802,-0.033281183110997085,-1.1427382348800126,1,0,0,0,0,0,0,0,0,0,0,0,0,0,0,0,0,1,0,0,0,0,0,0,0,0,0,0,0,0,1,0,0,0,0,0,0,0,0,0,1,0,0,12.468440756144114,260000
0.1980287417180216,0.09644111792455802,-0.11169874554187102,-1.1427382348800126,1,0,0,1,0,0,0,0,0,0,0,0,0,0,0,0,0,1,0,0,0,0,0,0,0,0,0,0,0,0,0,0,0,0,0,0,1,0,0,0,0,0,1,12.269052139516223,213000
0.1980287417180216,0.09644111792455802,-0.11022841624629214,-1.1427382348800126,0,0,0,0,0,0,0,0,0,0,0,0,0,0,0,0,0,1,0,0,0,1,0,0,0,0,0,0,0,0,0,0,0,0,0,0,0,0,0,1,1,0,0,12.388398368982115,240000
0.1980287417180216,0.09644111792455802,0.03729462307678945,1.1678668310881546,0,1,0,0,0,0,0,0,0,0,0,0,0,0,0,0,0,1,0,0,0,0,0,0,0,0,1,0,0,0,0,0,0,0,0,0,0,0,0,1,0,0,1,12.59473402514672,295000
0.1980287417180216,0.09644111792455802,-0.05974711043141704,0.012564298104070972,1,0,0,0,0,0,0,0,0,0,0,0,0,0,0,0,0,1,0,0,0,0,0,0,0,0,0,0,0,0,0,0,0,0,0,0,1,0,0,0,0,0,1,12.487488878546145,265000
0.1980287417180216,0.09644111792455802,-0.1362042338015191,-1.1427382348800126,1,0,0,0,0,0,0,0,0,0,0,0,0,0,0,0,0,1,0,0,0,0,0,0,0,0,0,0,0,0,0,1,0,0,0,0,0,0,0,0,0,0,1,12.154784614286667,190000
0.1980287417180216,0.09644111792455802,-0.032300963580611165,0.012564298104070972,0,0,0,0,0,0,0,0,1,0,0,0,0,0,0,0,0,0,0,0,0,0,0,0,0,0,0,0,0,1,0,0,0,0,0,0,0,0,0,1,0,1,0,12.460718739865236,258000
0.1980287417180216,0.09644111792455802,-0.0666086471441185,-1.1427382348800126,1,0,0,0,0,1,0,0,0,0,0,0,0,0,0,0,0,1,0,0,0,0,0,0,0,0,0,0,0,1,0,0,0,0,0,0,0,0,0,0,1,0,0,12.425212191503038,249000
0.1980287417180216,0.09644111792455802,-0.09160424516895957,0.012564298104070972,0,0,0,0,0,0,0,0,0,0,0,0,0,0,0,0,0,1,0,0,0,0,0,0,0,0,1,0,0,0,0,0,0,0,0,0,0,0,0,0,1,0,0,12.301387370778713,220000
-1.383683877512786,0.09644111792455802,0.03778473284198241,-1.1427382348800126,1,0,0,0,0,1,0,0,0,0,1,0,0,0,0,0,0,0,0,0,0,0,0,0,0,0,0,0,0,1,0,0,0,0,0,0,0,0,0,1,1,0,0,13.122365377402328,500000
0.1980287417180216,0.09644111792455802,-0.09797567211646808,0.012564298104070972,1,0,0,0,0,0,0,0,0,0,0,0,0,0,0,0,0,1,0,0,0,0,0,0,0,0,0,0,0,0,0,0,0,0,0,0,1,0,0,0,0,0,1,12.230770136157428,205000
0.1980287417180216,0.09644111792455802,0.022101220355807624,0.012564298104070972,0,0,0,0,0,0,0,0,1,0,0,0,0,0,0,0,0,0,0,0,0,0,0,0,0,1,0,0,0,0,0,0,0,0,0,0,0,0,0,1,0,1,0,12.788291058675025,358000
0.1980287417180216,0.09644111792455802,-0.013676792503278605,0.012564298104070972,0,1,0,0,0,0,0,0,1,0,0,0,0,0,0,0,0,0,0,0,0,0,0,0,0,0,0,0,0,1,0,0,0,0,0,0,0,0,0,1,0,1,0,12.429220196836383,250000
0.1980287417180216,0.09644111792455802,-0.11169874554187102,0.012564298104070972,1,0,0,0,0,0,0,0,0,0,0,0,0,0,0,0,0,1,0,0,0,0,0,0,0,0,0,0,0,0,0,0,0,0,0,0,1,0,0,0,0,0,1,12.449022745701502,255000
-1.383683877512786,-1.946160087556246,-0.2783360657074781,0.012564298104070972,1,0,0,0,0,0,0,0,0,0,0,0,0,0,0,1,0,0,0,0,0,0,0,0,0,0,0,1,0,0,0,0,0,0,0,0,0,0,0,1,0,1,0,12.345838935721968,230000
0.1980287417180216,0.09644111792455802,-0.0783712815087496,0.012564298104070972,1,0,0,0,0,0,0,0,1,0,0,0,0,0,0,0,0,0,0,0,0,0,0,0,0,0,0,0,0,1,0,0,0,0,0,0,0,0,0,1,0,0,1,12.301387370778713,220000
0.1980287417180216,0.09644111792455802,0.01131880552156246,0.012564298104070972,1,0,0,0,0,0,0,0,1,0,0,0,0,0,0,0,0,0,0,0,0,0,0,0,0,1,0,0,0,0,0,0,0,0,0,0,0,0,0,1,1,0,0,12.25486757159303,210000
0.1980287417180216,0.09644111792455802,-0.015147121798857492,-1.1427382348800126,1,0,0,0,0,1,0,0,1,0,0,0,0,0,0,0,0,0,0,0,0,0,0,0,0,1,0,0,0,0,0,0,0,0,0,0,0,0,0,1,0,0,1,12.765691290604371,350000
-1.383683877512786,-1.946160087556246,-0.2048196009285338,0.012564298104070972,0,0,0,0,0,0,1,0,0,0,0,0,1,0,0,0,0,0,0,0,0,0,0,0,0,0,0,0,0,0,0,0,1,0,0,0,0,0,0,1,0,0,1,12.429220196836383,250000
0.1980287417180216,-1.946160087556246,-0.1607097220611672,0.012564298104070972,1,0,0,1,0,0,0,0,0,0,0,0,0,0,0,0,0,1,0,0,0,0,0,0,0,0,0,0,0,1,0,0,0,0,0,0,0,0,0,1,0,0,1,11.813037464800539,135000
-1.383683877512786,-1.946160087556246,-0.17345257595618424,-1.1427382348800126,1,0,0,0,0,0,0,0,0,0,0,0,0,0,0,0,1,0,0,0,0,0,0,0,0,0,0,0,0,1,0,0,0,0,0,0,0,0,0,1,0,0,0,11.736077016252437,125000
-1.383683877512786,0.09644111792455802,-0.06709875690931147,0.012564298104070972,0,0,0,0,0,0,0,0,0,0,0,0,0,0,0,0,1,0,0,0,0,0,0,0,0,0,0,0,1,0,0,0,0,0,0,0,0,0,0,1,0,0,0,12.73670383776449,340000
-1.383683877512786,0.09644111792455802,-0.06709875690931147,0.012564298104070972,0,0,0,0,0,0,0,0,0,0,0,0,0,0,0,0,1,0,0,0,0,0,0,0,0,0,0,0,1,0,0,0,0,0,0,0,0,0,0,1,0,0,0,12.765691290604371,350000
-1.383683877512786,-1.946160087556246,-0.17345257595618424,-1.1427382348800126,1,0,0,0,0,0,0,0,0,0,0,0,0,0,0,0,1,0,0,0,0,0,0,0,0,0,0,0,0,1,0,0,0,0,0,0,0,0,0,1,0,0,0,11.835016210489899,138000
-1.383683877512786,0.09644111792455802,-0.027889975693874504,0.012564298104070972,1,0,0,0,0,0,0,0,0,0,0,0,0,0,0,0,1,0,0,0,0,0,0,0,0,0,0,0,1,0,0,0,0,0,0,0,0,0,0,1,0,0,0,12.873904582205107,390000
-1.383683877512786,0.09644111792455802,-0.16561081971309685,0.012564298104070972,1,0,0,0,0,0,0,0,0,0,0,0,0,0,0,0,1,0,0,0,0,0,0,0,0,0,0,0,1,0,0,0,0,0,0,0,0,0,0,0,0,0,0,12.577639650232573,290000
0.1980287417180216,0.09644111792455802,0.24363083422302648,1.1678668310881546,1,1,0,0,0,0,0,0,0,0,0,0,0,0,0,0,1,0,0,0,0,0,0,0,0,0,0,0,1,0,0,0,0,0,0,0,0,0,0,1,0,0,0,13.45883704259595,700000
-1.383683877512786,0.09644111792455802,0.04856714767622758,1.1678668310881546,1,0,0,0,0,0,0,0,0,0,0,0,0,0,0,0,1,0,0,0,0,0,0,0,0,0,0,0,1,0,0,0,0,0,0,0,0,0,0,1,0,0,0,13.270785106659046,580000
-1.383683877512786,0.09644111792455802,0.04856714767622758,1.1678668310881546,1,0,0,0,0,0,0,0,0,0,0,0,0,0,0,0,1,0,0,0,0,0,0,0,0,0,0,0,1,0,0,0,0,0,0,0,0,0,0,1,0,0,0,13.304686600863562,600000
-1.383683877512786,0.09644111792455802,-0.014657012033664528,0.012564298104070972,1,1,0,0,0,0,0,0,0,0,0,0,0,0,0,0,1,0,0,0,0,0,0,0,0,0,0,0,1,0,0,0,0,0,0,0,0,0,0,1,0,0,0,13.441545570402797,688000
0.1980287417180216,0.09644111792455802,0.1657033815573455,0.012564298104070972,1,1,0,0,0,0,0,0,0,0,0,0,0,0,0,0,1,0,0,0,0,0,0,0,0,0,0,0,1,0,0,0,0,0,0,0,0,0,0,1,0,0,0,12.847929163278053,380000
0.1980287417180216,0.09644111792455802,0.05248802579777127,0.012564298104070972,1,0,0,0,0,0,0,0,0,0,0,0,0,0,0,0,1,0,0,0,0,0,0,0,0,0,0,0,1,0,0,0,0,0,0,0,0,0,0,1,0,0,0,12.301387370778713,220000
-1.383683877512786,-1.946160087556246,-0.1558086244092376,0.012564298104070972,1,0,0,0,0,0,0,0,0,0,0,0,0,0,0,0,1,0,0,0,0,0,0,0,0,0,0,0,1,0,0,0,0,0,0,0,0,0,0,1,0,0,0,12.031725210748633,168000
0.1980287417180216,0.09644111792455802,-0.0783712815087496,0.012564298104070972,1,0,0,0,0,0,0,0,0,0,0,0,0,0,0,0,1,0,0,0,0,0,0,0,0,0,0,0,1,0,0,0,0,0,0,0,0,0,0,1,0,0,0,12.524530013005734,275000
0.1980287417180216,0.09644111792455802,-0.08621303775183699,0.012564298104070972,1,0,0,0,0,0,0,0,0,0,0,0,0,0,0,0,1,0,0,0,0,0,0,0,0,0,0,0,1,0,0,0,0,0,0,0,0,0,0,1,0,0,0,12.691583538230217,325000
0.1980287417180216,0.09644111792455802,-0.08425259869106515,0.012564298104070972,1,0,0,0,0,0,0,0,0,0,0,0,0,0,0,0,1,0,0,0,0,0,0,0,0,0,0,0,1,0,0,0,0,0,0,0,0,0,0,1,0,0,0,12.611541086966115,300000
0.1980287417180216,2.139042323405362,0.0534682453281572,1.1678668310881546,1,0,0,0,0,0,0,0,0,0,0,0,0,0,0,0,1,0,0,0,0,0,0,0,0,0,0,0,1,0,0,0,0,0,0,0,0,0,0,1,0,0,0,13.217675375388819,550000
0.1980287417180216,0.09644111792455802,-0.02396909757233081,0.012564298104070972,1,0,0,0,0,0,0,0,0,0,0,0,0,0,0,0,1,0,0,0,0,0,0,0,0,0,0,0,1,0,0,0,0,0,0,0,0,0,0,1,0,0,0,12.144202560946876,188000
0.1980287417180216,0.09644111792455802,0.15786162531425812,1.1678668310881546,1,0,0,0,0,0,0,0,0,0,0,0,0,0,0,0,1,0,0,0,0,0,0,0,0,0,0,0,1,0,0,0,0,0,0,0,0,0,0,1,0,0,1,13.199326270390594,540000
0.1980287417180216,0.09644111792455802,0.20638249206836137,0.012564298104070972,1,0,0,0,0,0,0,0,0,0,0,0,1,0,0,0,0,0,0,0,0,0,0,0,0,0,0,0,0,1,0,0,0,0,0,0,0,0,0,1,0,1,0,13.081543466215237,480000
-1.383683877512786,-1.946160087556246,-0.25873167509975964,-1.1427382348800126,1,0,0,1,0,0,0,0,0,0,0,0,0,0,0,0,1,0,0,0,0,0,0,0,0,0,0,0,1,0,0,0,0,0,0,0,0,0,0,1,0,0,0,11.264476926102367,78000
0.1980287417180216,0.09644111792455802,-0.08425259869106515,0.012564298104070972,1,0,0,0,0,0,0,0,0,0,0,0,0,0,0,0,1,0,0,0,0,0,0,0,0,0,0,0,1,0,0,0,0,0,0,0,0,0,0,1,0,0,0,12.54254845357358,280000
0.1980287417180216,0.09644111792455802,-0.15727895370481648,0.012564298104070972,1,0,0,1,0,0,0,0,0,0,0,0,0,0,0,0,0,1,1,0,0,0,0,0,0,0,0,0,0,0,0,0,0,0,0,0,0,0,0,0,1,0,0,12.301387370778713,220000
0.1980287417180216,0.09644111792455802,0.3441033360875837,0.012564298104070972,1,0,0,0,0,0,0,0,0,0,0,0,0,0,0,0,1,0,0,0,0,0,0,0,0,0,0,0,1,0,0,0,0,0,0,0,0,0,0,1,0,0,0,12.971542813248437,430000
0.1980287417180216,0.09644111792455802,-0.1362042338015191,-1.1427382348800126,1,0,0,0,0,0,0,0,0,0,0,0,0,0,0,0,1,0,0,0,0,0,0,0,0,0,0,0,1,0,0,0,0,0,0,0,0,0,0,1,0,0,0,12.144202560946876,188000
1.779741360948829,2.139042323405362,0.13678690541096075,1.1678668310881546,1,0,0,0,0,0,0,0,0,0,0,0,0,0,0,0,1,0,0,0,0,0,0,0,0,0,0,0,1,0,0,0,0,0,0,0,0,0,0,1,0,0,0,13.304686600863562,600000
0.1980287417180216,0.09644111792455802,-0.08425259869106515,0.012564298104070972,1,0,0,0,0,0,0,0,0,0,0,0,0,0,0,0,1,0,0,0,0,0,0,0,0,0,0,0,1,0,0,0,0,0,0,0,0,0,0,1,0,0,0,12.506180941677357,270000
-1.383683877512786,-1.946160087556246,0.12159350268997893,0.012564298104070972,1,0,0,0,0,1,0,0,0,0,0,0,0,0,0,0,1,0,0,0,0,0,0,0,0,0,0,0,1,0,0,0,0,0,0,0,0,0,0,1,0,0,1,12.873904582205107,390000
-1.383683877512786,-1.946160087556246,-0.1558086244092376,0.012564298104070972,1,0,0,0,0,0,0,0,0,0,0,0,0,0,0,0,1,0,0,0,0,0,0,0,0,0,0,0,1,0,0,0,0,0,0,0,0,0,0,1,0,0,0,11.970356641102999,158000
0.1980287417180216,0.09644111792455802,0.1064000999689971,0.012564298104070972,0,1,0,0,0,0,0,0,0,1,0,0,0,0,0,0,0,0,0,0,0,0,0,0,0,0,0,0,0,0,0,0,0,1,0,0,0,0,0,1,0,0,1,12.807655372286902,365000
0.1980287417180216,0.09644111792455802,-0.03377129287619005,0.012564298104070972,1,1,0,0,0,0,0,0,0,1,0,0,0,0,0,0,0,0,0,0,0,1,0,0,0,0,0,0,0,0,0,0,0,0,0,0,0,0,0,0,0,0,1,12.706850963741102,330000
0.1980287417180216,0.09644111792455802,0.15198030813194258,0.012564298104070972,1,0,0,0,0,0,0,0,0,0,0,0,0,0,0,0,1,0,0,0,0,0,0,0,0,0,0,0,1,0,0,0,0,0,0,0,0,0,0,1,0,0,0,12.765691290604371,350000
0.1980287417180216,0.09644111792455802,-0.07248996432643405,0.012564298104070972,1,0,0,0,0,0,0,0,0,1,0,0,0,0,0,0,0,0,0,0,0,1,0,0,0,0,0,0,0,0,0,0,0,0,0,0,0,0,0,0,1,0,0,12.706850963741102,330000
-1.383683877512786,-1.946160087556246,-0.21952289388432267,0.012564298104070972,1,0,0,1,0,0,0,0,0,1,0,0,0,0,0,0,0,0,0,0,0,0,0,0,0,0,0,0,0,1,0,0,0,0,0,0,0,0,0,0,1,0,0,12.128116509451258,185000
0.1980287417180216,0.09644111792455802,-0.06268776902257481,0.012564298104070972,1,0,0,0,0,0,0,0,0,0,0,0,0,0,0,0,0,1,0,0,0,0,0,0,0,0,0,0,0,1,0,0,0,0,0,0,0,0,0,0,0,1,0,12.388398368982115,240000
0.1980287417180216,0.09644111792455802,0.15198030813194258,0.012564298104070972,1,0,0,0,0,0,0,0,0,0,0,0,0,0,0,0,1,0,0,0,0,0,0,0,0,0,0,0,1,0,0,0,0,0,0,0,0,0,0,1,0,0,0,12.644330802262578,310000
0.1980287417180216,0.09644111792455802,-0.1607097220611672,-1.1427382348800126,0,0,0,0,0,0,0,0,0,0,0,0,0,0,0,0,0,1,0,0,0,0,0,0,0,0,0,0,0,1,0,0,0,0,0,0,0,0,0,1,0,0,1,12.04355959836804,170000
1.779741360948829,0.09644111792455802,0.08042428241377012,0.012564298104070972,1,1,0,0,0,0,0,0,0,1,0,0,0,0,0,0,0,0,0,0,0,1,0,0,0,0,0,0,0,0,0,0,0,0,0,0,0,0,0,1,0,0,1,12.971542813248437,430000
-2.9653964967435935,-1.946160087556246,-0.21070091811084934,-1.1427382348800126,1,0,0,0,0,1,0,0,0,0,0,0,0,0,0,0,1,0,0,0,0,0,0,0,0,0,0,0,1,0,0,0,0,0,0,0,0,0,0,1,0,0,1,12.013706813470414,165000
-1.383683877512786,0.09644111792455802,-0.0822921596302933,-1.1427382348800126,0,0,0,0,0,1,0,0,1,0,0,0,0,0,0,0,0,0,0,0,0,0,0,0,0,1,0,0,0,0,0,0,0,0,0,0,0,0,0,1,0,0,1,12.604852121186608,298000
0.1980287417180216,0.09644111792455802,0.30489455487214673,0.012564298104070972,1,0,0,0,0,0,0,0,0,0,0,0,0,0,0,0,1,0,0,0,0,0,0,0,0,0,0,0,1,0,0,0,0,0,0,0,0,0,0,1,0,0,1,13.081543466215237,480000
0.1980287417180216,0.09644111792455802,-0.16953169783464053,-1.1427382348800126,1,0,0,0,0,0,0,0,0,0,0,0,0,0,0,0,1,0,0,0,0,0,0,0,0,0,0,0,1,0,0,0,0,0,0,0,0,0,0,1,1,0,0,12.429220196836383,250000
-1.383683877512786,0.09644111792455802,-0.1234613799065021,-1.1427382348800126,0,1,0,0,0,0,0,0,0,1,0,0,0,0,0,0,0,0,0,0,0,0,0,0,0,0,0,0,0,1,0,0,0,0,0,0,0,0,0,0,0,0,1,12.506180941677357,270000
0.1980287417180216,0.09644111792455802,0.30489455487214673,-1.1427382348800126,1,0,0,0,0,0,0,0,0,0,0,0,0,0,0,0,1,0,0,0,0,0,0,0,0,0,0,0,1,0,0,0,0,0,0,0,0,0,0,1,0,0,1,13.122365377402328,500000
0.1980287417180216,0.09644111792455802,-0.06268776902257481,1.1678668310881546,1,1,0,0,0,0,0,0,0,0,0,0,0,1,0,0,0,0,0,0,0,0,0,0,1,0,0,0,0,0,0,0,0,0,0,0,0,0,0,1,0,0,0,13.444448325847754,690000
0.1980287417180216,0.09644111792455802,0.03778473284198241,-1.1427382348800126,1,0,0,0,0,0,0,0,0,1,0,0,0,0,0,0,0,0,0,0,0,0,0,0,0,0,0,0,0,1,0,0,0,0,0,0,0,0,0,0,0,0,1,12.847929163278053,380000
0.1980287417180216,0.09644111792455802,-0.030830634285032278,0.012564298104070972,0,1,0,0,0,0,0,0,0,0,0,0,0,0,0,0,0,1,0,0,0,0,0,0,0,0,0,0,0,1,0,0,0,0,0,0,0,0,0,1,0,0,0,12.899222326086994,400000
0.1980287417180216,0.09644111792455802,-0.018087780390015264,0.012564298104070972,1,0,0,0,0,0,0,0,0,1,0,0,0,0,0,0,0,0,0,0,0,0,0,0,0,0,0,0,0,1,0,0,0,0,0,0,0,0,0,0,0,1,0,12.429220196836383,250000
-2.9653964967435935,-1.946160087556246,-0.23422618684011154,-1.1427382348800126,0,1,0,0,0,0,0,0,0,0,0,0,0,0,0,0,0,1,0,0,0,0,0,0,0,0,0,0,0,1,0,0,0,0,0,0,0,0,0,0,1,0,0,12.128116509451258,185000
0.1980287417180216,0.09644111792455802,-0.12640203849765988,-1.1427382348800126,0,0,0,0,0,0,0,0,0,0,0,0,0,0,0,0,0,1,0,0,0,0,0,0,0,0,0,0,0,1,0,0,0,0,0,0,0,0,0,1,0,1,0,12.345838935721968,230000
0.1980287417180216,0.09644111792455802,-0.06268776902257481,-1.1427382348800126,1,0,0,0,0,0,0,0,0,0,0,0,0,0,0,0,0,1,0,0,0,0,0,0,0,0,0,0,0,1,0,0,0,0,0,0,0,0,0,0,1,0,0,12.19602736016897,198000
0.1980287417180216,0.09644111792455802,-0.07248996432643405,-1.1427382348800126,1,0,0,0,0,0,0,0,0,0,0,0,0,0,0,0,0,1,1,0,0,0,0,0,0,0,0,0,0,0,0,0,0,0,0,0,0,0,0,1,0,0,1,12.54254845357358,280000
0.1980287417180216,0.09644111792455802,-0.04161304911927744,0.012564298104070972,1,0,0,0,0,0,0,0,0,0,0,0,0,0,0,0,1,0,0,0,0,0,0,0,0,0,0,0,1,0,0,0,0,0,0,0,0,0,0,1,0,0,0,12.821260987319457,370000
-1.383683877512786,0.09644111792455802,-0.06023722019661,-1.1427382348800126,1,1,0,0,0,0,0,0,0,1,0,0,0,0,0,0,0,0,0,0,0,0,0,0,0,0,0,0,0,1,0,0,0,0,0,0,0,0,0,1,0,0,1,12.449022745701502,255000
0.1980287417180216,0.09644111792455802,-0.08719325728222291,1.1678668310881546,0,0,0,0,0,0,0,0,0,0,0,0,0,0,0,0,0,1,0,0,0,0,0,0,0,0,0,0,0,1,0,0,0,0,0,0,0,0,0,1,0,0,1,12.301387370778713,220000
0.1980287417180216,-1.946160087556246,-0.14698664863576427,-1.1427382348800126,0,0,0,1,0,0,0,0,1,0,0,0,0,0,0,0,0,0,0,0,0,0,0,0,0,1,0,0,0,0,0,0,0,0,0,0,0,0,0,1,0,1,0,12.144202560946876,188000
1.779741360948829,0.09644111792455802,-0.006325146025384174,1.1678668310881546,0,1,0,0,0,0,0,0,0,1,0,0,0,0,0,0,0,0,0,0,0,1,0,0,0,0,0,0,0,0,0,0,0,0,0,0,0,0,0,1,0,0,0,12.560247968016562,285000
3.3614539801796366,2.139042323405362,0.2803890666124986,0.012564298104070972,1,1,0,0,0,0,0,0,0,0,0,0,0,0,0,0,0,1,0,0,0,0,0,0,0,0,0,0,0,0,0,1,0,0,0,0,0,0,0,1,0,0,1,12.948012371209098,420000
0.1980287417180216,0.09644111792455802,0.010828695756369498,-1.1427382348800126,1,0,0,0,0,0,0,0,0,0,0,0,0,0,0,0,1,0,0,0,0,0,0,0,0,0,0,0,1,0,0,0,0,0,0,0,0,0,0,1,0,1,0,12.345838935721968,230000
0.1980287417180216,0.09644111792455802,0.03190341565966687,0.012564298104070972,0,0,0,0,0,0,0,0,0,1,0,0,0,0,0,0,0,0,0,0,0,0,0,0,0,0,0,0,0,1,0,0,0,0,0,0,0,0,0,1,0,0,0,12.873904582205107,390000
0.1980287417180216,0.09644111792455802,-0.028380085459067467,1.1678668310881546,1,1,0,0,0,0,0,0,0,1,0,0,0,0,0,0,0,0,0,0,0,1,0,0,0,0,0,0,0,0,0,0,0,0,0,0,0,0,0,1,0,0,0,12.706850963741102,330000
0.1980287417180216,2.139042323405362,0.029452866833702056,-1.1427382348800126,1,0,0,0,0,1,0,0,0,0,0,0,0,0,0,1,0,0,0,0,0,0,0,0,0,0,0,1,0,0,0,0,0,0,0,0,0,0,0,1,0,1,0,13.304686600863562,600000
0.1980287417180216,0.09644111792455802,-0.11169874554187102,-1.1427382348800126,1,0,0,1,0,0,0,0,0,0,0,0,0,0,0,0,0,1,0,0,0,0,0,0,0,0,0,0,0,0,0,0,0,0,0,0,1,0,0,0,1,0,0,12.323860125621126,225000
0.1980287417180216,0.09644111792455802,-0.013676792503278605,-1.1427382348800126,0,0,0,0,0,0,0,0,0,0,0,0,0,0,0,0,0,1,0,0,0,0,0,0,0,0,0,0,0,0,0,0,0,0,0,0,1,0,0,1,0,1,0,12.201065128819632,199000
0.1980287417180216,4.181643528886166,0.14854953977559185,-1.1427382348800126,1,1,0,0,0,0,0,0,0,1,0,0,0,0,0,0,0,0,0,0,0,0,0,0,0,0,0,0,0,0,0,0,0,0,0,1,0,0,0,0,0,0,1,13.384729180332174,650000
0.1980287417180216,0.09644111792455802,0.15786162531425812,0.012564298104070972,1,1,0,0,0,0,0,0,0,1,0,0,0,0,0,0,0,0,0,0,0,1,0,0,0,0,0,0,0,0,0,0,0,0,0,0,0,0,0,1,0,0,0,13.270785106659046,580000
-1.383683877512786,-1.946160087556246,-0.23667673566607633,-1.1427382348800126,1,0,0,1,0,0,0,0,0,0,0,0,0,0,0,0,1,0,0,0,0,0,0,0,0,0,0,0,1,0,0,0,0,0,0,0,0,0,0,1,0,1,0,11.264476926102367,78000
0.1980287417180216,0.09644111792455802,0.15198030813194258,-1.1427382348800126,1,0,0,0,0,0,0,0,0,0,0,0,0,0,0,0,1,0,0,0,0,0,0,0,0,0,0,0,1,0,0,0,0,0,0,0,0,0,0,1,0,0,1,12.765691290604371,350000
0.1980287417180216,0.09644111792455802,-0.13473390450594022,-1.1427382348800126,1,0,0,0,0,0,0,0,0,0,0,0,0,0,0,0,1,0,0,0,0,0,0,0,0,0,0,0,1,0,0,0,0,0,0,0,0,0,0,1,1,0,0,12.301387370778713,220000
0.1980287417180216,0.09644111792455802,-0.03622184170215486,1.1678668310881546,0,1,0,0,0,0,0,0,0,0,0,0,0,0,1,0,0,0,0,0,0,0,0,0,0,0,0,0,0,1,0,0,0,0,0,0,0,0,0,0,1,0,0,13.079457964073546,479000
0.1980287417180216,0.09644111792455802,0.04758692814584165,-1.1427382348800126,0,1,0,0,0,0,0,0,0,1,0,0,0,0,0,0,0,0,0,0,0,0,0,0,0,0,0,0,0,0,0,0,0,0,0,1,0,0,0,1,0,0,1,12.971542813248437,430000
-1.383683877512786,0.09644111792455802,-0.015147121798857492,0.012564298104070972,0,1,0,0,0,0,0,0,0,0,0,0,0,1,0,0,0,0,0,0,0,0,0,0,0,0,0,0,0,1,0,0,0,0,0,0,0,0,0,1,0,0,0,13.102162710901053,490000
0.1980287417180216,0.09644111792455802,0.015239683643106157,1.1678668310881546,1,0,0,0,0,1,0,0,0,0,0,0,0,0,0,0,0,1,0,0,0,1,0,0,0,0,0,0,0,0,0,0,0,0,0,0,0,0,0,1,0,1,0,13.441545570402797,688000
0.1980287417180216,0.09644111792455802,0.06474076992759532,1.1678668310881546,0,1,0,0,0,0,0,0,0,0,0,0,0,0,0,0,0,0,0,0,0,0,0,0,0,0,0,0,0,0,0,0,0,0,0,0,0,0,0,1,0,0,1,13.006505736984344,445300
0.1980287417180216,0.09644111792455802,0.10051878278668155,1.1678668310881546,0,1,0,0,0,0,0,0,0,0,0,0,0,1,0,0,0,0,0,0,1,0,0,0,0,0,0,0,0,0,0,0,0,0,0,0,0,0,0,1,0,0,1,13.012550743537489,448000
0.1980287417180216,0.09644111792455802,0.15786162531425812,1.1678668310881546,0,1,0,0,0,0,0,0,0,0,0,0,0,1,0,0,0,0,0,0,0,0,0,0,0,0,0,0,0,1,0,0,0,0,0,0,0,0,0,1,0,0,0,13.3374763699232,620000
0.1980287417180216,0.09644111792455802,-0.06268776902257481,-1.1427382348800126,0,0,0,0,0,0,0,0,1,0,0,0,0,0,0,0,0,0,0,0,0,0,0,0,0,1,0,0,0,0,0,0,0,0,0,0,0,0,0,1,0,0,1,12.498745990829315,268000
0.1980287417180216,0.09644111792455802,-0.025929536633102657,-1.1427382348800126,1,0,0,0,0,0,0,0,1,0,0,0,0,0,0,0,0,0,0,0,0,0,0,0,0,1,0,0,0,0,0,0,0,0,0,0,0,0,0,1,0,0,1,12.570719231334277,288000
0.1980287417180216,0.09644111792455802,0.14805943001039887,1.1678668310881546,1,1,0,0,0,0,0,0,0,1,0,0,0,0,0,0,0,0,0,0,0,0,0,0,0,0,0,0,0,0,0,0,0,0,0,1,0,0,0,1,0,0,1,13.45883704259595,700000
-2.9653964967435935,-1.946160087556246,-0.20972069858046344,0.012564298104070972,0,1,0,0,0,0,0,0,0,0,0,0,1,0,0,0,0,0,0,0,0,0,0,0,0,0,0,0,0,0,0,0,1,0,0,0,0,0,0,1,0,0,0,12.506180941677357,270000
0.1980287417180216,0.09644111792455802,-0.04896469559717187,1.1678668310881546,0,0,0,0,0,1,0,0,0,0,0,0,1,0,0,0,0,0,0,0,0,0,0,0,0,0,0,0,0,1,0,0,0,0,0,0,0,0,0,1,0,0,0,13.017005083966255,450000
0.1980287417180216,0.09644111792455802,-0.0822921596302933,0.012564298104070972,1,0,0,0,0,1,0,0,0,0,0,0,1,0,0,0,0,0,0,0,0,0,0,0,0,0,0,0,0,1,0,0,0,0,0,0,0,0,0,1,0,0,0,12.611541086966115,300000
0.1980287417180216,2.139042323405362,0.04121550119833314,0.012564298104070972,1,1,0,0,0,0,0,0,0,0,0,0,0,0,0,0,0,0,0,0,0,0,0,0,0,0,0,0,0,0,0,0,0,0,0,0,0,0,0,0,0,0,0,12.847929163278053,380000
1.779741360948829,0.09644111792455802,0.20687260183355433,0.012564298104070972,1,1,0,0,0,0,0,0,0,0,0,0,0,0,0,0,1,0,0,0,0,0,0,0,0,0,0,0,1,0,0,0,0,0,0,0,0,0,0,1,0,0,0,13.161586013632684,520000
0.1980287417180216,0.09644111792455802,0.07993417264857715,3.4784718970563215,1,1,0,0,0,0,0,0,1,0,0,0,0,0,0,0,0,0,0,0,0,0,0,0,0,0,0,0,0,1,0,0,0,0,0,0,0,0,0,1,1,0,0,12.899222326086994,400000
-2.9653964967435935,-1.946160087556246,-0.16904158806944758,-1.1427382348800126,1,0,0,0,0,1,0,0,0,1,0,0,0,0,0,0,0,0,0,0,0,0,0,0,0,0,0,0,0,1,0,0,0,0,0,0,0,0,0,1,0,1,0,13.217675375388819,550000
0.1980287417180216,0.09644111792455802,-0.15090752675730798,-1.1427382348800126,1,0,0,0,0,0,0,0,0,0,0,0,0,0,0,0,0,1,0,0,0,0,0,0,0,0,0,0,0,1,0,0,0,0,0,0,0,0,0,1,0,0,1,12.013706813470414,165000
0.1980287417180216,0.09644111792455802,0.06670120898836718,1.1678668310881546,0,1,0,0,0,0,0,0,0,0,0,0,0,1,0,0,0,0,0,0,1,0,0,0,0,0,0,0,0,0,0,0,0,0,0,0,0,0,0,1,0,0,1,13.012550743537489,448000
0.1980287417180216,0.09644111792455802,0.06670120898836718,1.1678668310881546,0,1,0,0,0,0,0,0,0,0,0,0,0,0,0,0,0,0,0,0,0,0,0,0,0,0,0,0,0,0,0,0,0,0,0,0,0,0,0,1,0,0,1,13.011434051331422,447500
0.1980287417180216,0.09644111792455802,0.06670120898836718,1.1678668310881546,0,1,0,0,0,0,0,0,0,0,0,0,1,0,0,0,0,0,0,0,0,0,0,0,0,0,0,0,0,1,0,0,0,0,0,0,0,0,0,1,0,0,1,13.012550743537489,448000
0.1980287417180216,0.09644111792455802,-0.18913608844235902,-1.1427382348800126,0,0,0,0,1,0,0,0,0,0,0,0,1,0,0,0,0,0,0,0,0,0,0,0,0,0,0,0,0,1,0,0,0,0,0,0,0,0,0,1,0,0,0,12.861001210669146,385000
0.1980287417180216,0.09644111792455802,0.06572098945798124,1.1678668310881546,0,1,0,0,0,0,0,0,0,0,0,0,1,0,0,0,0,0,0,0,0,0,0,0,0,0,0,0,0,1,0,0,0,0,0,0,0,0,0,1,0,0,1,13.011434051331422,447500
-1.383683877512786,0.09644111792455802,0.013279244582334308,0.012564298104070972,0,1,0,0,0,0,0,0,1,0,0,0,0,0,0,0,0,0,0,0,0,0,0,0,0,1,0,0,0,0,0,0,0,0,0,0,0,0,0,1,0,0,1,13.235693848424024,560000
0.1980287417180216,0.09644111792455802,-0.11561962366341472,0.012564298104070972,0,0,0,0,0,0,0,0,0,0,0,0,0,0,0,0,0,1,0,0,0,0,0,0,0,0,0,0,0,1,0,0,0,0,0,0,0,0,0,1,0,1,0,12.706850963741102,330000
0.1980287417180216,0.09644111792455802,-0.06268776902257481,0.012564298104070972,1,0,1,0,0,0,0,0,0,0,0,0,0,0,0,1,0,0,0,0,0,0,0,0,0,0,0,0,0,1,0,0,0,0,0,0,0,0,0,1,0,0,1,12.468440756144114,260000
0.1980287417180216,0.09644111792455802,0.006907817634825801,-1.1427382348800126,0,0,0,0,0,0,0,0,0,0,0,0,0,0,0,0,0,1,0,0,0,0,0,0,0,0,1,0,0,0,0,0,0,0,0,0,0,0,0,0,0,0,1,12.429220196836383,250000
0.1980287417180216,0.09644111792455802,-0.14257566074902764,0.012564298104070972,1,0,0,0,0,0,0,0,0,0,0,0,0,0,0,0,0,1,0,0,0,0,0,0,0,0,0,0,0,0,0,1,0,0,0,0,0,0,0,0,1,0,0,11.813037464800539,135000
0.1980287417180216,0.09644111792455802,0.09169680701320823,1.1678668310881546,0,1,0,0,0,0,0,0,0,0,0,0,0,1,0,0,0,0,0,0,0,0,0,0,0,0,0,0,0,1,0,0,0,0,0,0,0,0,0,1,0,0,0,13.161586013632684,520000
0.1980287417180216,0.09644111792455802,0.16521327179215256,1.1678668310881546,0,1,0,0,0,0,0,0,0,0,0,0,0,1,0,0,0,0,0,0,0,0,0,0,0,0,0,0,0,1,0,0,0,0,0,0,0,0,0,1,0,0,0,13.304686600863562,600000
0.1980287417180216,0.09644111792455802,0.09169680701320823,1.1678668310881546,0,1,0,0,0,0,0,0,0,0,0,0,0,1,0,0,0,0,0,0,0,0,0,0,0,0,0,0,0,1,0,0,0,0,0,0,0,0,0,1,0,0,0,13.122365377402328,500000
0.1980287417180216,0.09644111792455802,0.23137809009320243,0.012564298104070972,1,1,0,0,0,0,0,0,0,1,0,0,0,0,0,0,0,0,0,0,0,0,0,0,0,0,0,0,0,1,0,0,0,0,0,0,0,0,0,0,0,1,0,13.3374763699232,620000
0.1980287417180216,0.09644111792455802,0.198050626060081,1.1678668310881546,1,1,0,0,0,0,0,0,0,1,0,0,0,0,0,0,0,0,0,0,0,0,0,0,0,0,0,0,0,1,0,0,0,0,0,0,0,0,0,0,0,0,1,13.384729180332174,650000
-1.383683877512786,-1.946160087556246,-0.2371668454312693,-1.1427382348800126,0,0,0,1,0,0,0,0,1,0,0,0,0,0,0,0,0,0,0,0,0,0,0,0,0,0,0,0,0,1,0,0,0,0,0,0,0,0,0,1,0,0,1,11.951186847493476,155000
0.1980287417180216,0.09644111792455802,-0.11022841624629214,1.1678668310881546,0,0,0,1,0,0,0,0,1,0,0,0,0,0,0,0,0,0,0,0,0,0,0,0,0,0,0,0,0,1,0,0,0,0,0,0,0,0,0,1,1,0,0,12.144202560946876,188000
0.1980287417180216,0.09644111792455802,-0.06268776902257481,-1.1427382348800126,0,0,0,0,0,0,0,0,0,0,0,1,0,0,0,0,0,0,0,0,0,0,0,0,0,0,0,0,0,1,0,0,0,0,0,0,0,0,0,0,0,1,0,12.04355959836804,170000
0.1980287417180216,0.09644111792455802,0.1451187714192411,1.1678668310881546,0,0,0,0,0,0,0,0,0,0,0,0,0,0,0,0,0,1,0,0,0,0,0,0,0,0,0,0,0,0,0,0,0,0,1,0,0,0,0,1,0,0,1,12.861001210669146,385000
0.1980287417180216,0.09644111792455802,-0.07298007409162702,0.012564298104070972,0,0,0,0,0,0,0,0,0,1,0,0,0,0,0,0,0,0,0,0,0,0,0,0,0,0,0,0,0,1,0,0,0,0,0,0,0,0,0,1,0,0,1,12.611541086966115,300000
0.1980287417180216,2.139042323405362,0.13139569799383816,-1.1427382348800126,1,1,0,0,0,0,0,0,0,0,0,0,0,0,0,0,0,1,0,0,0,0,0,0,0,0,0,0,0,1,0,0,0,0,0,0,0,0,0,1,0,0,1,13.017005083966255,450000
1.779741360948829,2.139042323405362,0.2946022498030945,1.1678668310881546,0,1,0,0,0,0,0,0,0,0,0,0,0,0,0,0,0,1,0,0,0,0,0,0,0,0,0,0,0,1,0,0,0,0,0,0,0,0,0,1,0,0,1,13.195615697878253,538000
0.1980287417180216,0.09644111792455802,0.1657033815573455,-1.1427382348800126,1,1,0,0,0,0,0,0,0,0,0,0,0,0,0,0,1,0,0,0,0,0,0,0,0,0,0,0,1,0,0,0,0,0,0,0,0,0,0,1,0,1,0,12.847929163278053,380000
0.1980287417180216,4.181643528886166,0.7587361974408297,-1.1427382348800126,1,0,0,0,1,0,0,0,0,0,0,0,1,0,0,0,0,0,0,0,0,0,0,0,0,0,0,0,0,1,0,0,0,0,0,0,0,0,0,1,0,1,0,13.25339339419516,570000
0.1980287417180216,0.09644111792455802,0.012789134817141347,2.323169364072238,0,1,0,0,0,0,0,0,0,0,0,0,1,0,0,0,0,0,0,0,0,0,0,0,0,0,0,0,0,1,0,0,0,0,0,0,0,0,0,1,0,0,1,12.899222326086994,400000
0.1980287417180216,0.09644111792455802,0.010828695756369498,0.012564298104070972,1,0,0,0,0,0,0,0,0,0,0,0,0,1,0,0,0,0,0,0,0,0,0,0,0,0,0,0,0,1,0,0,0,0,0,0,0,0,0,1,0,1,0,12.73080413304066,338000
0.1980287417180216,0.09644111792455802,0.00641770786963284,-1.1427382348800126,0,1,0,0,0,0,0,0,0,0,1,0,0,0,0,0,0,0,0,0,0,0,0,0,0,0,0,0,0,1,0,0,0,0,0,0,0,0,0,1,1,0,0,12.73080413304066,338000
0.1980287417180216,0.09644111792455802,0.0353341840160176,2.323169364072238,0,1,0,0,0,0,0,0,0,0,0,0,1,0,0,0,0,0,0,0,0,0,0,0,0,0,0,0,0,1,0,0,0,0,0,0,0,0,0,1,0,0,1,12.821260987319457,370000
0.1980287417180216,0.09644111792455802,-0.08376248892587218,1.1678668310881546,0,0,0,0,0,1,0,0,0,0,0,0,0,0,0,0,0,1,0,0,0,0,0,0,0,0,0,0,0,1,0,0,0,0,0,0,0,0,0,1,0,0,1,12.847929163278053,380000
0.1980287417180216,-1.946160087556246,-0.1558086244092376,-1.1427382348800126,1,0,0,1,0,0,0,0,0,0,1,0,0,0,0,0,0,0,0,0,0,0,0,0,0,0,0,0,0,1,0,0,0,0,0,0,0,0,0,1,0,1,0,11.904974309480183,148000
0.1980287417180216,0.09644111792455802,-0.1607097220611672,0.012564298104070972,1,0,0,0,0,0,0,0,0,0,0,0,0,0,0,0,0,1,0,0,0,0,0,0,0,0,0,0,0,1,0,0,0,0,0,0,0,0,0,1,0,0,0,12.04355959836804,170000
0.1980287417180216,0.09644111792455802,0.23774951704071093,-1.1427382348800126,0,1,0,0,0,0,0,0,0,0,0,0,0,1,0,0,0,0,0,0,0,0,0,0,0,0,0,0,0,1,0,0,0,0,0,0,0,0,0,1,0,0,1,13.350297037805756,628000
-1.383683877512786,0.09644111792455802,-0.4748700815498559,1.1678668310881546,0,1,0,0,0,0,0,0,0,0,0,0,0,0,0,0,0,1,0,0,0,0,0,0,0,0,0,0,0,1,0,0,0,0,0,0,0,0,0,0,0,0,1,12.759960632315702,348000
0.1980287417180216,0.09644111792455802,-0.12640203849765988,-1.1427382348800126,0,0,0,0,0,0,0,0,0,0,0,0,0,1,0,0,0,0,0,0,0,0,0,0,0,0,0,0,0,1,0,0,0,0,0,0,0,0,0,1,0,0,1,12.154784614286667,190000
-1.383683877512786,0.09644111792455802,-0.08719325728222291,-1.1427382348800126,0,1,0,0,0,0,0,0,0,0,0,0,0,1,0,0,0,0,0,0,1,0,0,0,0,0,0,0,0,0,0,0,0,0,0,0,0,0,0,1,0,0,1,13.42246945133505,675000
0.1980287417180216,0.09644111792455802,-0.04700425653640002,1.1678668310881546,0,0,0,0,0,1,0,0,0,0,0,0,0,0,0,0,0,1,0,0,0,0,0,0,0,0,0,0,0,1,0,0,0,0,0,0,0,0,0,1,0,1,0,13.017005083966255,450000
1.779741360948829,0.09644111792455802,0.039745171902754256,0.012564298104070972,0,0,0,0,0,1,0,0,0,1,0,0,0,0,0,0,0,0,0,0,0,0,0,0,0,0,0,0,0,1,0,0,0,0,0,0,0,0,0,1,0,1,0,13.122365377402328,500000
0.1980287417180216,0.09644111792455802,-0.1313031361495895,-1.1427382348800126,1,0,0,0,0,0,0,0,1,0,0,0,0,0,0,0,0,0,0,0,0,0,0,0,0,1,0,0,0,0,0,0,0,0,0,0,0,0,0,1,0,1,0,12.031725210748633,168000
1.779741360948829,2.139042323405362,0.4166395813361421,1.1678668310881546,1,1,0,0,0,0,0,0,0,1,0,0,0,0,0,0,0,0,0,0,0,0,0,0,0,0,0,0,0,1,0,0,0,0,0,0,0,0,0,1,0,0,1,13.527829818844937,750000
0.1980287417180216,0.09644111792455802,0.010828695756369498,1.1678668310881546,0,1,0,0,0,0,0,0,0,0,0,0,0,1,0,0,0,0,0,0,1,0,0,0,0,0,0,0,0,0,0,0,0,0,0,0,0,0,0,1,0,0,0,13.096021455450709,487000
0.1980287417180216,0.09644111792455802,0.10885064879496191,1.1678668310881546,1,0,0,0,0,0,0,0,1,0,0,0,0,0,0,0,0,0,0,0,0,0,0,0,0,1,0,0,0,0,0,0,0,0,0,0,0,0,0,1,0,0,1,12.788291058675025,358000
0.1980287417180216,0.09644111792455802,-0.1362042338015191,0.012564298104070972,1,0,0,0,0,0,0,0,0,0,0,0,0,1,0,0,0,0,0,1,0,0,0,0,0,0,0,0,0,0,0,0,0,0,0,0,0,0,0,1,0,0,1,12.367345048436391,235000
-1.383683877512786,0.09644111792455802,-0.20972069858046344,-1.1427382348800126,1,0,0,0,0,0,0,0,0,0,0,0,0,1,0,0,0,0,0,1,0,0,0,0,0,0,0,0,0,0,0,0,0,0,0,0,0,0,0,1,0,1,0,12.301387370778713,220000
0.1980287417180216,0.09644111792455802,0.010828695756369498,-1.1427382348800126,0,0,0,0,0,0,0,0,0,0,1,0,0,0,0,0,0,0,0,0,0,0,0,0,0,0,0,0,0,1,0,0,0,0,0,0,0,0,0,1,0,1,0,12.449022745701502,255000
0.1980287417180216,0.09644111792455802,0.03239352542485983,1.1678668310881546,0,0,0,0,0,1,0,0,0,0,0,0,0,0,0,0,0,1,0,0,0,0,0,0,0,0,0,0,0,1,0,0,0,0,0,0,0,0,0,1,0,0,0,12.948012371209098,420000
0.1980287417180216,0.09644111792455802,-0.05043502489275076,1.1678668310881546,0,0,0,0,0,0,0,0,0,0,0,0,0,0,0,0,0,1,0,0,0,0,0,0,0,0,0,0,0,1,0,0,0,0,0,0,0,0,0,1,0,0,0,12.54254845357358,280000
0.1980287417180216,0.09644111792455802,-0.06268776902257481,1.1678668310881546,0,1,0,0,0,0,0,0,0,0,0,0,0,0,0,0,0,1,0,0,0,0,0,0,0,0,0,0,0,1,0,0,0,0,0,0,0,0,0,1,0,0,0,12.691583538230217,325000
0.1980287417180216,0.09644111792455802,0.0598396722756657,0.012564298104070972,0,1,0,0,0,0,0,0,0,1,0,0,0,0,0,0,0,0,0,0,0,0,0,0,0,0,0,0,0,1,0,0,0,0,0,0,0,0,0,0,1,0,0,12.994532278619134,440000
0.1980287417180216,0.09644111792455802,0.07993417264857715,0.012564298104070972,0,1,0,0,0,0,0,0,0,0,0,0,0,0,0,0,0,0,0,0,0,0,0,0,0,0,0,0,0,0,0,0,0,0,0,0,0,0,0,1,0,1,0,12.611541086966115,300000
1.779741360948829,4.181643528886166,0.6151340362392917,-1.1427382348800126,1,1,0,0,0,0,0,0,0,0,0,0,0,0,0,0,1,0,0,0,0,0,0,0,0,0,0,0,1,0,0,0,0,0,0,0,0,0,0,1,1,0,0,13.384729180332174,650000
3.3614539801796366,4.181643528886166,0.5401472421647685,-1.1427382348800126,1,0,0,0,0,0,0,0,1,0,0,0,0,0,0,0,0,0,0,0,0,0,0,0,0,1,0,0,0,0,0,0,0,0,0,0,0,0,0,1,0,0,0,13.014780393893403,449000
0.1980287417180216,0.09644111792455802,0.023081439886193548,0.012564298104070972,0,1,0,0,0,0,0,0,0,1,0,0,0,0,0,0,0,0,0,0,0,0,0,0,0,0,0,0,0,0,0,0,0,0,0,1,0,0,0,1,0,1,0,13.304686600863562,600000
-1.383683877512786,-1.946160087556246,-0.22785475989260304,-1.1427382348800126,0,0,0,1,0,0,0,0,0,0,0,0,0,1,0,0,0,0,0,1,0,0,0,0,0,0,0,0,0,0,0,0,0,0,0,0,0,0,0,1,0,0,0,11.982935344196433,160000
-1.383683877512786,0.09644111792455802,-0.051905354188329644,-1.1427382348800126,1,1,0,0,0,0,0,0,1,0,0,0,0,0,0,0,0,0,0,0,0,0,0,0,0,1,0,0,0,0,0,0,0,0,0,0,0,0,0,1,0,0,0,12.765691290604371,350000
0.1980287417180216,0.09644111792455802,-0.1362042338015191,-1.1427382348800126,0,0,0,0,0,0,0,0,0,0,0,0,0,1,0,0,0,0,0,0,0,0,0,0,0,0,0,0,0,1,0,0,0,0,0,0,0,0,0,1,0,0,1,12.345838935721968,230000
-1.383683877512786,0.09644111792455802,0.013279244582334308,0.012564298104070972,0,1,0,0,0,0,0,0,1,0,0,0,0,0,0,0,0,0,0,0,0,0,0,0,0,1,0,0,0,0,0,0,0,0,0,0,0,0,0,1,0,0,0,13.199326270390594,540000
-1.383683877512786,-1.946160087556246,-0.22589432083183117,-1.1427382348800126,0,0,0,1,0,0,0,0,1,0,0,0,0,0,0,0,0,0,0,0,0,0,0,0,0,0,0,0,0,1,0,0,0,0,0,0,0,0,0,1,0,0,1,11.678448377988165,118000
1.779741360948829,0.09644111792455802,-0.02936030498945339,1.1678668310881546,0,0,0,0,0,1,0,0,0,1,0,0,0,0,0,0,0,0,0,0,0,0,0,0,0,0,0,0,0,1,0,0,0,0,0,0,0,0,0,1,1,0,0,13.161586013632684,520000
0.1980287417180216,0.09644111792455802,-0.08376248892587218,0.012564298104070972,1,0,0,0,0,0,0,0,0,0,0,0,0,0,0,0,0,0,0,0,0,0,0,0,0,0,0,0,0,0,0,0,0,0,0,0,0,0,0,1,0,0,1,12.206077645517674,200000
0.1980287417180216,0.09644111792455802,-0.16316027088713203,0.012564298104070972,0,0,0,0,0,0,0,0,0,0,0,0,0,0,0,0,0,1,0,0,0,0,0,0,0,0,0,0,0,1,0,0,0,0,0,0,0,0,0,1,0,0,1,11.502885230075814,99000
0.1980287417180216,0.09644111792455802,-0.09209435493415254,0.012564298104070972,0,0,0,0,0,0,0,0,0,0,0,0,0,0,0,0,0,1,0,0,0,0,0,0,0,0,0,0,0,1,0,0,0,0,0,0,0,0,0,1,0,0,1,11.58989576532275,108000
0.1980287417180216,0.09644111792455802,0.02798253753812317,-1.1427382348800126,0,0,0,0,0,0,0,0,1,0,0,0,0,0,0,0,0,0,0,0,0,0,0,0,0,1,0,0,0,0,0,0,0,0,0,0,0,0,0,1,0,0,1,13.176853456625999,528000
-1.383683877512786,-1.946160087556246,-0.22442399153625228,0.012564298104070972,0,0,0,1,0,0,0,0,1,0,0,0,0,0,0,0,0,0,0,0,0,0,0,0,0,0,0,0,0,1,0,0,0,0,0,0,0,0,0,0,0,1,0,11.49273296168228,98000
-1.383683877512786,-1.946160087556246,-0.17345257595618424,-1.1427382348800126,1,0,0,1,0,0,0,0,0,1,0,0,0,0,0,0,0,0,0,0,0,0,0,0,0,0,0,0,0,1,0,0,0,0,0,0,0,0,0,1,1,0,0,12.144202560946876,188000
0.1980287417180216,0.09644111792455802,-0.021518548746366,1.1678668310881546,0,0,0,0,0,1,0,0,0,1,0,0,0,0,0,0,0,0,0,0,0,0,0,0,0,0,0,0,0,1,0,0,0,0,0,0,0,0,0,1,1,0,0,13.304686600863562,600000
0.1980287417180216,0.09644111792455802,0.05248802579777127,1.1678668310881546,0,0,0,0,0,1,0,0,0,1,0,0,0,0,0,0,0,0,0,0,0,0,0,0,0,0,0,0,0,0,0,0,0,1,0,0,0,0,0,1,0,0,1,13.235693848424024,560000
0.1980287417180216,0.09644111792455802,0.1255143808115226,1.1678668310881546,1,1,0,0,0,0,0,0,0,1,0,0,0,0,0,0,0,0,0,0,0,0,0,0,0,0,0,0,0,1,0,0,0,0,0,0,0,0,0,1,1,0,0,13.554147092530322,770000
-2.9653964967435935,-1.946160087556246,-0.16806136853906165,0.012564298104070972,0,0,0,0,0,1,0,0,0,0,0,0,0,0,0,0,0,1,0,0,0,0,0,0,0,0,0,0,0,1,0,0,0,0,0,0,0,0,0,1,0,0,0,12.765691290604371,350000
-1.383683877512786,0.09644111792455802,-0.0783712815087496,-1.1427382348800126,0,1,0,0,0,0,0,0,1,0,0,0,0,0,0,0,0,0,0,0,0,0,0,0,0,1,0,0,0,0,0,0,0,0,0,0,0,0,0,1,1,0,0,13.098072734013513,488000
-1.383683877512786,0.09644111792455802,-0.0783712815087496,-1.1427382348800126,0,1,0,0,0,0,0,0,1,0,0,0,0,0,0,0,0,0,0,0,0,0,0,0,0,1,0,0,0,0,0,0,0,0,0,0,0,0,0,1,1,0,0,13.098072734013513,488000
-1.383683877512786,0.09644111792455802,-0.0783712815087496,-1.1427382348800126,0,1,0,0,0,0,0,0,1,0,0,0,0,0,0,0,0,0,0,0,0,0,0,0,0,1,0,0,0,0,0,0,0,0,0,0,0,0,0,1,1,0,0,13.098072734013513,488000
-1.383683877512786,-1.946160087556246,-0.18129433219927163,-1.1427382348800126,1,0,0,0,0,0,0,0,0,0,0,0,0,0,0,1,0,0,0,0,0,0,0,0,0,0,0,1,0,0,0,0,0,0,0,0,0,0,0,0,0,1,0,12.487488878546145,265000
0.1980287417180216,0.09644111792455802,-0.07984161080432849,1.1678668310881546,0,0,0,0,0,1,0,0,0,0,0,0,0,0,0,0,0,1,0,0,0,0,0,0,0,0,0,0,0,1,0,0,0,0,0,0,0,0,0,1,0,1,0,13.091906231773164,485000
0.1980287417180216,0.09644111792455802,-0.06905919597008332,0.012564298104070972,0,1,0,0,0,0,0,0,0,0,0,0,0,1,0,0,0,0,0,1,0,0,0,0,0,0,0,0,0,0,0,0,0,0,0,0,0,0,0,1,0,1,0,12.706850963741102,330000
1.779741360948829,0.09644111792455802,0.01572979340829912,1.1678668310881546,0,0,0,0,0,1,0,0,0,1,0,0,0,0,0,0,0,0,0,0,0,0,0,0,0,0,0,0,0,0,0,0,0,0,0,1,0,0,0,1,0,0,1,13.384729180332174,650000
0.1980287417180216,0.09644111792455802,-0.11169874554187102,-1.1427382348800126,0,0,0,0,0,0,0,0,0,0,0,0,1,0,0,0,0,0,0,0,0,0,0,0,0,0,0,0,0,1,0,0,0,0,0,0,0,0,0,1,0,0,1,12.07254696717504,175000
-1.383683877512786,-1.946160087556246,-0.16267016112193908,-1.1427382348800126,1,0,0,0,0,0,0,0,0,0,0,0,0,0,0,0,1,0,0,0,0,0,0,0,0,0,0,0,1,0,0,0,0,0,0,0,0,0,0,1,0,0,1,11.775297421715827,130000
-1.383683877512786,0.09644111792455802,-0.16561081971309685,-1.1427382348800126,1,0,0,0,0,0,0,0,0,0,0,0,0,0,0,0,1,0,0,0,0,0,0,0,0,0,0,0,1,0,0,0,0,0,0,0,0,0,0,0,1,0,0,12.577639650232573,290000
0.1980287417180216,0.09644111792455802,0.06523087969278829,1.1678668310881546,1,1,0,0,0,0,0,0,0,0,0,0,0,1,0,0,0,0,0,0,0,0,1,0,0,0,0,0,0,0,0,0,0,0,0,0,0,0,0,1,0,0,1,13.28787951079572,590000
0.1980287417180216,0.09644111792455802,-0.08719325728222291,0.012564298104070972,1,0,0,0,0,0,0,0,0,0,0,0,0,1,0,0,0,0,0,1,0,0,0,0,0,0,0,0,0,0,0,0,0,0,0,0,0,0,0,1,0,1,0,12.971542813248437,430000
0.1980287417180216,0.09644111792455802,0.09365724607398009,0.012564298104070972,0,1,0,0,0,0,0,0,0,1,0,0,0,0,0,0,0,0,0,0,0,0,0,0,0,0,0,0,0,0,0,0,0,0,0,1,0,0,0,1,1,0,0,12.762830066509972,349000
0.1980287417180216,0.09644111792455802,0.15786162531425812,1.1678668310881546,0,1,0,0,0,0,0,0,0,0,0,0,0,1,0,0,0,0,0,0,0,0,0,0,0,0,0,0,0,1,0,0,0,0,0,0,0,0,0,1,1,0,0,13.500801182986649,730000
0.1980287417180216,-1.946160087556246,-0.1607097220611672,0.012564298104070972,1,0,0,1,0,0,0,0,1,0,0,0,0,0,0,0,0,0,0,0,0,0,0,0,0,0,0,0,0,1,0,0,0,0,0,0,0,0,0,1,0,1,0,12.185875040240456,196000
0.1980287417180216,0.09644111792455802,-0.044553707710435216,0.012564298104070972,0,1,0,0,0,0,0,0,0,0,0,0,0,1,0,0,0,0,0,1,0,0,0,0,0,0,0,0,0,0,0,0,0,0,0,0,0,0,0,1,0,0,1,13.077368103521614,478000
0.1980287417180216,0.09644111792455802,-0.17835367360811386,-1.1427382348800126,1,0,0,0,0,0,0,0,0,0,0,0,0,0,0,0,0,1,0,0,0,0,0,0,0,0,0,0,0,0,1,0,0,0,0,0,0,0,0,1,0,0,1,12.206077645517674,200000
1.779741360948829,0.09644111792455802,0.039745171902754256,1.1678668310881546,0,0,0,0,0,1,0,0,0,1,0,0,0,0,0,0,0,0,0,0,0,0,0,0,0,0,0,0,0,1,0,0,0,0,0,0,0,0,0,1,1,0,0,13.180634172318978,530000
0.1980287417180216,0.09644111792455802,0.02063089106022874,-1.1427382348800126,1,0,0,0,0,1,0,0,0,0,0,0,0,0,0,0,0,1,0,0,0,0,0,0,0,0,0,0,0,0,0,0,0,0,1,0,0,0,0,0,0,0,1,12.899222326086994,400000
0.1980287417180216,0.09644111792455802,0.022101220355807624,0.012564298104070972,1,1,0,0,0,0,0,0,0,1,0,0,0,0,0,0,0,0,0,0,0,1,0,0,0,0,0,0,0,0,0,0,0,0,0,0,0,0,0,1,1,0,0,12.840003118946523,377000
0.1980287417180216,0.09644111792455802,-0.0783712815087496,0.012564298104070972,0,0,0,0,0,0,0,0,0,0,0,0,0,0,0,0,0,1,0,0,0,0,0,0,0,0,0,0,0,0,0,1,0,0,0,0,0,0,0,0,0,1,0,12.834683971615659,375000
1.779741360948829,0.09644111792455802,-0.018577890155208224,1.1678668310881546,0,0,0,0,0,1,0,0,0,1,0,0,0,0,0,0,0,0,0,0,0,0,0,0,0,0,0,0,0,1,0,0,0,0,0,0,0,0,0,1,0,1,0,13.038983942375959,460000
0.1980287417180216,0.09644111792455802,-0.08719325728222291,-1.1427382348800126,1,0,0,0,0,0,0,0,0,0,0,0,1,0,0,0,0,0,0,0,0,0,0,0,0,0,0,0,0,1,0,0,0,0,0,0,0,0,0,1,0,0,1,12.611541086966115,300000
1.779741360948829,0.09644111792455802,-0.018577890155208224,1.1678668310881546,0,0,0,0,0,1,0,0,0,1,0,0,0,0,0,0,0,0,0,0,0,0,0,0,0,0,0,0,0,1,0,0,0,0,0,0,0,0,0,1,0,0,1,13.081543466215237,480000
0.1980287417180216,0.09644111792455802,0.08434516053531381,0.012564298104070972,1,1,0,0,0,0,0,0,0,0,0,0,0,1,0,0,0,0,0,0,0,0,0,0,0,0,0,0,0,1,0,0,0,0,0,0,0,0,0,1,0,0,1,13.017005083966255,450000
1.779741360948829,0.09644111792455802,0.0985583437259097,0.012564298104070972,0,0,0,0,0,0,0,0,1,0,0,0,0,0,0,0,0,0,0,0,0,0,0,0,0,0,0,0,0,1,0,0,0,0,0,0,0,0,0,1,0,0,0,12.765691290604371,350000
0.1980287417180216,0.09644111792455802,0.022591330121000588,0.012564298104070972,1,0,0,0,0,0,0,0,1,0,0,0,0,0,0,0,0,0,0,0,0,0,0,0,0,1,0,0,0,0,0,0,0,0,0,0,0,0,0,1,0,0,1,12.660331092405906,315000
0.1980287417180216,0.09644111792455802,-0.1313031361495895,-1.1427382348800126,1,0,0,0,0,0,0,0,1,0,0,0,0,0,0,0,0,0,0,0,0,0,0,0,0,1,0,0,0,0,0,0,0,0,0,0,0,0,0,1,0,1,0,12.031725210748633,168000
0.1980287417180216,0.09644111792455802,0.10885064879496191,1.1678668310881546,1,0,0,0,0,0,0,0,1,0,0,0,0,0,0,0,0,0,0,0,0,0,0,0,0,1,0,0,0,0,0,0,0,0,0,0,0,0,0,1,0,0,1,12.788291058675025,358000
0.1980287417180216,2.139042323405362,0.250002261170535,-1.1427382348800126,1,1,0,0,0,0,0,0,0,0,0,0,0,0,0,1,0,0,0,0,0,0,0,0,0,0,0,1,0,0,0,0,0,0,0,0,0,0,0,1,1,0,0,13.652992804936396,850000
0.1980287417180216,0.09644111792455802,0.010828695756369498,0.012564298104070972,0,1,0,0,0,0,0,0,0,1,0,0,0,0,0,0,0,0,0,0,0,0,0,0,0,0,0,0,0,0,0,0,0,0,0,1,0,0,0,1,0,0,1,12.73670383776449,340000
-1.383683877512786,-1.946160087556246,-0.013676792503278605,0.012564298104070972,0,0,0,0,0,1,0,0,0,1,0,0,0,0,0,0,0,0,1,0,0,0,0,0,0,0,0,0,0,0,0,0,0,0,0,0,0,0,0,1,1,0,0,13.180634172318978,530000
1.779741360948829,-1.946160087556246,0.039745171902754256,-1.1427382348800126,0,0,0,1,0,0,0,0,0,0,1,0,0,0,0,0,0,0,0,0,0,0,0,0,0,0,0,0,0,1,0,0,0,0,0,0,0,0,0,1,0,0,1,12.144202560946876,188000
0.1980287417180216,0.09644111792455802,-0.004364706964612326,0.012564298104070972,0,0,0,0,0,0,0,0,0,0,0,0,0,0,0,0,0,1,0,0,0,0,0,0,0,0,1,0,0,0,0,0,0,0,0,0,0,0,0,1,0,0,1,12.34148164933907,229000
0.1980287417180216,0.09644111792455802,-0.1362042338015191,0.012564298104070972,0,1,0,0,0,0,0,0,0,0,0,0,0,1,0,0,0,0,0,0,0,0,0,0,0,0,0,0,0,1,0,0,0,0,0,0,0,0,0,1,0,0,1,12.409017571151187,245000
-2.9653964967435935,-1.946160087556246,-0.266573431342847,-1.1427382348800126,0,0,0,0,0,0,0,0,0,0,0,0,1,0,0,0,0,0,0,0,0,0,0,0,0,0,0,0,0,1,0,0,0,0,0,0,0,0,0,1,0,0,1,12.429220196836383,250000
0.1980287417180216,0.09644111792455802,-0.11169874554187102,0.012564298104070972,0,0,0,0,0,0,0,0,0,0,0,0,0,0,1,0,0,0,0,0,0,0,0,0,0,0,0,0,0,1,0,0,0,0,0,0,0,0,0,1,0,0,1,12.206077645517674,200000
0.1980287417180216,0.09644111792455802,-0.08523281822145107,1.1678668310881546,0,0,0,0,0,1,0,0,0,0,0,0,0,0,0,0,0,1,0,0,0,0,0,0,0,0,0,0,0,1,0,0,0,0,0,0,0,0,0,1,0,0,1,12.793862088206213,360000
0.1980287417180216,0.09644111792455802,0.15198030813194258,1.1678668310881546,0,1,0,0,0,0,0,0,0,0,0,0,0,0,0,0,0,1,0,0,0,0,0,0,0,0,1,0,0,0,0,0,0,0,0,0,0,0,0,1,0,1,0,12.721888795877375,335000
0.1980287417180216,0.09644111792455802,-0.021518548746366,-1.1427382348800126,0,1,0,0,0,0,0,0,0,0,0,0,0,0,0,0,0,1,0,0,0,0,0,0,0,0,1,0,0,0,0,0,0,0,0,0,0,0,0,1,0,1,0,12.577639650232573,290000
0.1980287417180216,0.09644111792455802,-0.06072732996180296,0.012564298104070972,0,0,0,0,0,0,0,0,0,0,0,0,0,0,0,0,0,1,0,0,0,0,0,0,0,0,1,0,0,0,0,0,0,0,0,0,0,0,0,0,0,0,1,12.100717685412471,180000
-1.383683877512786,-1.946160087556246,-0.23422618684011154,-1.1427382348800126,0,0,0,1,0,0,0,0,1,0,0,0,0,0,0,0,0,0,0,0,0,0,0,0,0,1,0,0,0,0,0,0,0,0,0,0,0,0,0,1,0,0,1,11.884495917930655,145000
0.1980287417180216,0.09644111792455802,-0.1607097220611672,0.012564298104070972,0,0,0,0,0,0,0,0,0,0,0,0,0,0,0,0,0,1,0,0,0,0,0,0,0,0,0,0,0,1,0,0,0,0,0,0,0,0,0,0,0,1,0,11.982935344196433,160000
0.1980287417180216,-1.946160087556246,-0.1362042338015191,-1.1427382348800126,0,0,0,1,0,0,0,0,0,0,1,0,0,0,0,0,0,0,0,0,0,0,0,0,0,0,0,0,0,1,0,0,0,0,0,0,0,0,0,1,0,0,0,11.918397239722838,150000
0.1980287417180216,0.09644111792455802,0.15198030813194258,-1.1427382348800126,1,0,0,0,0,0,0,0,0,0,0,0,0,0,0,0,1,0,0,0,0,0,0,0,0,0,0,0,1,0,0,0,0,0,0,0,0,0,0,1,0,0,1,12.644330802262578,310000
-1.383683877512786,-1.946160087556246,-0.1558086244092376,-1.1427382348800126,1,0,0,0,0,0,0,0,0,0,0,0,0,0,0,0,1,0,0,0,0,0,0,0,0,0,0,0,1,0,0,0,0,0,0,0,0,0,0,1,1,0,0,12.031725210748633,168000
-1.383683877512786,0.09644111792455802,-0.20972069858046344,-1.1427382348800126,1,0,0,1,0,0,0,0,0,0,0,0,0,1,0,0,0,0,0,1,0,0,0,0,0,0,0,0,0,0,0,0,0,0,0,0,0,0,0,1,0,0,1,11.918397239722838,150000
0.1980287417180216,0.09644111792455802,-0.03132074405022524,-1.1427382348800126,0,0,0,0,0,0,0,0,0,0,1,0,0,0,0,0,0,0,0,0,0,0,0,0,0,0,0,0,0,1,0,0,0,0,0,0,0,0,0,1,0,1,0,12.409017571151187,245000
0.1980287417180216,0.09644111792455802,0.019650671529842813,1.1678668310881546,1,1,0,0,0,0,0,0,0,1,0,0,0,0,0,0,0,0,0,0,0,1,0,0,0,0,0,0,0,0,0,0,0,0,0,0,0,0,0,1,0,0,1,13.034626646500051,458000
0.1980287417180216,0.09644111792455802,0.20638249206836137,-1.1427382348800126,1,1,0,0,0,0,0,0,0,0,0,0,0,0,0,0,0,1,0,0,0,0,0,0,0,0,0,0,0,0,0,0,0,0,0,0,1,0,0,1,0,0,0,13.081543466215237,480000
-1.383683877512786,-1.946160087556246,-0.1288525873236247,0.012564298104070972,0,0,0,0,0,0,0,0,1,0,0,0,0,0,0,0,0,0,0,0,0,0,0,0,0,0,0,0,0,1,0,0,0,0,0,0,0,0,0,1,0,0,1,12.59473402514672,295000
0.1980287417180216,0.09644111792455802,-0.18521521032081534,-1.1427382348800126,1,0,0,0,0,0,0,0,0,0,0,0,0,0,0,1,0,0,0,0,0,0,0,0,0,0,0,0,0,1,0,0,0,0,0,0,0,0,0,0,0,1,0,12.180759965737863,195000
0.1980287417180216,0.09644111792455802,0.04415615978949092,1.1678668310881546,0,1,0,0,0,0,0,0,1,0,0,0,0,0,0,0,0,0,0,0,0,0,0,0,0,1,0,0,0,0,0,0,0,0,0,0,0,0,0,1,0,0,1,13.017005083966255,450000
-1.383683877512786,-1.946160087556246,-0.19501740562467457,0.012564298104070972,1,0,0,0,0,0,0,0,0,0,0,0,0,0,0,0,0,1,0,0,0,0,0,0,0,0,0,0,0,0,0,0,0,0,0,0,1,0,0,0,0,0,0,11.813037464800539,135000
-1.383683877512786,-1.946160087556246,-0.19501740562467457,0.012564298104070972,1,0,0,0,0,0,0,0,0,0,0,0,0,0,0,0,0,1,0,0,0,0,0,0,0,0,0,0,0,0,0,0,0,0,0,0,1,0,0,0,0,0,0,12.128116509451258,185000
0.1980287417180216,0.09644111792455802,-0.07003941550046924,-1.1427382348800126,1,0,0,0,0,0,0,0,0,0,0,0,0,0,0,0,0,1,0,0,0,0,0,0,0,0,0,0,0,0,0,0,0,0,0,0,1,0,0,0,0,0,0,12.676079399771027,320000
-1.383683877512786,-1.946160087556246,-0.17345257595618424,-1.1427382348800126,1,0,0,0,0,0,0,0,0,0,0,0,0,0,0,0,1,0,0,0,0,0,0,0,0,0,0,0,0,1,0,0,0,0,0,0,0,0,0,1,0,0,1,11.835016210489899,138000
0.1980287417180216,0.09644111792455802,-0.11169874554187102,-1.1427382348800126,0,0,0,0,0,0,0,0,0,0,0,0,1,0,0,0,0,0,0,0,0,0,0,0,0,0,0,0,0,1,0,0,0,0,0,0,0,0,0,1,0,0,1,12.08954444723597,178000
0.1980287417180216,0.09644111792455802,-0.12640203849765988,-1.1427382348800126,1,0,0,0,0,0,0,0,0,1,0,0,0,0,0,0,0,0,0,0,0,0,0,0,0,0,0,0,0,1,0,0,0,0,0,0,0,0,0,0,0,0,1,12.128116509451258,185000
0.1980287417180216,0.09644111792455802,-0.11169874554187102,-1.1427382348800126,0,1,0,0,0,0,0,0,0,0,0,0,0,1,0,0,0,0,0,0,0,0,0,0,0,0,0,0,0,1,0,0,0,0,0,0,0,0,0,1,0,0,1,12.604852121186608,298000
0.1980287417180216,0.09644111792455802,-0.04259326864966337,-1.1427382348800126,0,0,0,0,0,0,0,0,0,0,0,0,0,0,0,0,0,1,0,0,0,0,0,0,0,0,0,0,0,0,0,0,0,0,0,0,1,0,0,1,0,0,0,12.506180941677357,270000
0.1980287417180216,0.09644111792455802,-0.14600642910537837,-1.1427382348800126,1,0,0,0,0,0,0,0,0,0,0,0,0,1,0,0,0,0,0,0,0,0,0,0,1,0,0,0,0,0,0,0,0,0,0,0,0,0,0,1,0,0,0,12.345838935721968,230000
-1.383683877512786,-1.946160087556246,-0.19501740562467457,0.012564298104070972,1,0,0,0,0,0,0,0,0,0,0,0,0,0,0,0,0,1,0,0,0,0,0,0,0,0,0,0,0,0,0,0,0,0,0,0,1,0,0,0,0,0,0,12.013706813470414,165000
0.1980287417180216,-1.946160087556246,-0.16267016112193908,-1.1427382348800126,1,0,0,0,0,0,0,0,0,0,0,0,0,1,0,0,0,0,0,0,0,0,0,1,0,0,0,0,0,0,0,0,0,0,0,0,0,0,0,0,0,1,0,12.388398368982115,240000
-1.383683877512786,-1.946160087556246,-0.18521521032081534,1.1678668310881546,0,0,0,0,0,0,0,0,0,1,0,0,0,0,0,0,0,0,0,0,0,0,0,0,0,0,0,0,0,1,0,0,0,0,0,0,0,0,0,1,0,0,0,12.25486757159303,210000
0.1980287417180216,0.09644111792455802,-0.06268776902257481,-1.1427382348800126,1,0,0,0,0,0,0,0,0,0,0,0,0,0,0,1,0,0,0,0,0,0,0,0,0,0,0,0,0,1,0,0,0,0,0,0,0,0,0,1,1,0,0,12.429220196836383,250000
-1.383683877512786,-1.946160087556246,-0.21462179623239305,-1.1427382348800126,0,0,0,1,0,0,0,0,0,0,0,0,0,0,0,0,0,1,0,0,0,0,0,0,0,0,1,0,0,0,0,0,0,0,0,0,0,0,0,1,0,0,1,11.350418300109132,85000
0.1980287417180216,0.09644111792455802,0.10885064879496191,0.012564298104070972,0,1,0,0,0,0,0,0,0,1,0,0,0,0,0,0,0,0,0,0,0,0,0,0,0,0,0,0,0,1,0,0,0,0,0,0,0,0,0,1,0,1,0,13.235693848424024,560000
0.1980287417180216,0.09644111792455802,-0.16953169783464053,-1.1427382348800126,1,0,0,0,0,0,0,0,0,0,0,0,0,0,0,0,1,0,0,0,0,0,0,0,0,0,0,0,1,0,0,0,0,0,0,0,0,0,0,1,1,0,0,12.429220196836383,250000
0.1980287417180216,0.09644111792455802,-0.1362042338015191,-1.1427382348800126,1,0,0,0,0,0,0,0,0,0,0,0,0,0,0,0,0,0,0,0,0,0,0,0,0,0,0,0,0,0,0,0,0,0,0,0,0,0,0,1,0,0,1,12.144202560946876,188000
0.1980287417180216,0.09644111792455802,-0.08719325728222291,-1.1427382348800126,1,0,0,0,0,0,0,0,0,0,0,0,0,0,0,0,1,0,0,0,0,0,0,0,0,0,0,0,1,0,0,0,0,0,0,0,0,0,0,1,1,0,0,12.524530013005734,275000
0.1980287417180216,0.09644111792455802,0.13776712494134666,0.012564298104070972,1,1,0,0,0,0,0,0,0,0,0,0,0,0,0,0,0,1,0,0,0,0,0,0,0,0,0,0,0,1,0,0,0,0,0,0,0,0,0,0,0,0,0,12.793862088206213,360000
0.1980287417180216,0.09644111792455802,-0.015637231564050454,0.012564298104070972,1,1,0,0,0,0,0,0,0,0,0,0,0,0,0,0,0,1,1,0,0,0,0,0,0,0,0,0,0,0,0,0,0,0,0,0,0,0,0,0,1,0,0,12.765691290604371,350000
0.1980287417180216,-1.946160087556246,-0.1607097220611672,-1.1427382348800126,1,0,0,1,0,0,0,0,0,0,0,0,0,0,0,0,0,1,0,0,0,0,0,0,0,0,0,0,0,0,0,0,0,0,1,0,0,0,0,0,0,0,1,12.095146671399466,179000
-1.383683877512786,-1.946160087556246,-0.16267016112193908,0.012564298104070972,0,0,0,0,0,1,0,0,0,1,0,0,0,0,0,0,0,0,0,0,0,0,0,0,0,0,0,0,0,1,0,0,0,0,0,0,0,0,0,1,0,0,0,12.976183182038383,432000
0.1980287417180216,0.09644111792455802,0.08679570936127862,-1.1427382348800126,0,0,0,0,0,1,0,0,0,0,0,0,0,0,0,0,0,1,0,0,0,0,0,0,0,0,0,0,0,0,0,0,0,0,1,0,0,0,0,1,0,0,1,13.567050480716235,780000
-1.383683877512786,0.09644111792455802,-0.0641580983181537,1.1678668310881546,0,0,0,0,0,1,0,0,0,0,0,0,0,0,0,0,0,1,0,0,0,1,0,0,0,0,0,0,0,0,0,0,0,0,0,0,0,0,0,1,0,0,0,13.038983942375959,460000
1.779741360948829,6.2242447343669705,0.5617120718332589,1.1678668310881546,0,0,0,0,0,0,0,0,1,0,0,0,0,0,0,0,0,0,0,0,0,0,0,0,0,0,0,0,0,1,0,0,0,0,0,0,0,0,0,1,1,0,0,13.161586013632684,520000
0.1980287417180216,0.09644111792455802,-0.025439426867909693,1.1678668310881546,0,0,0,0,0,1,0,0,0,0,0,0,1,0,0,0,0,0,0,0,0,0,0,0,0,0,0,0,0,0,0,0,1,0,0,0,0,0,0,1,0,1,0,13.030250281476574,456000
0.1980287417180216,0.09644111792455802,-0.008775694851348985,0.012564298104070972,0,0,0,0,0,0,0,0,0,0,0,0,0,1,0,0,0,0,0,0,0,0,1,0,0,0,0,0,0,0,0,0,0,0,0,0,0,0,0,1,0,1,0,13.122365377402328,500000
0.1980287417180216,0.09644111792455802,-0.15776906347000946,-1.1427382348800126,1,0,0,0,0,0,0,0,0,0,0,0,0,0,0,0,0,1,0,0,0,0,0,0,0,0,0,0,0,1,0,0,0,0,0,0,0,0,0,0,0,0,1,11.951186847493476,155000
0.1980287417180216,0.09644111792455802,-0.06513831784853961,0.012564298104070972,0,1,0,0,0,0,0,0,0,1,0,0,0,0,0,0,0,0,0,0,0,0,0,0,0,0,0,0,0,0,0,0,0,0,0,1,0,0,0,1,0,0,0,12.468440756144114,260000
0.1980287417180216,0.09644111792455802,0.14952975930597776,0.012564298104070972,0,1,0,0,0,0,0,0,0,0,0,0,0,1,0,0,0,0,0,0,0,0,1,0,0,0,0,0,0,0,0,0,0,0,0,0,0,0,0,1,0,0,1,13.527829818844937,750000
0.1980287417180216,0.09644111792455802,-0.03622184170215486,0.012564298104070972,0,1,0,0,0,0,0,0,0,1,0,0,0,0,0,0,0,0,0,0,0,0,0,0,0,0,0,0,0,1,0,0,0,0,0,0,0,0,0,1,1,0,0,12.506180941677357,270000
0.1980287417180216,0.09644111792455802,0.04464626955468388,1.1678668310881546,1,0,0,0,0,0,0,0,0,0,1,0,0,0,0,0,0,0,0,0,0,0,0,0,0,0,0,0,0,1,0,0,0,0,0,0,0,0,0,1,0,0,1,12.793862088206213,360000
0.1980287417180216,0.09644111792455802,0.08924625818724342,-1.1427382348800126,1,0,0,0,0,0,0,0,0,0,0,0,0,0,0,0,1,0,0,0,0,0,0,0,0,0,0,0,1,0,0,0,0,0,0,0,0,0,0,1,0,0,1,13.270785106659046,580000
0.1980287417180216,0.09644111792455802,-0.05778667137064519,0.012564298104070972,1,0,0,0,0,0,0,0,0,1,0,0,0,0,0,0,0,0,0,0,0,0,0,0,0,0,0,0,0,1,0,0,0,0,0,0,0,0,0,1,0,0,1,12.637858308703688,308000
0.1980287417180216,0.09644111792455802,-0.06268776902257481,-1.1427382348800126,1,0,0,0,0,1,0,0,1,0,0,0,0,0,0,0,0,0,0,0,0,0,0,0,0,1,0,0,0,0,0,0,0,0,0,0,0,0,0,1,0,0,1,12.73670383776449,340000
1.779741360948829,2.139042323405362,0.22304622408492206,1.1678668310881546,0,1,0,0,0,0,0,0,0,0,0,0,0,0,0,0,0,1,0,0,0,1,0,0,0,0,0,0,0,0,0,0,0,0,0,0,0,0,0,1,0,0,0,12.765691290604371,350000
0.1980287417180216,0.09644111792455802,0.11963306362920707,1.1678668310881546,0,0,0,0,0,0,0,0,0,0,0,0,0,0,0,0,0,1,0,0,0,1,0,0,0,0,0,0,0,0,0,0,0,0,0,0,0,0,0,1,0,1,0,12.936036208848487,415000
0.1980287417180216,0.09644111792455802,-0.08621303775183699,1.1678668310881546,1,1,0,0,0,0,0,0,0,1,0,0,0,0,0,0,0,0,0,0,0,0,0,0,0,0,0,0,0,0,0,0,0,0,0,1,0,0,0,1,0,0,0,12.25486757159303,210000
0.1980287417180216,0.09644111792455802,0.05640890391931497,0.012564298104070972,1,1,0,0,0,0,0,0,0,0,0,0,0,0,0,0,0,1,0,0,0,0,0,0,0,0,0,0,0,0,0,0,0,0,1,0,0,0,0,1,0,0,0,12.793862088206213,360000
0.1980287417180216,-1.946160087556246,-0.19011630797274495,-1.1427382348800126,1,0,0,1,0,0,0,0,0,0,0,0,0,0,0,0,0,1,0,0,0,0,0,0,0,0,0,0,0,1,0,0,0,0,0,0,0,0,0,1,0,1,0,12.380030154325457,238000
-1.383683877512786,-1.946160087556246,-0.14698664863576427,-1.1427382348800126,1,0,0,0,0,0,0,0,0,0,0,0,0,0,0,0,0,1,0,0,0,0,0,0,0,0,0,0,0,1,0,0,0,0,0,0,0,0,0,0,0,0,1,12.013706813470414,165000
0.1980287417180216,0.09644111792455802,-0.11905039201976544,-1.1427382348800126,1,0,0,0,0,0,0,0,0,1,0,0,0,0,0,0,0,0,0,0,0,0,0,0,0,0,0,0,0,1,0,0,0,0,0,0,0,0,0,1,0,0,1,12.367345048436391,235000
0.1980287417180216,0.09644111792455802,-0.1607097220611672,-1.1427382348800126,1,0,0,0,0,0,0,0,0,0,0,0,0,0,0,0,0,1,0,0,0,0,0,0,0,0,1,0,0,0,0,0,0,0,0,0,0,0,0,0,1,0,0,11.849404844423074,140000
0.1980287417180216,0.09644111792455802,-0.1607097220611672,-1.1427382348800126,0,0,0,1,0,0,0,0,0,0,0,0,0,0,0,0,0,1,0,0,0,0,0,0,0,0,0,0,0,1,0,0,0,0,0,0,0,0,0,0,1,0,0,11.849404844423074,140000
0.1980287417180216,0.09644111792455802,0.0676814285187531,0.012564298104070972,1,1,0,0,0,0,0,0,0,0,0,0,0,0,0,0,1,0,0,0,0,0,0,0,0,0,0,0,1,0,0,0,0,0,0,0,0,0,0,1,0,0,0,13.017005083966255,450000
0.1980287417180216,0.09644111792455802,0.1039495511430323,1.1678668310881546,1,1,0,0,0,0,0,0,0,0,0,0,0,0,0,0,1,0,0,0,0,0,0,0,0,0,0,0,1,0,0,0,0,0,0,0,0,0,0,1,0,0,0,13.038983942375959,460000
1.779741360948829,0.09644111792455802,0.3441033360875837,-1.1427382348800126,0,0,0,0,0,0,0,0,0,0,0,0,0,0,0,0,1,0,0,0,0,0,0,0,0,0,0,0,1,0,0,0,0,0,0,0,0,0,0,1,1,0,0,12.971542813248437,430000
-1.383683877512786,0.09644111792455802,-0.08621303775183699,-1.1427382348800126,0,1,0,0,0,0,0,0,0,0,0,0,0,1,0,0,0,0,0,0,0,0,0,0,0,0,0,0,0,1,0,0,0,0,0,0,0,0,0,1,1,0,0,12.923914877701906,410000
0.1980287417180216,0.09644111792455802,-0.06268776902257481,0.012564298104070972,1,1,0,0,0,0,0,0,0,0,0,0,0,0,0,0,0,1,0,0,0,0,0,0,0,0,0,0,0,1,0,0,0,0,0,0,0,0,0,1,0,1,0,12.409017571151187,245000
0.1980287417180216,0.09644111792455802,0.04807703791103461,-1.1427382348800126,0,0,0,0,0,0,0,0,0,0,0,0,0,1,0,0,0,0,0,0,0,0,0,0,0,0,0,0,0,1,0,0,0,0,0,0,0,0,0,1,0,0,1,12.847929163278053,380000
-1.383683877512786,0.09644111792455802,-0.11905039201976544,0.012564298104070972,1,0,0,0,0,0,0,0,0,0,0,0,0,0,0,0,1,0,0,0,0,0,0,0,0,0,0,0,1,0,0,0,0,0,0,0,0,0,0,1,0,0,1,12.899222326086994,400000
1.779741360948829,2.139042323405362,0.13678690541096075,1.1678668310881546,1,0,0,0,0,0,0,0,0,0,0,0,0,0,0,0,1,0,0,0,0,0,0,0,0,0,0,0,1,0,0,0,0,0,0,0,0,0,0,1,0,0,1,13.304686600863562,600000
0.1980287417180216,0.09644111792455802,-0.013676792503278605,0.012564298104070972,0,0,0,0,0,0,0,0,0,0,0,0,0,0,0,0,0,1,0,0,0,0,0,0,0,0,1,0,0,0,0,0,0,0,0,0,0,0,0,1,0,1,0,12.468440756144114,260000
0.1980287417180216,0.09644111792455802,0.20638249206836137,-1.1427382348800126,0,1,0,0,0,0,0,0,0,0,0,0,0,0,0,0,1,0,0,0,0,0,0,0,0,0,0,0,1,0,0,0,0,0,0,0,0,0,0,1,0,1,0,13.081543466215237,480000
0.1980287417180216,0.09644111792455802,-0.06268776902257481,1.1678668310881546,0,0,0,0,0,0,0,0,0,0,0,0,0,0,0,0,0,1,0,0,0,0,0,0,0,0,0,0,0,1,0,0,0,0,0,0,0,0,0,1,1,0,0,12.345838935721968,230000
-1.383683877512786,0.09644111792455802,-0.0783712815087496,0.012564298104070972,0,0,0,0,0,1,0,0,0,1,0,0,0,0,0,0,0,0,0,0,0,0,0,0,0,0,0,0,0,1,0,0,0,0,0,0,0,0,0,1,1,0,0,12.577639650232573,290000
-1.383683877512786,0.09644111792455802,-0.018577890155208224,0.012564298104070972,0,0,0,0,0,1,0,0,0,0,0,0,0,1,0,0,0,0,0,0,0,0,0,0,0,0,0,0,0,1,0,0,0,0,0,0,0,0,0,1,1,0,0,13.122365377402328,500000
1.779741360948829,0.09644111792455802,-0.06562842761373258,0.012564298104070972,1,0,0,0,0,0,0,0,0,0,0,0,0,0,0,0,0,1,0,0,0,0,0,0,0,0,0,0,0,1,0,0,0,0,0,0,0,0,0,0,0,0,1,12.34148164933907,229000
0.1980287417180216,0.09644111792455802,0.0598396722756657,0.012564298104070972,1,1,0,0,0,0,0,0,0,1,0,0,0,0,0,0,0,0,0,0,0,1,0,0,0,0,0,0,0,0,0,0,0,0,0,0,0,0,0,1,0,0,1,12.644330802262578,310000
0.1980287417180216,0.09644111792455802,0.12012317339440004,0.012564298104070972,1,1,0,0,0,0,0,0,0,0,0,0,0,0,0,0,0,0,0,0,0,0,0,0,0,0,0,0,0,0,0,0,0,0,0,0,0,0,0,1,0,0,1,13.415034483903348,670000
0.1980287417180216,0.09644111792455802,-0.11169874554187102,0.012564298104070972,1,0,0,0,0,0,0,0,0,0,0,0,0,0,0,0,0,1,0,0,0,0,0,0,0,0,0,0,0,0,0,0,0,0,1,0,0,0,0,1,0,0,1,12.206077645517674,200000
0.1980287417180216,0.09644111792455802,-0.05288557371871557,0.012564298104070972,1,1,0,0,0,0,0,0,0,0,0,0,0,0,0,1,0,0,0,0,0,0,0,0,0,0,0,1,0,0,0,0,0,0,0,0,0,0,0,1,0,0,1,13.081543466215237,480000
0.1980287417180216,0.09644111792455802,0.06278033086682347,0.012564298104070972,0,0,0,0,0,0,0,0,0,0,0,0,0,0,0,0,0,1,0,0,0,1,0,0,0,0,0,0,0,0,0,0,0,0,0,0,0,0,0,0,0,1,0,12.676079399771027,320000
0.1980287417180216,0.09644111792455802,-0.025439426867909693,0.012564298104070972,1,1,0,0,0,0,0,0,0,0,0,0,0,0,0,0,0,1,0,0,0,0,0,0,0,0,0,0,0,1,0,0,0,0,0,0,0,0,0,0,0,0,1,12.676079399771027,320000
0.1980287417180216,0.09644111792455802,0.10100889255187452,1.1678668310881546,1,1,0,0,0,0,0,0,0,1,0,0,0,0,0,0,0,0,0,0,0,0,0,0,0,0,0,0,0,1,0,0,0,0,0,0,0,0,0,1,0,0,1,13.396961730063138,658000
0.1980287417180216,0.09644111792455802,-0.1092481967159062,0.012564298104070972,0,1,0,0,0,0,0,0,0,1,0,0,0,0,0,0,0,0,0,0,0,1,0,0,0,0,0,0,0,0,0,0,0,0,0,0,0,0,0,0,1,0,0,12.429220196836383,250000
0.1980287417180216,0.09644111792455802,0.03631440354640352,1.1678668310881546,0,1,0,0,0,0,0,0,0,0,0,0,0,0,0,0,0,1,0,0,0,0,0,0,0,0,0,0,0,1,0,0,0,0,0,0,0,0,0,0,1,0,0,12.821260987319457,370000
1.779741360948829,0.09644111792455802,0.1441385518888552,0.012564298104070972,1,1,0,0,0,0,0,0,0,1,0,0,0,0,0,0,0,0,0,0,0,0,0,0,0,0,0,0,0,0,0,0,0,0,0,1,0,0,0,1,1,0,0,13.102162710901053,490000
0.1980287417180216,0.09644111792455802,-0.10189655023801178,-1.1427382348800126,1,0,0,0,0,0,0,0,0,0,0,0,0,0,0,0,0,1,0,0,0,0,0,0,0,0,0,0,0,0,1,0,0,0,0,0,0,0,0,1,0,0,1,12.468440756144114,260000
0.1980287417180216,0.09644111792455802,-0.03769217099773375,0.012564298104070972,1,1,0,0,0,0,0,0,0,0,0,0,0,0,0,0,0,1,0,0,0,0,0,0,0,0,0,0,0,0,0,0,0,0,1,0,0,0,0,1,0,0,1,12.345834587905333,229999
-1.383683877512786,0.09644111792455802,-0.11905039201976544,0.012564298104070972,1,0,0,0,0,0,0,0,0,0,0,0,0,0,0,0,1,0,0,0,0,0,0,0,0,0,0,0,1,0,0,0,0,0,0,0,0,0,0,1,0,0,1,12.899222326086994,400000
1.779741360948829,2.139042323405362,0.13678690541096075,1.1678668310881546,1,0,0,0,0,0,0,0,0,0,0,0,0,0,0,0,1,0,0,0,0,0,0,0,0,0,0,0,1,0,0,0,0,0,0,0,0,0,0,1,0,0,1,13.304686600863562,600000
0.1980287417180216,0.09644111792455802,-0.013676792503278605,0.012564298104070972,0,0,0,0,0,0,0,0,0,0,0,0,0,0,0,0,0,1,0,0,0,0,0,0,0,0,1,0,0,0,0,0,0,0,0,0,0,0,0,1,0,1,0,12.468440756144114,260000
0.1980287417180216,0.09644111792455802,0.20638249206836137,-1.1427382348800126,0,1,0,0,0,0,0,0,0,0,0,0,0,0,0,0,1,0,0,0,0,0,0,0,0,0,0,0,1,0,0,0,0,0,0,0,0,0,0,1,0,1,0,13.081543466215237,480000
0.1980287417180216,0.09644111792455802,-0.06268776902257481,1.1678668310881546,0,0,0,0,0,0,0,0,0,0,0,0,0,0,0,0,0,1,0,0,0,0,0,0,0,0,0,0,0,1,0,0,0,0,0,0,0,0,0,1,1,0,0,12.345838935721968,230000
-1.383683877512786,0.09644111792455802,-0.0783712815087496,0.012564298104070972,0,0,0,0,0,1,0,0,0,1,0,0,0,0,0,0,0,0,0,0,0,0,0,0,0,0,0,0,0,1,0,0,0,0,0,0,0,0,0,1,1,0,0,12.577639650232573,290000
-1.383683877512786,0.09644111792455802,-0.018577890155208224,0.012564298104070972,0,0,0,0,0,1,0,0,0,0,0,0,0,1,0,0,0,0,0,0,0,0,0,0,0,0,0,0,0,1,0,0,0,0,0,0,0,0,0,1,1,0,0,13.122365377402328,500000
1.779741360948829,0.09644111792455802,-0.06562842761373258,0.012564298104070972,1,0,0,0,0,0,0,0,0,0,0,0,0,0,0,0,0,1,0,0,0,0,0,0,0,0,0,0,0,1,0,0,0,0,0,0,0,0,0,0,0,0,1,12.34148164933907,229000
0.1980287417180216,0.09644111792455802,0.0598396722756657,0.012564298104070972,1,1,0,0,0,0,0,0,0,1,0,0,0,0,0,0,0,0,0,0,0,1,0,0,0,0,0,0,0,0,0,0,0,0,0,0,0,0,0,1,0,0,1,12.644330802262578,310000
0.1980287417180216,0.09644111792455802,0.12012317339440004,0.012564298104070972,1,1,0,0,0,0,0,0,0,0,0,0,0,0,0,0,0,0,0,0,0,0,0,0,0,0,0,0,0,0,0,0,0,0,0,0,0,0,0,1,0,0,1,13.415034483903348,670000
0.1980287417180216,0.09644111792455802,-0.11169874554187102,0.012564298104070972,1,0,0,0,0,0,0,0,0,0,0,0,0,0,0,0,0,1,0,0,0,0,0,0,0,0,0,0,0,0,0,0,0,0,1,0,0,0,0,1,0,0,1,12.206077645517674,200000
0.1980287417180216,0.09644111792455802,-0.05288557371871557,0.012564298104070972,1,1,0,0,0,0,0,0,0,0,0,0,0,0,0,1,0,0,0,0,0,0,0,0,0,0,0,1,0,0,0,0,0,0,0,0,0,0,0,1,0,0,1,13.081543466215237,480000
0.1980287417180216,0.09644111792455802,0.06278033086682347,0.012564298104070972,0,0,0,0,0,0,0,0,0,0,0,0,0,0,0,0,0,1,0,0,0,1,0,0,0,0,0,0,0,0,0,0,0,0,0,0,0,0,0,0,0,1,0,12.676079399771027,320000
0.1980287417180216,0.09644111792455802,-0.025439426867909693,0.012564298104070972,1,1,0,0,0,0,0,0,0,0,0,0,0,0,0,0,0,1,0,0,0,0,0,0,0,0,0,0,0,1,0,0,0,0,0,0,0,0,0,0,0,0,1,12.676079399771027,320000
0.1980287417180216,0.09644111792455802,0.10100889255187452,1.1678668310881546,1,1,0,0,0,0,0,0,0,1,0,0,0,0,0,0,0,0,0,0,0,0,0,0,0,0,0,0,0,1,0,0,0,0,0,0,0,0,0,1,0,0,1,13.396961730063138,658000
0.1980287417180216,0.09644111792455802,-0.1092481967159062,0.012564298104070972,0,1,0,0,0,0,0,0,0,1,0,0,0,0,0,0,0,0,0,0,0,1,0,0,0,0,0,0,0,0,0,0,0,0,0,0,0,0,0,0,1,0,0,12.429220196836383,250000
0.1980287417180216,0.09644111792455802,0.03631440354640352,1.1678668310881546,0,1,0,0,0,0,0,0,0,0,0,0,0,0,0,0,0,1,0,0,0,0,0,0,0,0,0,0,0,1,0,0,0,0,0,0,0,0,0,0,1,0,0,12.821260987319457,370000
1.779741360948829,0.09644111792455802,0.1441385518888552,0.012564298104070972,1,1,0,0,0,0,0,0,0,1,0,0,0,0,0,0,0,0,0,0,0,0,0,0,0,0,0,0,0,0,0,0,0,0,0,1,0,0,0,1,1,0,0,13.102162710901053,490000
0.1980287417180216,0.09644111792455802,-0.10189655023801178,-1.1427382348800126,1,0,0,0,0,0,0,0,0,0,0,0,0,0,0,0,0,1,0,0,0,0,0,0,0,0,0,0,0,0,1,0,0,0,0,0,0,0,0,1,0,0,1,12.468440756144114,260000
0.1980287417180216,0.09644111792455802,-0.03769217099773375,0.012564298104070972,1,1,0,0,0,0,0,0,0,0,0,0,0,0,0,0,0,1,0,0,0,0,0,0,0,0,0,0,0,0,0,0,0,0,1,0,0,0,0,1,0,0,1,12.345834587905333,229999
-1.383683877512786,0.09644111792455802,-0.1778635638429209,-1.1427382348800126,0,0,0,1,0,0,0,0,0,0,0,0,0,0,0,0,0,1,0,0,0,0,0,0,0,0,0,0,0,0,0,0,0,0,1,0,0,0,0,1,0,1,0,12.111767460549332,182000
1.779741360948829,2.139042323405362,0.32547916501025115,1.1678668310881546,0,1,0,0,0,0,0,0,0,0,0,0,0,1,0,0,0,0,0,0,0,0,0,0,0,0,0,0,0,1,0,0,0,0,0,0,0,0,0,1,0,0,0,13.353476685668044,630000
0.1980287417180216,0.09644111792455802,-0.08719325728222291,0.012564298104070972,0,1,0,0,0,0,0,0,0,0,0,0,0,1,0,0,0,0,0,0,0,0,0,0,1,0,0,0,0,0,0,0,0,0,0,0,0,0,0,1,0,0,0,12.873904582205107,390000
0.1980287417180216,0.09644111792455802,-0.03769217099773375,0.012564298104070972,1,1,0,0,0,0,0,0,0,0,0,0,0,0,0,0,0,1,0,0,0,0,0,0,0,0,0,0,0,0,0,0,0,0,1,0,0,0,0,1,1,0,0,12.345838935721968,230000
0.1980287417180216,0.09644111792455802,-0.06268776902257481,0.012564298104070972,1,0,0,0,0,0,0,0,0,1,0,0,0,0,0,0,0,0,0,0,0,0,0,0,0,0,0,0,0,1,0,0,0,0,0,0,0,0,0,1,0,0,1,12.301387370778713,220000
-2.9653964967435935,-1.946160087556246,-0.14355588027941354,-1.1427382348800126,1,0,0,0,0,1,0,0,1,0,0,0,0,0,0,0,0,0,0,0,0,0,0,0,0,1,0,0,0,0,0,0,0,0,0,0,0,0,0,1,1,0,0,12.577639650232573,290000
-1.383683877512786,0.09644111792455802,-0.08719325728222291,0.012564298104070972,0,0,0,0,0,1,0,0,0,1,0,0,0,0,0,0,0,0,0,0,0,0,0,0,0,0,0,0,0,1,0,0,0,0,0,0,0,0,0,1,0,0,1,12.894209796826232,398000
0.1980287417180216,0.09644111792455802,-0.12640203849765988,1.1678668310881546,0,1,0,0,0,0,0,0,0,0,0,0,0,1,0,0,0,0,0,0,0,0,0,0,1,0,0,0,0,0,0,0,0,0,0,0,0,0,0,1,0,0,1,13.120363378739663,499000
0.1980287417180216,-1.946160087556246,-0.1607097220611672,-1.1427382348800126,0,0,0,0,0,0,0,0,0,0,0,0,0,0,0,0,0,1,0,0,0,0,0,0,0,0,0,0,0,1,0,0,0,0,0,0,0,0,0,1,1,0,0,11.951186847493476,155000
0.1980287417180216,0.09644111792455802,-0.06268776902257481,0.012564298104070972,0,0,0,1,0,0,0,0,0,0,0,0,0,0,1,0,0,0,0,0,0,0,0,0,0,0,0,0,0,1,0,0,0,0,0,0,0,0,0,0,0,0,1,12.506180941677357,270000
0.1980287417180216,0.09644111792455802,0.08434516053531381,-1.1427382348800126,1,0,0,0,0,0,0,0,0,0,0,0,1,0,0,0,0,0,0,0,0,0,0,0,0,0,0,0,0,1,0,0,0,0,0,0,0,0,0,1,1,0,0,13.081543466215237,480000
-1.383683877512786,-1.946160087556246,-0.1607097220611672,-1.1427382348800126,1,0,0,0,0,0,0,0,0,0,0,0,1,0,0,0,0,0,0,0,0,0,0,0,0,0,0,0,0,1,0,0,0,0,0,0,0,0,0,0,1,0,0,12.206077645517674,200000
0.1980287417180216,0.09644111792455802,-0.06170754949218889,0.012564298104070972,0,1,0,0,0,0,0,0,0,1,0,0,0,0,0,0,0,0,0,0,0,0,0,0,0,0,0,0,0,1,0,0,0,0,0,0,0,0,0,1,0,0,1,13.118357364036902,498000
-2.9653964967435935,-1.946160087556246,-0.1288525873236247,0.012564298104070972,0,0,0,0,0,0,0,0,1,0,0,0,0,0,0,0,0,0,0,0,0,0,0,0,0,0,0,0,0,1,0,0,0,0,0,0,0,0,0,1,0,1,0,12.637858308703688,308000
-2.9653964967435935,-1.946160087556246,-0.1288525873236247,-1.1427382348800126,0,0,0,0,0,0,0,0,1,0,0,0,0,0,0,0,0,0,0,0,0,0,0,0,0,0,0,0,0,1,0,0,0,0,0,0,0,0,0,1,0,1,0,12.637858308703688,308000
0.1980287417180216,-1.946160087556246,-0.1362042338015191,0.012564298104070972,1,0,0,0,0,0,0,0,0,1,0,0,0,0,0,0,0,0,0,0,0,0,0,0,0,0,0,0,0,0,0,0,0,0,0,1,0,0,0,0,0,0,0,12.100717685412471,180000
-2.9653964967435935,-1.946160087556246,-0.1607097220611672,0.012564298104070972,0,0,0,0,0,0,0,0,0,0,0,0,1,0,0,0,0,0,0,0,0,0,0,0,0,0,0,0,0,1,0,0,0,0,0,0,0,0,0,1,0,0,1,12.206077645517674,200000
-1.383683877512786,-1.946160087556246,-0.20972069858046344,0.012564298104070972,0,0,0,1,0,0,0,0,0,0,0,0,0,0,0,0,0,1,0,0,0,0,0,0,0,0,0,0,0,1,0,0,0,0,0,0,0,0,0,1,0,1,0,12.07254696717504,175000
0.1980287417180216,0.09644111792455802,-0.11169874554187102,-1.1427382348800126,0,0,0,0,0,0,0,0,1,0,0,0,0,0,0,0,0,0,0,0,0,0,0,0,0,0,0,0,0,1,0,0,0,0,0,0,0,0,0,0,0,1,0,11.736077016252437,125000
1.779741360948829,0.09644111792455802,0.2990132376898312,-1.1427382348800126,1,0,0,0,0,0,0,0,0,0,0,0,0,0,0,0,0,1,1,0,0,0,0,0,0,0,0,0,0,0,0,0,0,0,0,0,0,0,0,0,0,0,1,12.337105293891872,228000
0.1980287417180216,0.09644111792455802,0.30489455487214673,-1.1427382348800126,1,1,0,0,0,0,0,0,0,0,0,0,0,0,0,0,1,0,0,0,0,0,0,0,0,0,0,0,1,0,0,0,0,0,0,0,0,0,0,1,0,0,1,13.180634172318978,530000
-2.9653964967435935,-1.946160087556246,-0.1288525873236247,-1.1427382348800126,0,0,0,0,0,0,0,0,1,0,0,0,0,0,0,0,0,0,0,0,0,0,0,0,0,0,0,0,0,1,0,0,0,0,0,0,0,0,0,1,0,1,0,12.637858308703688,308000
0.1980287417180216,0.09644111792455802,-0.1362042338015191,-1.1427382348800126,0,0,0,0,0,0,0,0,0,0,0,0,0,1,0,0,0,0,0,0,0,0,1,0,0,0,0,0,0,0,0,0,0,0,0,0,0,0,0,1,0,0,1,12.577639650232573,290000
0.1980287417180216,0.09644111792455802,-0.06317787878776777,-1.1427382348800126,0,0,0,0,0,0,0,0,0,0,0,0,0,0,0,0,0,1,0,0,0,0,0,0,0,0,0,0,0,0,0,0,0,0,0,0,1,0,0,0,0,0,0,12.380030154325457,238000
0.1980287417180216,0.09644111792455802,0.058369342980086815,0.012564298104070972,0,0,0,0,0,0,0,0,1,0,0,0,0,0,0,0,0,0,0,0,0,0,0,0,0,1,0,0,0,0,0,0,0,0,0,0,0,0,0,1,1,0,0,13.102162710901053,490000
0.1980287417180216,2.139042323405362,0.13384624681980298,1.1678668310881546,0,0,0,0,0,1,0,0,0,0,0,0,0,0,1,0,0,0,0,0,0,0,0,0,0,0,0,0,0,1,0,0,0,0,0,0,0,0,0,1,0,0,1,13.577254637874743,788000
0.1980287417180216,0.09644111792455802,0.01131880552156246,-1.1427382348800126,1,0,0,0,0,0,0,0,1,0,0,0,0,0,0,0,0,0,0,0,0,0,0,0,0,1,0,0,0,0,0,0,0,0,0,0,0,0,0,1,1,0,0,12.25486757159303,210000
0.1980287417180216,0.09644111792455802,0.005927598104439877,-1.1427382348800126,1,1,0,0,0,0,0,0,0,1,0,0,0,0,0,0,0,0,0,0,0,1,0,0,0,0,0,0,0,0,0,0,0,0,0,0,0,0,0,1,1,0,0,13.235693848424024,560000
1.779741360948829,2.139042323405362,0.45192748443003533,1.1678668310881546,0,1,0,0,0,0,0,0,0,0,0,0,0,0,0,0,0,1,0,0,0,0,0,0,0,0,0,0,0,1,0,0,0,0,0,0,0,0,0,0,0,1,0,13.415034483903348,670000
0.1980287417180216,0.09644111792455802,0.10885064879496191,0.012564298104070972,0,1,0,0,0,0,0,0,0,0,0,0,0,1,0,0,0,0,0,0,0,0,0,0,0,0,0,0,0,1,0,0,0,0,0,0,0,0,0,1,0,0,1,12.847929163278053,380000
0.1980287417180216,0.09644111792455802,0.11228141715131264,1.1678668310881546,1,0,0,0,0,1,0,0,0,1,0,0,0,0,0,0,0,0,0,0,0,1,0,0,0,0,0,0,0,0,0,0,0,0,0,0,0,0,0,0,0,0,1,13.180634172318978,530000
-1.383683877512786,-1.946160087556246,-0.18521521032081534,-1.1427382348800126,1,0,0,1,0,0,0,0,1,0,0,0,0,0,0,0,0,0,0,0,0,0,0,0,0,1,0,0,0,0,0,0,0,0,0,0,0,0,0,1,0,0,1,11.775297421715827,130000
0.1980287417180216,0.09644111792455802,-0.03671195146734782,0.012564298104070972,0,1,0,0,0,0,0,0,0,0,0,0,0,0,0,0,0,1,0,0,0,0,0,0,0,0,0,0,0,0,0,0,0,0,0,0,1,0,0,0,1,0,0,12.793862088206213,360000
0.1980287417180216,0.09644111792455802,0.02063089106022874,0.012564298104070972,0,1,0,0,0,0,0,0,0,0,0,0,0,1,0,0,0,0,0,0,1,0,0,0,0,0,0,0,0,0,0,0,0,0,0,0,0,0,0,1,1,0,0,13.511700458595241,738000
0.1980287417180216,0.09644111792455802,-0.06268776902257481,0.012564298104070972,1,0,0,0,0,0,0,0,1,0,0,0,0,0,0,0,0,0,0,0,0,0,0,0,0,1,0,0,0,0,0,0,0,0,0,0,0,0,0,0,0,0,1,12.706850963741102,330000
0.1980287417180216,0.09644111792455802,-0.16267016112193908,-1.1427382348800126,1,0,0,1,0,0,0,0,0,0,0,0,0,0,0,0,0,1,1,0,0,0,0,0,0,0,0,0,0,0,0,0,0,0,0,0,0,0,0,1,0,0,1,11.982935344196433,160000
0.1980287417180216,0.09644111792455802,-0.07739106197836368,0.012564298104070972,0,0,0,0,0,0,0,0,0,0,0,0,0,0,0,0,0,1,0,0,0,1,0,0,0,0,0,0,0,0,0,0,0,0,0,0,0,0,0,1,1,0,0,12.100717685412471,180000
1.779741360948829,2.139042323405362,0.32694949430583004,1.1678668310881546,1,1,0,0,0,0,0,0,0,0,0,0,0,0,0,0,0,1,0,0,0,0,0,0,0,0,0,0,0,1,0,0,0,0,0,0,0,0,0,0,0,1,0,13.171155446333852,525000
0.1980287417180216,0.09644111792455802,-0.1313031361495895,-1.1427382348800126,1,0,0,0,0,0,0,0,1,0,0,0,0,0,0,0,0,0,0,0,0,0,0,0,0,1,0,0,0,0,0,0,0,0,0,0,0,0,0,0,0,1,0,12.235636302128867,206000
0.1980287417180216,0.09644111792455802,-0.1607097220611672,0.012564298104070972,1,0,0,0,0,0,0,0,0,0,0,0,0,0,0,0,0,1,0,0,0,0,0,0,0,0,0,0,0,1,0,0,0,0,0,0,0,0,0,0,0,1,0,11.49273296168228,98000
0.1980287417180216,0.09644111792455802,-0.06268776902257481,1.1678668310881546,0,0,0,0,0,1,0,0,1,0,0,0,0,0,0,0,0,0,0,0,0,0,0,0,0,1,0,0,0,0,0,0,0,0,0,0,0,0,0,1,1,0,0,12.765691290604371,350000
0.1980287417180216,0.09644111792455802,0.03778473284198241,-1.1427382348800126,0,0,0,0,0,0,0,0,0,0,0,0,0,0,0,0,0,1,0,0,0,0,0,0,0,0,1,0,0,0,0,0,0,0,0,0,0,0,0,1,0,0,0,12.506180941677357,270000
0.1980287417180216,0.09644111792455802,-0.1362042338015191,0.012564298104070972,0,0,0,0,0,0,0,0,0,0,0,0,0,1,0,0,0,0,0,0,0,0,0,0,1,0,0,0,0,0,0,0,0,0,0,0,0,0,0,1,0,0,1,12.948012371209098,420000
0.1980287417180216,0.09644111792455802,-0.19501740562467457,-1.1427382348800126,1,0,0,0,0,0,0,0,0,0,0,0,0,1,0,0,0,0,0,0,0,0,0,1,0,0,0,0,0,0,0,0,0,0,0,0,0,0,0,1,1,0,0,12.206077645517674,200000
0.1980287417180216,0.09644111792455802,-0.08719325728222291,-1.1427382348800126,1,0,0,0,0,0,0,0,0,1,0,0,0,0,0,0,0,0,0,0,0,0,0,0,0,0,0,0,0,1,0,0,0,0,0,0,0,0,0,1,0,1,0,12.08954444723597,178000
0.1980287417180216,0.09644111792455802,-0.1362042338015191,0.012564298104070972,0,0,0,0,0,0,0,0,0,0,0,0,0,1,0,0,0,0,0,0,0,0,0,0,1,0,0,0,0,0,0,0,0,0,0,0,0,0,0,1,0,0,1,12.793862088206213,360000
-2.9653964967435935,-1.946160087556246,-0.1558086244092376,0.012564298104070972,0,1,0,0,0,0,0,0,0,1,0,0,0,0,0,0,0,0,0,0,0,0,0,0,0,0,0,0,0,0,0,0,0,0,0,1,0,0,0,1,0,0,1,12.608202196848836,299000
0.1980287417180216,0.09644111792455802,-0.028380085459067467,0.012564298104070972,0,1,0,0,0,0,0,0,0,0,0,0,0,0,0,0,0,1,0,0,0,0,0,0,0,0,0,0,0,1,0,0,0,0,0,0,0,0,0,1,0,0,0,13.112315061750808,495000
0.1980287417180216,0.09644111792455802,-0.08131194009990737,0.012564298104070972,1,1,0,0,0,0,0,0,0,1,0,0,0,0,0,0,0,0,0,0,0,0,0,0,0,0,0,0,0,0,0,0,0,0,0,1,0,0,0,1,0,0,0,12.278397958261774,215000
0.1980287417180216,0.09644111792455802,0.0598396722756657,0.012564298104070972,0,1,0,0,0,0,0,0,0,0,0,1,0,0,0,0,0,0,0,0,0,0,0,0,0,0,0,0,0,1,0,0,0,0,0,0,0,0,0,1,0,0,1,12.506180941677357,270000
0.1980287417180216,0.09644111792455802,-0.06513831784853961,1.1678668310881546,1,1,0,0,0,0,0,0,0,0,0,0,0,1,0,0,0,0,0,0,0,0,0,0,1,0,0,0,0,0,0,0,0,0,0,0,0,0,0,1,0,0,0,13.45883704259595,700000
0.1980287417180216,0.09644111792455802,-0.020538329215980075,-1.1427382348800126,1,0,0,0,0,0,0,0,1,0,0,0,0,0,0,0,0,0,0,0,0,0,0,0,0,1,0,0,0,0,0,0,0,0,0,0,0,0,0,0,0,0,1,12.413090879946887,246000
0.1980287417180216,-1.946160087556246,-0.11169874554187102,-1.1427382348800126,0,0,0,0,0,0,0,0,0,0,0,0,1,0,0,0,0,0,0,0,0,0,0,0,0,0,0,0,0,0,0,0,1,0,0,0,0,0,0,1,0,0,0,11.225256725762893,75000
0.1980287417180216,0.09644111792455802,-0.16316027088713203,-1.1427382348800126,0,0,0,0,0,0,0,0,0,0,0,0,0,0,0,0,0,1,0,0,0,0,0,0,0,0,0,0,0,1,0,0,0,0,0,0,0,0,0,1,0,1,0,11.48247656671073,97000
0.1980287417180216,0.09644111792455802,-0.1362042338015191,-1.1427382348800126,1,0,0,0,0,0,0,0,0,0,0,0,0,0,0,0,0,1,0,0,0,0,0,0,0,0,0,0,0,1,0,0,0,0,0,0,0,0,0,1,0,1,0,11.652696102959753,115000
1.779741360948829,2.139042323405362,0.4269318864051943,1.1678668310881546,1,1,0,0,0,0,0,0,0,0,0,0,0,0,0,0,0,1,0,0,0,0,0,0,0,0,0,0,0,1,0,0,0,0,0,0,0,0,0,1,1,0,0,13.122365377402328,500000
0.1980287417180216,-1.946160087556246,-0.12640203849765988,-1.1427382348800126,0,0,0,0,0,0,0,0,0,0,0,0,0,0,0,0,0,1,0,0,0,0,0,0,0,0,0,0,0,1,0,0,0,0,0,0,0,0,0,1,1,0,0,11.141876276228,69000
0.1980287417180216,-1.946160087556246,-0.1607097220611672,-1.1427382348800126,0,0,0,1,0,0,0,0,0,0,0,0,0,0,0,0,0,1,0,0,0,0,0,0,0,0,0,0,0,1,0,0,0,0,0,0,0,0,0,1,0,0,1,11.050905878263567,63000
0.1980287417180216,-1.946160087556246,-0.1945272958594816,-1.1427382348800126,0,0,0,1,0,0,0,0,0,0,0,0,0,0,0,0,0,1,0,0,0,0,0,0,0,0,0,0,0,1,0,0,0,0,0,0,0,0,0,0,0,0,1,11.082157933374816,65000
0.1980287417180216,0.09644111792455802,-0.1362042338015191,0.012564298104070972,1,0,0,0,0,0,0,0,0,0,0,0,0,1,0,0,0,0,0,1,0,0,0,0,0,0,0,0,0,0,0,0,0,0,0,0,0,0,0,1,0,0,0,12.560247968016562,285000
0.1980287417180216,0.09644111792455802,-0.1607097220611672,0.012564298104070972,0,0,0,0,0,0,0,0,0,0,0,0,0,1,0,0,0,0,0,1,0,0,0,0,0,0,0,0,0,0,0,0,0,0,0,0,0,0,0,1,0,0,0,12.468440756144114,260000
0.1980287417180216,0.09644111792455802,-0.11169874554187102,0.012564298104070972,0,0,0,0,0,0,0,0,0,0,0,0,0,0,0,0,0,1,0,0,0,0,0,0,0,0,0,0,0,1,0,0,0,0,0,0,0,0,0,1,1,0,0,12.301387370778713,220000
0.1980287417180216,0.09644111792455802,-0.08719325728222291,0.012564298104070972,1,0,0,0,0,1,0,0,0,1,0,0,0,0,0,0,0,0,0,0,0,0,0,0,0,0,0,0,0,0,0,0,0,0,0,1,0,0,0,1,0,0,0,12.611541086966115,300000
0.1980287417180216,0.09644111792455802,-0.013186682738085643,-1.1427382348800126,0,0,0,0,0,1,0,0,0,0,0,0,0,0,0,0,0,1,0,0,0,0,0,0,0,0,0,0,0,1,0,0,0,0,0,0,0,0,0,1,1,0,0,12.948012371209098,420000
0.1980287417180216,2.139042323405362,0.0534682453281572,1.1678668310881546,0,1,0,0,0,0,0,0,0,0,0,0,0,0,0,0,0,1,0,0,0,0,0,0,0,0,1,0,0,0,0,0,0,0,0,0,0,0,0,1,0,0,0,12.644330802262578,310000
0.1980287417180216,0.09644111792455802,-0.03818228076292671,1.1678668310881546,0,1,0,0,0,0,0,0,0,0,0,0,0,0,1,0,0,0,0,0,0,0,0,0,0,0,0,0,0,1,0,0,0,0,0,0,0,0,0,0,1,0,0,13.017005083966255,450000
0.1980287417180216,0.09644111792455802,-0.06268776902257481,1.1678668310881546,1,1,0,0,0,0,0,0,0,0,0,0,0,1,0,0,0,0,0,0,0,0,0,0,0,0,0,0,0,1,0,0,0,0,0,0,0,0,0,1,0,0,0,13.151924121391561,515000
0.1980287417180216,0.09644111792455802,-0.06268776902257481,1.1678668310881546,1,1,0,0,0,0,0,0,0,0,0,0,0,1,0,0,0,0,0,0,0,0,0,0,0,0,0,0,0,1,0,0,0,0,0,0,0,0,0,1,0,0,0,13.304686600863562,600000
-1.383683877512786,0.09644111792455802,-0.15188774628769391,0.012564298104070972,1,0,0,0,0,1,0,0,0,1,0,0,0,0,0,0,0,0,0,0,0,1,0,0,0,0,0,0,0,0,0,0,0,0,0,0,0,0,0,1,0,0,0,12.847634383768359,379888
0.1980287417180216,0.09644111792455802,-0.11414929436783583,0.012564298104070972,0,0,0,0,0,0,0,0,0,0,0,0,0,0,0,0,0,1,0,0,0,0,0,0,0,0,0,0,0,0,0,1,0,0,0,0,0,0,0,1,0,1,0,12.611541086966115,300000
0.1980287417180216,2.139042323405362,0.23137809009320243,1.1678668310881546,0,1,0,0,0,0,0,0,0,0,0,0,0,1,0,0,0,0,0,0,0,0,0,0,0,0,0,0,0,1,0,0,0,0,0,0,0,0,0,1,0,0,1,13.51440681653079,740000
0.1980287417180216,0.09644111792455802,0.05885945274527978,1.1678668310881546,0,1,0,0,0,0,0,0,0,0,0,0,0,1,0,0,0,0,0,0,1,0,0,0,0,0,0,0,0,0,0,0,0,0,0,0,0,0,0,1,0,0,0,13.652992804936396,850000
0.1980287417180216,0.09644111792455802,-0.1607097220611672,-1.1427382348800126,1,0,0,1,0,0,0,0,0,0,0,0,1,0,0,0,0,0,0,0,0,0,0,0,0,0,0,0,0,0,0,0,1,0,0,0,0,0,0,0,0,0,0,11.767575435251748,129000
0.1980287417180216,0.09644111792455802,-0.06268776902257481,-1.1427382348800126,1,1,0,0,0,0,0,0,0,0,0,0,0,1,0,0,0,0,0,0,0,0,0,0,0,0,0,0,0,1,0,0,0,0,0,0,0,0,0,1,0,0,0,13.180634172318978,530000
0.1980287417180216,0.09644111792455802,0.024551769181772435,-1.1427382348800126,1,0,0,0,0,0,0,0,1,0,0,0,0,0,0,0,0,0,0,0,0,0,0,0,0,1,0,0,0,0,0,0,0,0,0,0,0,0,0,1,0,0,0,12.628070334272698,305000
0.1980287417180216,0.09644111792455802,-0.03132074405022524,0.012564298104070972,1,0,0,0,0,0,0,0,1,0,0,0,0,0,0,0,0,0,0,0,0,0,0,0,0,1,0,0,0,0,0,0,0,0,0,0,0,0,0,1,0,0,0,12.570719231334277,288000
0.1980287417180216,0.09644111792455802,-0.09552512329050326,0.012564298104070972,1,0,0,0,0,0,0,0,0,0,0,0,0,0,0,0,0,1,0,0,0,0,0,0,0,0,0,0,0,1,0,0,0,0,0,0,0,0,0,0,1,0,0,12.04355959836804,170000
0.1980287417180216,0.09644111792455802,-0.11856028225457249,-1.1427382348800126,0,0,0,0,0,0,0,0,0,0,0,0,0,0,0,0,0,1,0,0,0,0,0,0,0,0,0,0,0,0,0,0,0,0,0,0,1,0,0,1,0,1,0,12.54254845357358,280000
0.1980287417180216,0.09644111792455802,-0.06366798855296074,1.1678668310881546,1,1,0,0,0,0,0,0,0,0,0,0,0,0,0,1,0,0,0,0,0,0,0,0,0,0,0,0,0,1,0,0,0,0,0,0,0,0,0,1,0,0,1,13.081543466215237,480000
0.1980287417180216,0.09644111792455802,0.07993417264857715,0.012564298104070972,1,1,0,0,0,0,0,0,0,1,0,0,0,0,0,0,0,0,0,0,0,1,0,0,0,0,0,0,0,0,0,0,0,0,0,0,0,0,0,1,1,0,0,12.604852121186608,298000
0.1980287417180216,0.09644111792455802,-0.11267896507225694,0.012564298104070972,1,1,0,0,0,0,0,0,0,1,0,0,0,0,0,0,0,0,0,0,0,1,0,0,0,0,0,0,0,0,0,0,0,0,0,0,0,0,0,0,0,1,0,12.611541086966115,300000
0.1980287417180216,0.09644111792455802,0.2803890666124986,0.012564298104070972,0,1,0,0,0,0,0,0,0,1,0,0,0,0,0,0,0,0,0,0,0,0,0,0,0,0,0,0,0,1,0,0,0,0,0,0,0,0,0,1,0,0,0,13.511700458595241,738000
0.1980287417180216,0.09644111792455802,-0.15727895370481648,9.254984561976741,0,0,0,0,0,0,0,0,0,0,0,0,0,0,0,0,0,1,0,0,0,0,0,0,0,0,0,0,0,1,0,0,0,0,0,0,0,0,0,1,0,1,0,11.951186847493476,155000
0.1980287417180216,0.09644111792455802,-0.11169874554187102,0.012564298104070972,0,0,0,0,0,0,0,0,0,0,0,0,0,0,0,0,0,1,0,0,0,0,0,0,0,0,0,0,0,1,0,0,0,0,0,0,0,0,0,1,1,0,0,12.345838935721968,230000
-1.383683877512786,0.09644111792455802,-0.12640203849765988,-1.1427382348800126,0,0,0,0,0,1,0,0,0,0,0,1,0,0,0,0,0,0,0,0,0,0,0,0,0,0,0,0,0,1,0,0,0,0,0,0,0,0,0,1,0,0,1,12.923914877701906,410000
0.1980287417180216,0.09644111792455802,-0.07003941550046924,0.012564298104070972,0,1,0,0,0,0,0,0,0,0,0,0,0,1,0,0,0,0,0,1,0,0,0,0,0,0,0,0,0,0,0,0,0,0,0,0,0,0,0,1,0,0,0,12.847929163278053,380000
0.1980287417180216,0.09644111792455802,0.08336494100492789,0.012564298104070972,0,1,0,0,0,0,0,0,0,1,0,0,0,0,0,0,0,0,0,0,0,0,0,0,0,0,0,0,0,1,0,0,0,0,0,0,0,0,0,1,1,0,0,12.873904582205107,390000
0.1980287417180216,0.09644111792455802,-0.1067976478899414,-1.1427382348800126,0,0,0,0,0,0,0,0,0,0,0,0,0,0,0,0,0,1,0,0,0,0,0,0,0,0,0,0,0,1,0,0,0,0,0,0,0,0,0,1,1,0,0,12.611541086966115,300000
0.1980287417180216,0.09644111792455802,0.01131880552156246,1.1678668310881546,0,0,0,0,0,0,0,0,0,1,0,0,0,0,0,0,0,0,0,0,0,0,0,0,0,0,0,0,0,0,0,0,0,1,0,0,0,0,0,1,0,0,1,13.217675375388819,550000
1.779741360948829,0.09644111792455802,-0.05582623230987334,0.012564298104070972,1,0,0,1,0,0,0,0,0,0,0,0,1,0,0,0,0,0,0,0,0,0,0,0,0,0,0,0,0,1,0,0,0,0,0,0,0,0,0,1,0,1,0,12.04355959836804,170000
0.1980287417180216,0.09644111792455802,-0.07984161080432849,1.1678668310881546,1,0,0,0,0,0,0,0,0,0,0,0,0,0,0,0,0,1,0,0,0,0,0,0,0,0,0,0,0,0,0,0,0,0,1,0,0,0,0,1,0,0,0,12.487488878546145,265000
0.1980287417180216,0.09644111792455802,-0.05386579324910149,0.012564298104070972,0,0,0,0,0,0,0,0,0,0,0,0,0,0,0,0,0,1,0,0,0,0,0,0,0,0,0,0,0,1,0,0,0,0,0,0,0,0,0,0,0,1,0,12.201065128819632,199000
0.1980287417180216,0.09644111792455802,-0.007305365555770099,-1.1427382348800126,0,0,0,0,0,0,0,0,1,0,0,0,0,0,0,0,0,0,0,0,0,0,0,0,0,1,0,0,0,0,0,0,0,0,0,0,0,0,0,1,0,0,0,12.388398368982115,240000
-1.383683877512786,-1.946160087556246,-0.20972069858046344,-1.1427382348800126,1,0,0,1,0,0,0,0,0,0,0,0,0,1,0,0,0,0,0,1,0,0,0,0,0,0,0,0,0,0,0,0,0,0,0,0,0,0,0,1,0,0,0,11.918397239722838,150000
0.1980287417180216,0.09644111792455802,-0.08719325728222291,0.012564298104070972,0,1,0,0,0,0,0,0,0,0,0,0,0,1,0,0,0,0,0,0,0,0,0,1,0,0,0,0,0,0,0,0,0,0,0,0,0,0,0,1,0,0,0,12.765691290604371,350000
0.1980287417180216,0.09644111792455802,-0.08719325728222291,0.012564298104070972,0,1,0,0,0,0,0,0,0,0,0,0,0,1,0,0,0,0,0,0,0,0,0,1,0,0,0,0,0,0,0,0,0,0,0,0,0,0,0,1,0,0,0,12.847929163278053,380000
0.1980287417180216,0.09644111792455802,-0.15727895370481648,9.254984561976741,0,0,0,0,0,0,0,0,0,0,0,0,0,0,0,0,0,1,0,0,0,0,0,0,0,0,0,0,0,1,0,0,0,0,0,0,0,0,0,1,0,1,0,11.951186847493476,155000
0.1980287417180216,0.09644111792455802,-0.11169874554187102,0.012564298104070972,0,0,0,0,0,0,0,0,0,0,0,0,0,0,0,0,0,1,0,0,0,0,0,0,0,0,0,0,0,1,0,0,0,0,0,0,0,0,0,1,1,0,0,12.345838935721968,230000
-1.383683877512786,0.09644111792455802,-0.12640203849765988,-1.1427382348800126,0,0,0,0,0,1,0,0,0,0,0,1,0,0,0,0,0,0,0,0,0,0,0,0,0,0,0,0,0,1,0,0,0,0,0,0,0,0,0,1,0,0,1,12.923914877701906,410000
0.1980287417180216,0.09644111792455802,-0.07003941550046924,0.012564298104070972,0,1,0,0,0,0,0,0,0,0,0,0,0,1,0,0,0,0,0,1,0,0,0,0,0,0,0,0,0,0,0,0,0,0,0,0,0,0,0,1,0,0,0,12.847929163278053,380000
0.1980287417180216,0.09644111792455802,0.08336494100492789,0.012564298104070972,0,1,0,0,0,0,0,0,0,1,0,0,0,0,0,0,0,0,0,0,0,0,0,0,0,0,0,0,0,1,0,0,0,0,0,0,0,0,0,1,1,0,0,12.873904582205107,390000
0.1980287417180216,0.09644111792455802,-0.1067976478899414,-1.1427382348800126,0,0,0,0,0,0,0,0,0,0,0,0,0,0,0,0,0,1,0,0,0,0,0,0,0,0,0,0,0,1,0,0,0,0,0,0,0,0,0,1,1,0,0,12.611541086966115,300000
0.1980287417180216,0.09644111792455802,0.01131880552156246,1.1678668310881546,0,0,0,0,0,0,0,0,0,1,0,0,0,0,0,0,0,0,0,0,0,0,0,0,0,0,0,0,0,0,0,0,0,1,0,0,0,0,0,1,0,0,1,13.217675375388819,550000
1.779741360948829,0.09644111792455802,-0.05582623230987334,0.012564298104070972,1,0,0,1,0,0,0,0,0,0,0,0,1,0,0,0,0,0,0,0,0,0,0,0,0,0,0,0,0,1,0,0,0,0,0,0,0,0,0,1,0,1,0,12.04355959836804,170000
0.1980287417180216,0.09644111792455802,-0.07984161080432849,1.1678668310881546,1,0,0,0,0,0,0,0,0,0,0,0,0,0,0,0,0,1,0,0,0,0,0,0,0,0,0,0,0,0,0,0,0,0,1,0,0,0,0,1,0,0,0,12.487488878546145,265000
0.1980287417180216,0.09644111792455802,-0.05386579324910149,0.012564298104070972,0,0,0,0,0,0,0,0,0,0,0,0,0,0,0,0,0,1,0,0,0,0,0,0,0,0,0,0,0,1,0,0,0,0,0,0,0,0,0,0,0,1,0,12.201065128819632,199000
0.1980287417180216,0.09644111792455802,-0.007305365555770099,-1.1427382348800126,0,0,0,0,0,0,0,0,1,0,0,0,0,0,0,0,0,0,0,0,0,0,0,0,0,1,0,0,0,0,0,0,0,0,0,0,0,0,0,1,0,0,0,12.388398368982115,240000
-1.383683877512786,-1.946160087556246,-0.20972069858046344,-1.1427382348800126,1,0,0,1,0,0,0,0,0,0,0,0,0,1,0,0,0,0,0,1,0,0,0,0,0,0,0,0,0,0,0,0,0,0,0,0,0,0,0,1,0,0,0,11.918397239722838,150000
0.1980287417180216,0.09644111792455802,-0.08719325728222291,0.012564298104070972,0,1,0,0,0,0,0,0,0,0,0,0,0,1,0,0,0,0,0,0,0,0,0,1,0,0,0,0,0,0,0,0,0,0,0,0,0,0,0,1,0,0,0,12.765691290604371,350000
0.1980287417180216,0.09644111792455802,-0.08719325728222291,0.012564298104070972,0,1,0,0,0,0,0,0,0,0,0,0,0,1,0,0,0,0,0,0,0,0,0,1,0,0,0,0,0,0,0,0,0,0,0,0,0,0,0,1,0,0,0,12.847929163278053,380000
0.1980287417180216,0.09644111792455802,-0.08719325728222291,0.012564298104070972,0,1,0,0,0,0,0,0,0,0,0,0,0,1,0,0,0,0,0,0,0,0,0,1,0,0,0,0,0,0,0,0,0,0,0,0,0,0,0,1,0,0,0,12.81584093453868,368000
0.1980287417180216,0.09644111792455802,-0.08719325728222291,-1.1427382348800126,1,0,0,0,0,0,0,0,1,0,0,0,0,0,0,0,0,0,0,0,0,0,0,0,0,0,0,0,0,1,0,0,0,0,0,0,0,0,0,1,0,0,0,11.759793355371237,128000
0.1980287417180216,0.09644111792455802,0.04023528166794722,0.012564298104070972,0,1,0,0,0,0,0,0,0,0,0,0,0,1,0,0,0,0,0,0,0,0,0,0,1,0,0,0,0,0,0,0,0,0,0,0,0,0,0,1,0,0,0,13.017005083966255,450000
-1.383683877512786,0.09644111792455802,-0.05778667137064519,1.1678668310881546,1,1,0,0,0,0,0,0,0,1,0,0,0,0,0,0,0,0,0,0,0,0,0,0,0,0,0,0,0,1,0,0,0,0,0,0,0,0,0,1,0,0,1,13.249878458265119,568000
0.1980287417180216,0.09644111792455802,0.005927598104439877,1.1678668310881546,1,0,0,0,0,1,0,0,0,1,0,0,0,0,0,0,0,0,0,0,0,0,0,0,0,0,0,0,0,1,0,0,0,0,0,0,0,0,0,1,0,0,0,13.267330877756825,578000
0.1980287417180216,0.09644111792455802,0.08483527030050676,1.1678668310881546,0,0,0,0,0,0,0,1,0,0,0,0,1,0,0,0,0,0,0,0,0,0,0,0,0,0,0,0,0,1,0,0,0,0,0,0,0,0,0,1,0,1,0,12.706850963741102,330000
0.1980287417180216,0.09644111792455802,-0.052395463953522604,0.012564298104070972,0,0,0,0,0,0,0,0,0,0,0,0,0,0,0,0,0,1,0,0,0,0,0,0,0,0,0,0,0,0,0,1,0,0,0,0,0,0,0,1,0,1,0,12.868763195921677,388000
0.1980287417180216,0.09644111792455802,-0.06268776902257481,0.012564298104070972,0,0,0,0,0,0,0,0,0,0,0,0,0,0,0,0,0,1,0,0,0,0,0,0,0,0,0,0,0,0,0,1,0,0,0,0,0,0,0,1,1,0,0,12.611541086966115,300000
-1.383683877512786,0.09644111792455802,0.1064000999689971,0.012564298104070972,0,1,0,0,0,0,0,0,1,0,0,0,0,0,0,0,0,0,0,0,0,0,0,0,0,1,0,0,0,0,0,0,0,0,0,0,0,0,0,1,0,0,1,13.102162710901053,490000
0.1980287417180216,0.09644111792455802,0.010828695756369498,1.1678668310881546,1,0,0,0,0,1,0,0,0,0,0,0,0,0,0,0,0,1,0,0,0,0,0,0,0,0,0,0,0,1,0,0,0,0,0,0,0,0,0,1,0,0,1,13.28787951079572,590000
0.1980287417180216,0.09644111792455802,-0.06072732996180296,0.012564298104070972,1,0,0,0,0,0,0,0,0,0,0,0,0,0,0,0,0,1,0,0,0,1,0,0,0,0,0,0,0,0,0,0,0,0,0,0,0,0,0,1,0,1,0,12.573797810270802,288888
0.1980287417180216,0.09644111792455802,0.10885064879496191,1.1678668310881546,0,1,0,0,0,0,0,0,0,0,0,0,0,1,0,0,0,0,0,0,0,0,1,0,0,0,0,0,0,0,0,0,0,0,0,0,0,0,0,1,0,0,0,13.270785106659046,580000
0.1980287417180216,0.09644111792455802,-0.05484601277948742,-1.1427382348800126,1,1,0,0,0,0,0,0,0,0,0,0,0,0,0,1,0,0,0,0,0,0,0,0,0,0,0,1,0,0,0,0,0,0,0,0,0,0,0,0,0,1,0,12.847929163278053,380000
0.1980287417180216,0.09644111792455802,-0.07248996432643405,1.1678668310881546,0,0,0,0,0,0,0,0,0,0,0,0,0,1,0,0,0,0,0,1,0,0,0,0,0,0,0,0,0,0,0,0,0,0,0,0,0,0,0,1,1,0,0,12.873904582205107,390000
0.1980287417180216,2.139042323405362,0.32547916501025115,1.1678668310881546,0,1,0,0,0,0,0,0,0,0,0,0,0,1,0,0,0,0,0,0,0,0,0,0,0,0,0,0,0,1,0,0,0,0,0,0,0,0,0,1,1,0,0,13.429849547739444,680000
0.1980287417180216,0.09644111792455802,-0.1362042338015191,0.012564298104070972,0,0,0,0,0,0,0,0,0,0,0,0,0,1,0,0,0,0,0,1,0,0,0,0,0,0,0,0,0,0,0,0,0,0,0,0,0,0,0,1,1,0,0,12.506180941677357,270000
0.1980287417180216,0.09644111792455802,0.0598396722756657,-1.1427382348800126,0,0,0,0,0,0,0,0,0,0,0,0,0,0,0,0,0,1,0,0,0,0,0,0,0,0,0,0,0,1,0,0,0,0,0,0,0,0,0,1,0,1,0,12.765691290604371,350000
-2.9653964967435935,-1.946160087556246,-0.1607097220611672,0.012564298104070972,0,1,0,0,0,0,0,0,0,0,0,0,0,1,0,0,0,0,0,0,0,0,0,0,0,0,0,0,0,1,0,0,0,0,0,0,0,0,0,1,0,0,1,12.573797810270802,288888
0.1980287417180216,0.09644111792455802,0.050037476971806466,0.012564298104070972,0,1,0,0,0,0,0,0,0,1,0,0,0,0,0,0,0,0,0,0,0,0,0,0,0,0,0,0,0,0,0,0,0,0,0,1,0,0,0,1,0,0,0,12.886643575525625,395000
-2.9653964967435935,-1.946160087556246,-0.23667673566607633,-1.1427382348800126,1,1,0,0,0,0,0,0,1,0,0,0,0,0,0,0,0,0,0,0,0,0,0,0,0,1,0,0,0,0,0,0,0,0,0,0,0,0,0,1,0,0,1,12.367345048436391,235000
-1.383683877512786,-1.946160087556246,-0.22393388177105933,-1.1427382348800126,0,0,0,0,0,0,0,0,0,0,0,0,0,1,0,0,0,0,0,1,0,0,0,0,0,0,0,0,0,0,0,0,0,0,0,0,0,0,0,1,0,0,1,11.775297421715827,130000
0.1980287417180216,0.09644111792455802,-0.06072732996180296,0.012564298104070972,1,0,0,0,0,0,0,0,0,0,0,0,1,0,0,0,0,0,0,0,0,0,0,0,0,0,0,0,0,1,0,0,0,0,0,0,0,0,0,1,0,0,1,12.611541086966115,300000
1.779741360948829,0.09644111792455802,0.14315833235846925,1.1678668310881546,0,1,0,0,0,0,0,0,0,0,0,0,0,1,0,0,0,0,0,0,0,0,0,0,0,0,0,0,0,0,0,0,0,0,0,0,0,1,0,1,1,0,0,13.270785106659046,580000
1.779741360948829,0.09644111792455802,0.7577559779104437,1.1678668310881546,0,0,0,0,1,0,0,0,0,0,0,0,1,0,0,0,0,0,0,0,0,0,0,0,0,0,0,0,0,1,0,0,0,0,0,0,0,0,0,1,0,0,0,12.700771936142122,328000
1.779741360948829,0.09644111792455802,0.32547916501025115,1.1678668310881546,0,1,0,0,0,0,0,0,0,0,0,0,0,1,0,0,0,0,0,0,0,0,0,0,0,0,0,0,0,1,0,0,0,0,0,0,0,0,0,1,0,0,1,13.350297037805756,628000
0.1980287417180216,0.09644111792455802,0.04023528166794722,0.012564298104070972,0,1,0,0,0,0,0,0,0,0,0,0,0,1,0,0,0,0,0,0,0,0,0,0,1,0,0,0,0,0,0,0,0,0,0,0,0,0,0,1,0,0,0,13.017005083966255,450000
-1.383683877512786,0.09644111792455802,-0.10238666000320473,-1.1427382348800126,1,1,0,0,0,0,0,0,1,0,0,0,0,0,0,0,0,0,0,0,0,0,0,0,0,0,0,0,0,1,0,0,0,0,0,0,0,0,0,1,0,0,1,12.847929163278053,380000
0.1980287417180216,0.09644111792455802,-0.16316027088713203,0.012564298104070972,0,0,0,0,0,0,0,0,0,0,0,0,0,1,0,0,0,0,0,0,0,0,0,0,1,0,0,0,0,0,0,0,0,0,0,0,0,0,0,1,1,0,0,12.54254845357358,280000
0.1980287417180216,0.09644111792455802,0.0353341840160176,0.012564298104070972,0,0,0,1,0,0,0,0,0,0,0,0,0,0,0,0,0,1,0,0,0,0,0,0,0,0,0,0,0,1,0,0,0,0,0,0,0,0,0,0,1,0,0,12.506180941677357,270000
0.1980287417180216,2.139042323405362,-0.16267016112193908,-1.1427382348800126,0,0,0,1,0,0,0,0,0,0,0,0,0,0,0,0,0,1,0,0,0,0,0,0,0,0,0,0,0,1,0,0,0,0,0,0,0,0,0,1,0,1,0,11.385103457032141,88000
-1.383683877512786,-1.946160087556246,-0.1607097220611672,-1.1427382348800126,1,0,0,1,0,0,0,0,0,1,0,0,0,0,0,0,0,0,0,0,0,0,0,0,0,0,0,0,0,1,0,0,0,0,0,0,0,0,0,0,0,0,1,11.884495917930655,145000
-1.383683877512786,0.09644111792455802,-0.06121743972699593,0.012564298104070972,1,0,0,0,0,1,0,0,1,0,0,0,0,0,0,0,0,0,0,0,0,0,0,0,0,1,0,0,0,0,0,0,0,0,0,0,0,0,0,1,0,1,0,12.73080413304066,338000
0.1980287417180216,0.09644111792455802,-0.11169874554187102,0.012564298104070972,0,0,0,0,0,0,0,0,0,0,0,0,0,0,0,0,0,1,0,0,0,0,0,0,0,0,0,0,0,1,0,0,0,0,0,0,0,0,0,1,0,1,0,12.54254845357358,280000
0.1980287417180216,0.09644111792455802,0.1657033815573455,1.1678668310881546,0,1,0,0,0,0,0,0,0,1,0,0,0,0,0,0,0,0,0,0,0,0,0,0,0,0,0,0,0,1,0,0,0,0,0,0,0,0,0,1,0,0,1,13.444448325847754,690000
1.779741360948829,2.139042323405362,0.40291650791073913,1.1678668310881546,0,1,0,0,0,0,0,0,0,0,0,0,0,1,0,0,0,0,0,0,0,0,0,0,0,0,0,0,0,1,0,0,0,0,0,0,0,0,0,1,0,1,0,13.592368256649284,800000
0.1980287417180216,0.09644111792455802,-0.05778667137064519,0.012564298104070972,0,1,0,0,0,0,0,0,0,0,0,0,0,1,0,0,0,0,0,0,0,0,0,0,0,0,0,0,0,1,0,0,0,0,0,0,0,0,0,1,0,0,0,12.948012371209098,420000
0.1980287417180216,0.09644111792455802,-0.05778667137064519,0.012564298104070972,0,1,0,0,0,0,0,0,0,0,0,0,0,1,0,0,0,0,0,0,0,0,0,0,0,0,0,0,0,1,0,0,0,0,0,0,0,0,0,1,0,0,0,12.971542813248437,430000
0.1980287417180216,0.09644111792455802,-0.05778667137064519,0.012564298104070972,0,1,0,0,0,0,0,0,0,0,0,0,0,1,0,0,0,0,0,0,0,0,0,0,0,0,0,0,0,1,0,0,0,0,0,0,0,0,0,1,0,0,0,12.966880811009803,428000
-1.383683877512786,0.09644111792455802,-0.09944600141204697,-1.1427382348800126,0,0,0,0,0,1,0,0,0,0,0,0,0,1,0,0,0,0,0,0,0,0,0,0,0,0,0,0,0,1,0,0,0,0,0,0,0,0,0,1,0,0,0,12.765691290604371,350000
0.1980287417180216,0.09644111792455802,-0.03818228076292671,1.1678668310881546,0,0,0,0,0,0,0,0,0,0,0,0,0,0,0,0,0,1,0,0,0,0,0,0,0,0,0,0,0,1,0,0,0,0,0,0,0,0,0,1,1,0,0,12.608202196848836,299000
0.1980287417180216,0.09644111792455802,-0.025439426867909693,-1.1427382348800126,1,1,0,0,0,0,0,0,0,1,0,0,0,0,0,0,0,0,0,0,0,0,0,0,0,0,0,0,0,1,0,0,0,0,0,0,0,0,0,1,1,0,0,13.28787951079572,590000
0.1980287417180216,0.09644111792455802,-0.020538329215980075,1.1678668310881546,0,1,0,0,0,0,0,0,0,0,0,0,0,1,0,0,0,0,0,1,0,0,0,0,0,0,0,0,0,0,0,0,0,0,0,0,0,0,0,1,0,0,1,13.270785106659046,580000
0.1980287417180216,0.09644111792455802,0.022101220355807624,1.1678668310881546,0,0,0,0,0,1,0,0,0,1,0,0,0,0,0,0,0,0,0,0,0,0,0,0,0,0,0,0,0,1,0,0,0,0,0,0,0,0,0,1,0,0,0,13.384729180332174,650000
0.1980287417180216,-1.946160087556246,-0.1234613799065021,-1.1427382348800126,1,0,0,0,0,0,0,0,0,0,0,0,0,0,0,0,0,1,0,0,0,0,0,0,0,0,0,0,0,1,0,0,0,0,0,0,0,0,0,1,0,0,1,11.002116507732017,60000
0.1980287417180216,2.139042323405362,0.058369342980086815,-1.1427382348800126,0,0,0,0,0,1,0,0,1,0,0,0,0,0,0,0,0,0,0,0,0,0,0,0,0,1,0,0,0,0,0,0,0,0,0,0,0,0,0,1,0,0,0,12.896719202134523,399000
0.1980287417180216,2.139042323405362,0.0353341840160176,-1.1427382348800126,0,0,0,0,0,1,0,0,1,0,0,0,0,0,0,0,0,0,0,0,0,0,0,0,0,1,0,0,0,0,0,0,0,0,0,0,0,0,0,1,0,1,0,12.966880811009803,428000
0.1980287417180216,0.09644111792455802,-0.010736133912120832,0.012564298104070972,0,1,0,0,0,0,0,0,0,0,0,0,0,0,0,0,0,1,0,0,0,0,0,0,0,0,0,0,0,0,0,0,0,0,1,0,0,0,0,0,1,0,0,12.644330802262578,310000
0.1980287417180216,0.09644111792455802,-0.08719325728222291,1.1678668310881546,0,1,0,0,0,0,0,0,0,0,0,0,0,1,0,0,0,0,0,0,0,0,0,0,0,0,0,0,0,1,0,0,0,0,0,0,0,0,0,1,1,0,0,13.180634172318978,530000
0.1980287417180216,0.09644111792455802,-0.013676792503278605,0.012564298104070972,0,1,0,0,0,0,0,0,0,0,0,0,0,0,0,0,0,1,0,0,0,0,0,0,0,0,0,0,0,1,0,0,0,0,0,0,0,0,0,1,0,0,1,12.269052139516223,213000
1.779741360948829,0.09644111792455802,0.1657033815573455,0.012564298104070972,0,1,0,0,0,0,0,0,0,1,0,0,0,0,0,0,0,0,0,0,0,0,0,0,0,0,0,0,0,1,0,0,0,0,0,0,0,0,0,1,0,1,0,13.429849547739444,680000
0.1980287417180216,0.09644111792455802,-0.11856028225457249,-1.1427382348800126,0,0,0,0,0,0,0,0,0,0,0,0,0,0,0,0,0,1,0,0,0,0,0,0,0,0,0,0,0,0,0,0,0,0,0,0,1,0,0,0,0,0,1,12.560247968016562,285000
0.1980287417180216,0.09644111792455802,0.0598396722756657,0.012564298104070972,0,1,0,0,0,0,0,0,0,0,0,0,0,1,0,0,0,0,0,0,0,0,0,0,1,0,0,0,0,0,0,0,0,0,0,0,0,0,0,1,0,0,0,13.3374763699232,620000
0.1980287417180216,0.09644111792455802,0.0598396722756657,0.012564298104070972,0,1,0,0,0,0,0,0,0,0,0,0,0,1,0,0,0,0,0,0,0,0,0,0,1,0,0,0,0,0,0,0,0,0,0,0,0,0,0,1,0,0,0,13.270785106659046,580000
0.1980287417180216,0.09644111792455802,0.0598396722756657,0.012564298104070972,0,1,0,0,0,0,0,0,0,0,0,0,0,1,0,0,0,0,0,0,0,0,0,0,1,0,0,0,0,0,0,0,0,0,0,0,0,0,0,1,0,0,0,13.267330877756825,578000
0.1980287417180216,0.09644111792455802,0.0598396722756657,-1.1427382348800126,0,1,0,0,0,0,0,0,0,0,0,0,0,1,0,0,0,0,0,0,0,0,0,0,1,0,0,0,0,0,0,0,0,0,0,0,0,0,0,1,0,0,0,13.28787951079572,590000
0.1980287417180216,0.09644111792455802,0.12159350268997893,1.1678668310881546,0,1,0,0,0,0,0,0,0,0,0,0,0,1,0,0,0,0,0,0,0,0,0,0,0,0,0,0,0,1,0,0,0,0,0,0,0,0,0,1,0,0,0,13.51440681653079,740000
0.1980287417180216,0.09644111792455802,-0.1362042338015191,0.012564298104070972,0,0,0,0,0,0,0,0,0,0,0,0,0,1,0,0,0,0,0,0,0,0,0,0,0,0,0,0,0,1,0,0,0,0,0,0,0,0,0,1,0,0,0,12.506180941677357,270000
0.1980287417180216,0.09644111792455802,-0.1362042338015191,0.012564298104070972,0,0,0,0,0,0,0,0,0,0,0,0,0,1,0,0,0,0,0,1,0,0,0,0,0,0,0,0,0,0,0,0,0,0,0,0,0,0,0,1,0,0,0,12.706850963741102,330000
0.1980287417180216,0.09644111792455802,-0.044553707710435216,1.1678668310881546,0,1,0,0,0,0,0,0,0,0,0,0,0,1,0,0,0,0,0,1,0,0,0,0,0,0,0,0,0,0,0,0,0,0,0,0,0,0,0,1,1,0,0,13.118357364036902,498000
0.1980287417180216,0.09644111792455802,-0.1362042338015191,0.012564298104070972,0,1,0,0,0,0,0,0,0,0,0,0,0,1,0,0,0,0,0,0,0,0,0,1,0,0,0,0,0,0,0,0,0,0,0,0,0,0,0,1,1,0,0,12.691583538230217,325000
0.1980287417180216,0.09644111792455802,0.06474076992759532,1.1678668310881546,1,1,0,0,0,0,0,0,0,0,0,0,0,1,0,0,0,0,0,0,0,0,1,0,0,0,0,0,0,0,0,0,0,0,0,0,0,0,0,1,0,0,0,13.28787951079572,590000
0.1980287417180216,0.09644111792455802,-0.1362042338015191,0.012564298104070972,0,0,0,0,0,0,0,0,0,0,0,0,0,1,0,0,0,0,0,1,0,0,0,0,0,0,0,0,0,0,0,0,0,0,0,0,0,0,0,1,0,0,0,12.506180941677357,270000
0.1980287417180216,2.139042323405362,0.05542868438892905,0.012564298104070972,0,1,0,0,0,0,0,0,0,0,0,0,0,1,0,0,0,0,0,1,0,0,0,0,0,0,0,0,0,0,0,0,0,0,0,0,0,0,0,1,0,0,0,13.28787951079572,590000
0.1980287417180216,0.09644111792455802,-0.1362042338015191,0.012564298104070972,0,0,0,0,0,0,0,0,0,0,0,0,0,1,0,0,0,0,0,0,0,0,0,0,0,0,0,0,0,1,0,0,0,0,0,0,0,0,0,1,0,0,0,12.676079399771027,320000
0.1980287417180216,2.139042323405362,0.11963306362920707,1.1678668310881546,0,1,0,0,0,0,0,0,0,0,0,0,0,1,0,0,0,0,0,1,0,0,0,0,0,0,0,0,0,0,0,0,0,0,0,0,0,0,0,1,0,0,0,13.353476685668044,630000
0.1980287417180216,0.09644111792455802,-0.08719325728222291,0.012564298104070972,0,1,0,0,0,0,0,0,0,0,0,0,0,1,0,0,0,0,0,0,0,0,0,1,0,0,0,0,0,0,0,0,0,0,0,0,0,0,0,1,0,1,0,12.765691290604371,350000
-1.383683877512786,-1.946160087556246,-0.20972069858046344,1.1678668310881546,0,1,0,0,0,0,0,0,0,0,0,0,1,0,0,0,0,0,0,0,0,0,0,0,0,0,0,0,0,0,0,0,1,0,0,0,0,0,0,0,1,0,0,12.19602736016897,198000
1.779741360948829,0.09644111792455802,0.14315833235846925,1.1678668310881546,0,1,0,0,0,0,0,0,0,0,0,0,0,1,0,0,0,0,0,0,0,0,0,0,0,0,0,0,0,1,0,0,0,0,0,0,0,0,0,1,0,0,0,13.301347705172173,598000
0.1980287417180216,0.09644111792455802,0.03778473284198241,1.1678668310881546,0,1,0,0,0,0,0,0,0,0,0,0,0,1,0,0,0,0,0,1,0,0,0,0,0,0,0,0,0,0,0,0,0,0,0,0,0,0,0,1,1,0,0,13.25339339419516,570000
-2.9653964967435935,0.09644111792455802,-0.2626525532213033,0.012564298104070972,0,0,0,0,0,1,0,0,0,1,0,0,0,0,0,0,0,0,0,0,0,0,0,0,0,0,0,0,0,1,0,0,0,0,0,0,0,0,0,1,0,1,0,13.017005083966255,450000
0.1980287417180216,0.09644111792455802,0.04807703791103461,-1.1427382348800126,0,0,0,0,0,0,0,0,0,0,0,0,0,1,0,0,0,0,0,0,0,0,0,0,0,0,0,0,0,1,0,0,0,0,0,0,0,0,0,1,0,0,0,12.847929163278053,380000
-1.383683877512786,0.09644111792455802,-0.1362042338015191,-1.1427382348800126,0,0,0,1,0,0,0,0,0,0,0,0,0,0,1,0,0,0,0,0,0,0,0,0,0,0,0,0,0,1,0,0,0,0,0,0,0,0,0,0,0,0,1,12.506180941677357,270000
0.1980287417180216,0.09644111792455802,-0.019067999920401188,-1.1427382348800126,0,0,0,0,0,0,0,0,0,0,0,0,0,0,0,0,0,1,0,0,0,0,0,0,0,0,0,0,0,1,0,0,0,0,0,0,0,0,0,1,0,0,1,12.721888795877375,335000
0.1980287417180216,0.09644111792455802,0.08532538006569973,0.012564298104070972,0,0,0,0,0,0,0,0,1,0,0,0,0,0,0,0,0,0,0,0,0,0,0,0,0,0,0,0,0,1,0,0,0,0,0,0,0,0,0,1,1,0,0,12.611541086966115,300000
-1.383683877512786,-1.946160087556246,-0.23128552824895376,-1.1427382348800126,1,0,0,1,0,0,0,0,1,0,0,0,0,0,0,0,0,0,0,0,0,0,0,0,0,1,0,0,0,0,0,0,0,0,0,0,0,0,0,1,0,0,0,11.277215789596893,79000
-1.383683877512786,0.09644111792455802,-0.020538329215980075,1.1678668310881546,0,1,0,0,0,0,0,0,0,0,0,0,0,1,0,0,0,0,0,1,0,0,0,0,0,0,0,0,0,0,0,0,0,0,0,0,0,0,0,1,0,0,1,13.22672519452875,555000
0.1980287417180216,0.09644111792455802,-0.020538329215980075,2.323169364072238,0,1,0,0,0,0,0,0,0,0,0,0,0,1,0,0,0,0,0,1,0,0,0,0,0,0,0,0,0,0,0,0,0,0,0,0,0,0,0,1,0,0,1,13.118357364036902,498000
0.1980287417180216,0.09644111792455802,0.0534682453281572,1.1678668310881546,0,1,0,0,0,0,0,0,0,0,0,0,0,1,0,0,0,0,0,1,0,0,0,0,0,0,0,0,0,0,0,0,0,0,0,0,0,0,0,1,0,0,1,13.301347705172173,598000
0.1980287417180216,0.09644111792455802,-0.020538329215980075,1.1678668310881546,0,1,0,0,0,0,0,0,0,0,0,0,0,1,0,0,0,0,0,1,0,0,0,0,0,0,0,0,0,0,0,0,0,0,0,0,0,0,0,1,1,0,0,13.180634172318978,530000
-1.383683877512786,0.09644111792455802,-0.03818228076292671,0.012564298104070972,0,1,0,0,0,0,0,0,0,0,0,0,0,1,0,0,0,0,0,0,0,0,1,0,0,0,0,0,0,0,0,0,0,0,0,0,0,0,0,1,0,0,1,12.81584093453868,368000
-1.383683877512786,0.09644111792455802,-0.11218885530706398,-1.1427382348800126,1,0,0,0,0,1,0,0,1,0,0,0,0,0,0,0,0,0,0,0,0,0,0,0,0,1,0,0,0,0,0,0,0,0,0,0,0,0,0,1,0,1,0,12.81584093453868,368000
1.779741360948829,0.09644111792455802,0.0598396722756657,1.1678668310881546,0,1,0,0,0,0,0,0,0,0,0,0,1,0,0,0,0,0,0,0,0,0,0,0,0,0,0,0,0,0,0,0,1,0,0,0,0,0,0,1,0,1,0,12.919024904363686,408000
0.1980287417180216,0.09644111792455802,-0.030340524519839315,1.1678668310881546,1,0,0,0,0,0,0,0,1,0,0,0,0,0,0,0,0,0,0,0,0,0,0,0,0,1,0,0,0,0,0,0,0,0,0,0,0,0,0,1,0,0,1,12.84265212010087,378000
0.1980287417180216,0.09644111792455802,0.07944406288338418,1.1678668310881546,0,1,0,0,0,0,0,0,0,0,0,0,0,1,0,0,0,0,0,0,0,0,0,0,0,0,0,0,0,1,0,0,0,0,0,0,0,0,0,1,0,1,0,12.821260987319457,370000
0.1980287417180216,0.09644111792455802,-0.03818228076292671,0.012564298104070972,0,0,0,0,0,0,0,0,0,1,0,0,0,0,0,0,0,0,0,0,0,0,0,0,0,0,0,0,0,0,0,0,0,0,0,1,0,0,0,1,1,0,0,12.59473402514672,295000
0.1980287417180216,0.09644111792455802,-0.12640203849765988,0.012564298104070972,0,0,0,0,0,0,0,0,0,0,0,0,0,1,0,0,0,0,0,0,0,0,0,0,0,0,0,0,0,1,0,0,0,0,0,0,0,0,0,1,0,1,0,12.206077645517674,200000
-1.383683877512786,-1.946160087556246,-0.20972069858046344,1.1678668310881546,0,1,0,0,0,0,0,0,0,0,0,0,1,0,0,0,0,0,0,0,0,0,0,0,0,0,0,0,0,0,0,0,1,0,0,0,0,0,0,0,1,0,0,12.19602736016897,198000
1.779741360948829,2.139042323405362,0.14805943001039887,2.323169364072238,0,1,0,0,0,0,0,0,0,0,0,0,1,0,0,0,0,0,0,0,0,0,0,0,0,0,0,0,0,1,0,0,0,0,0,0,0,0,0,1,0,0,1,13.270785106659046,580000
0.1980287417180216,2.139042323405362,0.23774951704071093,0.012564298104070972,1,1,0,0,0,0,0,0,0,0,0,0,0,0,0,0,0,1,0,0,0,0,0,0,0,0,0,0,0,0,1,0,0,0,0,0,0,0,0,0,0,1,0,13.47302165746721,710000
1.779741360948829,0.09644111792455802,0.14315833235846925,1.1678668310881546,0,1,0,0,0,0,0,0,0,0,0,0,0,1,0,0,0,0,0,0,0,0,0,0,0,0,0,0,0,1,0,0,0,0,0,0,0,0,0,1,0,0,0,13.301347705172173,598000
0.1980287417180216,0.09644111792455802,-0.07248996432643405,0.012564298104070972,1,0,0,0,0,0,0,0,0,1,0,0,0,0,0,0,0,0,0,0,0,1,0,0,0,0,0,0,0,0,0,0,0,0,0,0,0,0,0,0,0,0,1,12.73670383776449,340000
0.1980287417180216,0.09644111792455802,-0.06268776902257481,1.1678668310881546,0,1,0,0,0,0,0,0,0,1,0,0,0,0,0,0,0,0,0,0,0,1,0,0,0,0,0,0,0,0,0,0,0,0,0,0,0,0,0,1,0,1,0,13.102162710901053,490000
0.1980287417180216,0.09644111792455802,-0.1362042338015191,0.012564298104070972,0,0,0,0,0,0,0,0,0,0,0,0,0,1,0,0,0,0,0,1,0,0,0,0,0,0,0,0,0,0,0,0,0,0,0,0,0,0,0,1,0,0,0,12.765691290604371,350000
0.1980287417180216,0.09644111792455802,-0.1362042338015191,-1.1427382348800126,0,0,0,0,0,0,0,0,0,0,0,0,0,1,0,0,0,0,0,1,0,0,0,0,0,0,0,0,0,0,0,0,0,0,0,0,0,0,0,1,0,0,0,12.793862088206213,360000
0.1980287417180216,0.09644111792455802,-0.1362042338015191,0.012564298104070972,0,0,0,0,0,0,0,0,0,0,0,0,0,1,0,0,0,0,0,1,0,0,0,0,0,0,0,0,0,0,0,0,0,0,0,0,0,0,0,1,0,0,0,12.706850963741102,330000
-2.9653964967435935,-1.946160087556246,-0.20972069858046344,-1.1427382348800126,1,0,0,0,0,0,0,0,1,0,0,0,0,0,0,0,0,0,0,0,0,0,0,0,0,0,0,0,0,1,0,0,0,0,0,0,0,0,0,1,0,0,1,12.429220196836383,250000
1.779741360948829,2.139042323405362,0.20932315065951912,0.012564298104070972,0,1,0,0,0,0,0,0,0,0,0,0,0,0,0,0,0,1,0,0,0,0,0,0,0,0,0,0,0,0,0,1,0,0,0,0,0,0,0,1,0,1,0,12.847929163278053,380000
0.1980287417180216,0.09644111792455802,-0.08719325728222291,1.1678668310881546,0,1,0,0,0,0,0,0,0,0,0,0,0,1,0,0,0,0,0,0,0,0,0,0,0,0,0,0,0,1,0,0,0,0,0,0,0,0,0,1,1,0,0,13.161586013632684,520000
0.1980287417180216,0.09644111792455802,0.04268583049391203,1.1678668310881546,1,0,0,0,0,1,0,0,0,0,0,0,0,0,0,0,0,1,0,0,0,0,0,0,0,0,0,0,0,0,0,0,0,0,1,0,0,0,0,1,0,0,1,12.899222326086994,400000
0.1980287417180216,0.09644111792455802,0.009848476225983574,0.012564298104070972,1,1,0,0,0,0,0,0,0,0,0,0,0,0,0,0,0,1,1,0,0,0,0,0,0,0,0,0,0,0,0,0,0,0,0,0,0,0,0,0,0,1,0,12.765691290604371,350000
0.1980287417180216,0.09644111792455802,0.07993417264857715,-1.1427382348800126,1,0,0,0,0,0,0,0,1,0,0,0,0,0,0,0,0,0,0,0,0,0,0,0,0,0,0,0,0,1,0,0,0,0,0,0,0,0,0,1,0,0,1,12.899222326086994,400000
0.1980287417180216,0.09644111792455802,0.1269847101071015,3.4784718970563215,0,0,0,0,0,1,0,0,0,0,0,0,0,0,0,0,0,1,0,0,0,0,0,0,0,0,0,0,0,0,0,0,0,0,0,0,1,0,0,1,1,0,0,13.190023895035274,535000
0.1980287417180216,0.09644111792455802,-0.028380085459067467,0.012564298104070972,1,1,0,0,0,0,0,0,0,1,0,0,0,0,0,0,0,0,0,0,0,1,0,0,0,0,0,0,0,0,0,0,0,0,0,0,0,0,0,0,0,0,1,12.73670383776449,340000
0.1980287417180216,0.09644111792455802,0.11963306362920707,1.1678668310881546,0,0,0,0,0,0,0,0,0,0,0,0,0,0,0,0,0,1,0,0,0,1,0,0,0,0,0,0,0,0,0,0,0,0,0,0,0,0,0,1,0,1,0,12.873904582205107,390000
-1.383683877512786,0.09644111792455802,0.1441385518888552,1.1678668310881546,1,1,0,0,0,0,0,0,0,0,1,0,0,0,0,0,0,0,0,0,0,0,0,0,0,0,0,0,0,1,0,0,0,0,0,0,0,0,0,1,0,0,1,11.982935344196433,160000
-1.383683877512786,0.09644111792455802,0.07503307499664753,1.1678668310881546,0,1,0,0,0,0,0,0,0,1,0,0,0,0,0,0,0,0,0,0,0,0,0,0,0,0,0,0,0,1,0,0,0,0,0,0,0,0,0,1,0,0,1,12.706850963741102,330000
-2.9653964967435935,-1.946160087556246,-0.15237785605288687,0.012564298104070972,1,0,0,0,0,1,0,0,0,1,0,0,0,0,0,0,0,0,0,0,0,0,0,0,0,0,0,0,0,0,0,0,0,0,0,1,0,0,0,1,1,0,0,12.577639650232573,290000
0.1980287417180216,0.09644111792455802,-0.04651414677120706,0.012564298104070972,0,1,0,0,0,0,0,0,0,0,0,0,0,1,0,0,0,0,0,0,0,0,0,0,0,0,0,0,0,1,0,0,0,0,0,0,0,0,0,1,1,0,0,12.498745990829315,268000
-1.383683877512786,0.09644111792455802,-0.09699545258608215,1.1678668310881546,0,0,0,0,0,0,0,0,0,0,0,0,0,1,0,0,0,0,0,0,0,0,0,0,0,0,0,0,0,1,0,0,0,0,0,0,0,0,0,1,1,0,0,12.388398368982115,240000
1.779741360948829,2.139042323405362,0.4965274730625949,1.1678668310881546,1,1,0,0,0,0,0,0,0,1,0,0,0,0,0,0,0,0,0,0,0,0,0,0,0,0,0,0,0,1,0,0,0,0,0,0,0,0,0,1,1,0,0,13.444448325847754,690000
0.1980287417180216,0.09644111792455802,-0.06856908620489036,0.012564298104070972,0,1,0,0,0,0,0,0,0,0,0,0,0,1,0,0,0,0,0,1,0,0,0,0,0,0,0,0,0,0,0,0,0,0,0,0,0,0,0,1,0,0,0,12.779875885354993,355000
0.1980287417180216,0.09644111792455802,-0.06856908620489036,1.1678668310881546,0,1,0,0,0,0,0,0,0,0,0,0,0,1,0,0,0,0,0,1,0,0,0,0,0,0,0,0,0,0,0,0,0,0,0,0,0,0,0,1,0,0,0,12.861001210669146,385000
0.1980287417180216,0.09644111792455802,-0.06856908620489036,0.012564298104070972,0,1,0,0,0,0,0,0,0,0,0,0,0,1,0,0,0,0,0,1,0,0,0,0,0,0,0,0,0,0,0,0,0,0,0,0,0,0,0,1,0,0,0,12.847929163278053,380000
0.1980287417180216,0.09644111792455802,-0.06856908620489036,-1.1427382348800126,0,1,0,0,0,0,0,0,0,0,0,0,0,1,0,0,0,0,0,1,0,0,0,0,0,0,0,0,0,0,0,0,0,0,0,0,0,0,0,1,0,0,0,12.847929163278053,380000
1.779741360948829,2.139042323405362,0.15786162531425812,1.1678668310881546,0,1,0,0,0,0,0,0,0,0,0,0,0,0,1,0,0,0,0,0,0,0,0,0,0,0,0,0,0,1,0,0,0,0,0,0,0,0,0,1,0,0,1,12.608202196848836,299000
1.779741360948829,0.09644111792455802,0.17403524756562586,1.1678668310881546,1,1,0,0,0,0,0,0,0,1,0,0,0,0,0,0,0,0,0,0,0,0,0,0,0,0,0,0,0,0,0,0,0,0,0,1,0,0,0,1,0,0,0,13.038983942375959,460000
-1.383683877512786,0.09644111792455802,-0.11169874554187102,0.012564298104070972,0,0,0,0,0,1,0,0,0,0,0,0,0,1,0,0,0,0,0,0,0,0,0,0,0,0,0,0,0,1,0,0,0,0,0,0,0,0,0,1,0,0,1,12.899222326086994,400000
0.1980287417180216,0.09644111792455802,-0.1362042338015191,0.012564298104070972,0,1,0,0,0,0,0,0,0,0,0,0,0,1,0,0,0,0,0,0,0,0,0,1,0,0,0,0,0,0,0,0,0,0,0,0,0,0,0,1,0,0,1,12.847929163278053,380000
1.779741360948829,0.09644111792455802,0.0598396722756657,1.1678668310881546,0,1,0,0,0,0,0,0,0,0,0,0,0,0,1,0,0,0,0,0,0,0,0,0,0,0,0,0,0,1,0,0,0,0,0,0,0,0,0,1,0,0,1,12.608202196848836,299000
-1.383683877512786,-1.946160087556246,-0.07494051315239886,1.1678668310881546,1,1,0,0,0,0,0,0,1,0,0,0,0,0,0,0,0,0,0,0,0,0,0,0,0,0,0,0,0,1,0,0,0,0,0,0,0,0,0,1,0,0,1,12.706850963741102,330000
0.1980287417180216,0.09644111792455802,-0.014166902268471566,1.1678668310881546,0,0,0,0,0,0,0,0,0,0,0,0,0,0,0,0,0,1,0,0,0,0,0,0,0,0,0,0,0,1,0,0,0,0,0,0,0,0,0,1,0,0,1,12.487488878546145,265000
0.1980287417180216,0.09644111792455802,0.37449014152954735,1.1678668310881546,0,1,0,0,0,0,0,0,0,0,0,0,0,0,0,0,0,1,0,0,0,0,0,0,0,0,0,0,0,1,0,0,0,0,0,0,0,0,0,1,0,0,1,13.087774003025942,483000
0.1980287417180216,0.09644111792455802,-0.06268776902257481,-1.1427382348800126,1,0,0,0,0,0,0,0,0,0,0,0,0,0,0,0,0,1,0,0,0,0,0,0,0,0,0,0,0,1,0,0,0,0,0,0,0,0,0,1,0,0,1,12.409017571151187,245000
1.779741360948829,2.139042323405362,0.2446110537534124,1.1678668310881546,0,1,0,0,0,0,0,0,0,0,0,0,0,0,0,0,0,1,0,0,0,1,0,0,0,0,0,0,0,0,0,0,0,0,0,0,0,0,0,1,0,0,0,13.012550743537489,448000
1.779741360948829,2.139042323405362,0.15786162531425812,1.1678668310881546,0,1,0,0,0,0,0,0,0,0,0,0,0,0,1,0,0,0,0,0,0,0,0,0,0,0,0,0,0,1,0,0,0,0,0,0,0,0,0,1,0,0,1,12.611541086966115,300000
0.1980287417180216,0.09644111792455802,-0.11512951389822175,-1.1427382348800126,1,0,0,0,0,0,0,0,0,0,1,0,0,0,0,0,0,0,0,0,0,0,0,0,0,0,0,0,0,1,0,0,0,0,0,0,0,0,0,1,1,0,0,11.350418300109132,85000
0.1980287417180216,0.09644111792455802,-0.11169874554187102,1.1678668310881546,0,0,0,0,0,0,0,0,0,0,0,0,0,0,0,0,0,1,0,0,0,0,0,0,0,0,0,0,0,0,0,0,0,0,0,0,1,0,0,1,1,0,0,12.577639650232573,290000
0.1980287417180216,0.09644111792455802,0.010828695756369498,0.012564298104070972,0,1,0,0,0,0,0,0,0,0,0,0,0,1,0,0,0,0,0,0,0,0,0,0,0,0,0,0,0,1,0,0,0,0,0,0,0,0,0,1,0,1,0,13.038983942375959,460000
0.1980287417180216,0.09644111792455802,-0.1788437833733068,0.012564298104070972,1,0,0,1,0,0,0,0,1,0,0,0,0,0,0,0,0,0,0,0,0,0,0,0,0,0,0,0,0,1,0,0,0,0,0,0,0,0,0,1,0,0,1,11.502885230075814,99000
1.779741360948829,0.09644111792455802,0.0598396722756657,1.1678668310881546,0,1,0,0,0,0,0,0,0,0,0,0,0,0,0,0,0,1,0,0,0,0,0,0,0,0,0,0,0,1,0,0,0,0,0,0,0,0,0,1,0,0,1,12.608202196848836,299000
0.1980287417180216,0.09644111792455802,-0.08719325728222291,0.012564298104070972,1,0,0,0,0,0,0,0,1,0,0,0,0,0,0,0,0,0,0,0,0,0,0,0,0,0,0,0,0,1,0,0,0,0,0,0,0,0,0,1,0,0,1,11.835016210489899,138000
0.1980287417180216,0.09644111792455802,-0.1607097220611672,-1.1427382348800126,1,0,0,0,0,0,0,0,0,0,0,0,1,0,0,0,0,0,0,0,0,0,0,0,0,0,0,0,0,1,0,0,0,0,0,0,0,0,0,0,1,0,0,12.100717685412471,180000
1.779741360948829,2.139042323405362,0.15786162531425812,1.1678668310881546,0,1,0,0,0,0,0,0,0,0,0,0,0,0,0,0,0,1,0,0,0,0,0,0,0,0,0,0,0,1,0,0,0,0,0,0,0,0,0,1,0,0,1,12.608202196848836,299000
0.1980287417180216,0.09644111792455802,-0.06268776902257481,0.012564298104070972,1,0,0,0,0,0,0,0,0,0,0,0,0,0,0,0,0,1,0,0,0,0,0,0,0,0,0,0,0,0,0,0,0,0,0,0,1,0,0,0,0,1,0,12.409017571151187,245000
0.1980287417180216,0.09644111792455802,-0.039652610058505594,0.012564298104070972,1,1,0,0,0,0,0,0,0,0,0,0,0,0,0,0,0,1,0,0,0,0,0,0,0,0,0,0,0,1,0,0,0,0,0,0,0,0,0,0,0,1,0,12.861001210669146,385000
1.779741360948829,2.139042323405362,0.1799165647479414,1.1678668310881546,1,1,0,0,0,0,0,0,0,0,0,0,0,0,0,0,0,1,0,0,0,0,0,0,0,0,0,0,0,1,0,0,0,0,0,0,0,0,0,1,1,0,0,13.361381852676738,635000
0.1980287417180216,2.139042323405362,0.05542868438892905,0.012564298104070972,0,1,0,0,0,0,0,0,0,0,0,0,0,1,0,0,0,0,0,1,0,0,0,0,0,0,0,0,0,0,0,0,0,0,0,0,0,0,0,1,0,0,0,13.180634172318978,530000
0.1980287417180216,2.139042323405362,0.1505099788363637,0.012564298104070972,0,1,0,0,0,0,0,0,0,0,0,0,0,1,0,0,0,0,0,1,0,0,0,0,0,0,0,0,0,0,0,0,0,0,0,0,0,0,0,1,0,0,0,13.304686600863562,600000
0.1980287417180216,0.09644111792455802,-0.044553707710435216,1.1678668310881546,0,1,0,0,0,0,0,0,0,0,0,0,0,1,0,0,0,0,0,1,0,0,0,0,0,0,0,0,0,0,0,0,0,0,0,0,0,0,0,1,0,0,0,13.112315061750808,495000
0.1980287417180216,0.09644111792455802,-0.044553707710435216,0.012564298104070972,0,1,0,0,0,0,0,0,0,0,0,0,0,1,0,0,0,0,0,1,0,0,0,0,0,0,0,0,0,0,0,0,0,0,0,0,0,0,0,1,0,0,0,13.017005083966255,450000
0.1980287417180216,0.09644111792455802,0.015239683643106157,1.1678668310881546,1,1,0,0,0,0,0,0,0,0,0,0,0,0,0,1,0,0,0,0,0,0,0,0,0,0,0,0,0,1,0,0,0,0,0,0,0,0,0,1,0,0,1,13.017005083966255,450000
1.779741360948829,2.139042323405362,0.2803890666124986,1.1678668310881546,0,1,0,0,0,0,0,0,0,1,0,0,0,0,0,0,0,0,0,0,0,1,0,0,0,0,0,0,0,0,0,0,0,0,0,0,0,0,0,1,0,0,0,13.564483088506746,778000
0.1980287417180216,0.09644111792455802,0.12208361245517188,1.1678668310881546,0,0,0,0,0,1,0,0,0,1,0,0,0,0,0,0,0,0,0,0,0,0,0,0,0,0,0,0,0,1,0,0,0,0,0,0,0,0,0,1,0,0,1,13.617060838751888,820000
1.779741360948829,2.139042323405362,0.15786162531425812,1.1678668310881546,0,1,0,0,0,0,0,0,0,0,0,0,0,0,0,0,0,1,0,0,0,0,0,0,0,0,0,0,0,1,0,0,0,0,0,0,0,0,0,1,0,0,1,12.608202196848836,299000
0.1980287417180216,0.09644111792455802,0.1505099788363637,0.012564298104070972,1,1,0,0,0,0,0,0,0,0,0,0,0,0,0,0,0,1,1,0,0,0,0,0,0,0,0,0,0,0,0,0,0,0,0,0,0,0,0,1,0,1,0,13.056225711649638,468000
1.779741360948829,2.139042323405362,0.10983086832534783,1.1678668310881546,0,1,0,0,0,0,0,0,0,0,0,0,0,0,1,0,0,0,0,0,0,0,0,0,0,0,0,0,0,1,0,0,0,0,0,0,0,0,0,1,0,1,0,13.384729180332174,650000
0.1980287417180216,0.09644111792455802,0.0598396722756657,0.012564298104070972,1,1,0,0,0,0,0,0,0,1,0,0,0,0,0,0,0,0,0,0,0,1,0,0,0,0,0,0,0,0,0,0,0,0,0,0,0,0,0,1,1,0,0,12.923914877701906,410000
0.1980287417180216,0.09644111792455802,0.0598396722756657,0.012564298104070972,1,1,0,0,0,0,0,0,0,1,0,0,0,0,0,0,0,0,0,0,0,1,0,0,0,0,0,0,0,0,0,0,0,0,0,0,0,0,0,1,0,0,0,12.73670383776449,340000
-1.383683877512786,0.09644111792455802,0.1632528327313807,1.1678668310881546,0,1,0,0,0,0,0,0,0,1,0,0,0,0,0,0,0,0,0,0,0,0,0,0,0,0,0,0,0,1,0,0,0,0,0,0,0,0,0,1,0,0,1,12.765691290604371,350000
-1.383683877512786,-1.946160087556246,-0.24402838214397077,-1.1427382348800126,0,0,0,1,0,0,0,0,0,0,0,0,0,0,0,0,0,1,0,0,0,0,0,0,0,0,1,0,0,0,0,0,0,0,0,0,0,0,0,1,0,1,0,11.695255355062795,120000
0.1980287417180216,0.09644111792455802,-0.06856908620489036,1.1678668310881546,0,1,0,0,0,0,0,0,0,0,0,0,0,1,0,0,0,0,0,1,0,0,0,0,0,0,0,0,0,0,0,0,0,0,0,0,0,0,0,1,0,0,0,12.847929163278053,380000
-1.383683877512786,0.09644111792455802,0.007888037165211725,0.012564298104070972,0,1,0,0,0,0,0,0,0,1,0,0,0,0,0,0,0,0,0,0,0,0,0,0,0,0,0,0,0,1,0,0,0,0,0,0,0,0,0,1,0,1,0,13.017005083966255,450000
0.1980287417180216,0.09644111792455802,-0.12640203849765988,0.012564298104070972,1,0,0,0,0,0,0,0,0,0,0,0,0,1,0,0,0,0,0,1,0,0,0,0,0,0,0,0,0,0,0,0,0,0,0,0,0,0,0,1,0,0,0,12.388398368982115,240000
0.1980287417180216,0.09644111792455802,-0.12640203849765988,0.012564298104070972,1,0,0,0,0,0,0,0,0,0,0,0,0,1,0,0,0,0,0,1,0,0,0,0,0,0,0,0,0,0,0,0,0,0,0,0,0,0,0,1,0,0,0,12.429220196836383,250000
3.3614539801796366,6.2242447343669705,0.7043340135044108,-1.1427382348800126,1,1,0,0,0,0,0,0,0,0,0,0,0,0,0,0,0,1,0,0,0,0,0,0,0,0,0,0,0,0,0,1,0,0,0,0,0,0,0,1,0,0,1,13.573440270649085,785000
1.779741360948829,0.09644111792455802,0.11522207574247041,0.012564298104070972,0,1,0,0,0,0,0,0,1,0,0,0,0,0,0,0,0,0,0,0,0,0,0,0,0,1,0,0,0,0,0,0,0,0,0,0,0,0,0,1,1,0,0,12.73670383776449,340000
0.1980287417180216,0.09644111792455802,0.09316713630878712,1.1678668310881546,0,1,0,0,0,0,0,0,0,1,0,0,0,0,0,0,0,0,0,0,0,0,0,0,0,0,0,0,0,1,0,0,0,0,0,0,0,0,0,1,0,0,1,13.426904041847699,678000
0.1980287417180216,0.09644111792455802,-0.1362042338015191,-1.1427382348800126,0,0,0,1,0,0,0,0,0,0,0,0,0,1,0,0,0,0,0,1,0,0,0,0,0,0,0,0,0,0,0,0,0,0,0,0,0,0,0,1,0,0,0,11.813037464800539,135000
0.1980287417180216,2.139042323405362,-0.0783712815087496,-1.1427382348800126,1,0,0,1,0,0,0,0,0,0,1,0,0,0,0,0,0,0,0,0,0,0,0,0,0,0,0,0,0,1,0,0,0,0,0,0,0,0,0,1,0,0,0,12.031725210748633,168000
0.1980287417180216,0.09644111792455802,0.14462866165404814,1.1678668310881546,0,1,0,0,0,0,0,0,0,0,0,0,0,1,0,0,0,0,0,0,0,0,0,0,0,0,0,0,0,1,0,0,0,0,0,0,0,0,0,1,0,0,0,13.102162710901053,490000
1.779741360948829,0.09644111792455802,0.11179130738611968,0.012564298104070972,1,1,0,0,0,0,0,0,0,1,0,0,0,0,0,0,0,0,0,0,0,0,0,0,0,0,0,0,0,1,0,0,0,0,0,0,0,0,0,0,0,0,1,12.899222326086994,400000
0.1980287417180216,2.139042323405362,0.12110339292478596,0.012564298104070972,0,1,0,0,0,0,0,0,1,0,0,0,0,0,0,0,0,0,0,0,0,0,0,0,0,1,0,0,0,0,0,0,0,0,0,0,0,0,0,1,0,0,1,13.3374763699232,620000
0.1980287417180216,0.09644111792455802,-0.1607097220611672,-1.1427382348800126,0,0,0,0,0,0,0,0,0,0,0,0,0,0,0,0,0,1,0,0,0,0,0,0,0,0,0,0,0,1,0,0,0,0,0,0,0,0,0,1,1,0,0,11.918397239722838,150000
0.1980287417180216,0.09644111792455802,-0.15727895370481648,-1.1427382348800126,0,0,0,0,0,0,0,0,0,0,0,0,0,0,0,0,0,1,0,0,0,0,0,0,0,0,0,0,0,1,0,0,0,0,0,0,0,0,0,1,0,0,1,11.951186847493476,155000
0.1980287417180216,0.09644111792455802,-0.11169874554187102,-1.1427382348800126,0,0,0,0,0,0,0,0,0,0,0,0,0,0,0,0,0,1,0,0,0,0,0,0,0,0,0,0,0,1,0,0,0,0,0,0,0,0,0,1,0,1,0,12.779875885354993,355000
0.1980287417180216,0.09644111792455802,-0.015147121798857492,-1.1427382348800126,0,1,0,0,0,0,0,0,0,0,0,0,0,0,0,0,0,1,0,0,0,0,0,0,0,0,0,0,0,0,0,0,0,0,1,0,0,0,0,0,0,0,1,12.604852121186608,298000
0.1980287417180216,0.09644111792455802,-0.08719325728222291,1.1678668310881546,0,1,0,0,0,0,0,0,0,0,0,0,0,1,0,0,0,0,0,0,1,0,0,0,0,0,0,0,0,0,0,0,0,0,0,0,0,0,0,1,0,0,0,13.3374763699232,620000
-2.9653964967435935,-1.946160087556246,-0.23422618684011154,1.1678668310881546,0,0,0,0,0,1,0,0,0,0,0,0,0,0,0,0,0,1,0,0,0,0,0,0,0,0,0,0,0,1,0,0,0,0,0,0,0,0,0,1,1,0,0,12.637858308703688,308000
0.1980287417180216,0.09644111792455802,-0.04651414677120706,0.012564298104070972,0,0,0,0,0,0,0,0,0,0,0,0,0,0,0,0,0,1,0,0,0,0,0,0,0,0,0,0,0,0,1,0,0,0,0,0,0,0,0,1,0,0,1,12.765688433465597,349999
0.1980287417180216,0.09644111792455802,-0.01024602414692787,-1.1427382348800126,0,0,0,0,0,0,0,0,0,0,0,0,0,0,0,0,0,1,0,0,0,0,0,0,0,0,1,0,0,0,0,0,0,0,0,0,0,0,0,1,0,0,1,12.264346270624157,212000
0.1980287417180216,0.09644111792455802,0.03631440354640352,1.1678668310881546,0,1,0,0,0,0,0,0,0,0,0,0,0,0,0,0,0,1,0,0,0,0,0,0,0,0,1,0,0,0,0,0,0,0,0,0,0,0,0,1,0,0,1,12.886643575525625,395000
0.1980287417180216,0.09644111792455802,-0.07248996432643405,0.012564298104070972,1,1,0,0,0,0,0,0,0,0,0,0,0,0,0,0,0,1,0,0,0,0,0,0,0,0,0,0,0,0,0,0,0,0,1,0,0,0,0,1,0,0,1,12.468440756144114,260000
0.1980287417180216,0.09644111792455802,-0.07248996432643405,0.012564298104070972,1,1,0,0,0,0,0,0,0,0,0,0,0,0,0,0,0,1,0,0,0,0,0,0,0,0,0,0,0,0,0,0,0,0,1,0,0,0,0,1,0,0,1,12.570719231334277,288000
1.779741360948829,0.09644111792455802,-0.05582623230987334,0.012564298104070972,1,0,0,0,0,0,0,0,0,0,0,0,0,0,0,0,0,1,0,0,0,0,0,0,0,0,0,0,0,0,0,0,0,0,1,0,0,0,0,1,0,1,0,12.560247968016562,285000
0.1980287417180216,0.09644111792455802,-0.1067976478899414,-1.1427382348800126,0,0,0,0,0,0,0,0,0,1,0,0,0,0,0,0,0,0,0,0,0,0,0,0,0,0,0,0,0,1,0,0,0,0,0,0,0,0,0,1,0,1,0,12.380030154325457,238000
1.779741360948829,0.09644111792455802,-0.06562842761373258,0.012564298104070972,1,0,0,0,0,0,0,0,0,0,0,0,0,0,0,0,0,1,0,0,0,0,0,0,0,0,0,0,0,1,0,0,0,0,0,0,0,0,0,0,0,0,1,12.34148164933907,229000
0.1980287417180216,0.09644111792455802,-0.08719325728222291,1.1678668310881546,0,1,0,0,0,0,0,0,0,0,0,0,0,1,0,0,0,0,0,0,1,0,0,0,0,0,0,0,0,0,0,0,0,0,0,0,0,0,0,1,0,0,0,13.340696979437066,622000
0.1980287417180216,0.09644111792455802,-0.051905354188329644,0.012564298104070972,0,1,0,0,0,0,0,0,0,0,0,0,0,0,0,0,0,0,0,0,0,0,0,0,0,0,0,0,0,0,0,0,0,0,0,0,0,0,0,1,0,0,0,13.399996629152975,660000
-1.383683877512786,-1.946160087556246,-0.1607097220611672,-1.1427382348800126,0,0,0,1,0,0,0,0,0,0,0,0,0,1,0,0,0,0,0,0,0,0,0,0,0,0,0,0,0,1,0,0,0,0,0,0,0,0,0,1,0,0,1,12.013706813470414,165000
0.1980287417180216,0.09644111792455802,-0.011226243677313794,0.012564298104070972,1,1,0,0,0,0,0,0,0,0,0,0,0,0,0,1,0,0,0,0,0,0,0,0,0,0,0,0,0,1,0,0,0,0,0,0,0,0,0,1,0,0,1,13.270785106659046,580000
0.1980287417180216,0.09644111792455802,0.03190341565966687,0.012564298104070972,0,1,0,0,0,0,0,0,0,0,0,0,0,0,1,0,0,0,0,0,0,0,0,0,0,0,0,0,0,1,0,0,0,0,0,0,0,0,0,1,1,0,0,12.971542813248437,430000
-2.9653964967435935,-1.946160087556246,-0.1288525873236247,-1.1427382348800126,0,0,0,0,0,0,0,0,1,0,0,0,0,0,0,0,0,0,0,0,0,0,0,0,0,0,0,0,0,1,0,0,0,0,0,0,0,0,0,1,0,0,1,12.59473402514672,295000
0.1980287417180216,0.09644111792455802,-0.07248996432643405,1.1678668310881546,0,0,0,0,0,0,0,0,0,0,0,0,0,0,0,0,0,1,0,0,0,0,0,0,0,0,0,0,0,1,0,0,0,0,0,0,0,0,0,1,0,1,0,12.345838935721968,230000
0.1980287417180216,0.09644111792455802,-0.0822921596302933,-1.1427382348800126,0,0,0,0,0,0,0,0,0,0,0,0,0,0,0,0,0,1,0,0,0,0,0,0,0,0,0,0,0,1,0,0,0,0,0,0,0,0,0,1,0,0,1,12.201065128819632,199000
0.1980287417180216,0.09644111792455802,0.21177369948548394,1.1678668310881546,1,1,0,0,0,0,0,0,0,0,0,0,0,0,0,0,0,1,0,0,0,0,0,0,0,0,0,0,0,0,0,0,0,0,0,0,1,0,0,1,0,0,1,12.524530013005734,275000
0.1980287417180216,-1.946160087556246,-0.1362042338015191,0.012564298104070972,0,0,0,0,0,0,0,0,0,0,0,0,0,1,0,0,0,0,0,0,0,0,0,0,1,0,0,0,0,0,0,0,0,0,0,0,0,0,0,1,0,0,1,12.487488878546145,265000
0.1980287417180216,0.09644111792455802,-0.03818228076292671,1.1678668310881546,0,1,0,0,0,0,0,0,1,0,0,0,0,0,0,0,0,0,0,0,0,0,0,0,0,0,0,0,0,1,0,0,0,0,0,0,0,0,0,1,0,0,1,12.429220196836383,250000
0.1980287417180216,0.09644111792455802,-0.1362042338015191,-1.1427382348800126,0,0,0,0,0,0,0,0,0,0,0,0,0,0,0,0,0,1,0,0,0,0,0,0,0,0,0,0,0,1,0,0,0,0,0,0,0,0,0,1,0,1,0,11.608244735642321,110000
0.1980287417180216,0.09644111792455802,-0.1362042338015191,0.012564298104070972,0,0,0,0,0,0,0,0,0,0,0,0,0,1,0,0,0,0,0,1,0,0,0,0,0,0,0,0,0,0,0,0,0,0,0,0,0,0,0,1,0,0,0,12.75130259456002,345000
-1.383683877512786,0.09644111792455802,-0.1362042338015191,1.1678668310881546,0,0,0,0,0,0,0,0,0,0,0,0,0,1,0,0,0,0,0,1,0,0,0,0,0,0,0,0,0,0,0,0,0,0,0,0,0,0,0,1,0,0,0,12.765691290604371,350000
0.1980287417180216,0.09644111792455802,-0.1362042338015191,0.012564298104070972,0,0,0,0,0,0,0,0,0,0,0,0,0,1,0,0,0,0,0,1,0,0,0,0,0,0,0,0,0,0,0,0,0,0,0,0,0,0,0,1,0,0,0,12.669809806411457,318000
0.1980287417180216,0.09644111792455802,-0.11169874554187102,-1.1427382348800126,0,0,0,1,0,0,0,0,1,0,0,0,0,0,0,0,0,0,0,0,0,0,0,0,0,1,0,0,0,0,0,0,0,0,0,0,0,0,0,1,1,0,0,11.884495917930655,145000
0.1980287417180216,0.09644111792455802,-0.08719325728222291,0.012564298104070972,0,0,0,0,0,0,0,0,0,0,0,0,0,1,0,0,0,0,0,0,0,0,0,0,0,0,0,0,0,1,0,0,0,0,0,0,0,0,0,1,1,0,0,12.449022745701502,255000
0.1980287417180216,0.09644111792455802,-0.14600642910537837,0.012564298104070972,1,0,0,0,0,0,0,0,0,0,0,0,0,1,0,0,0,0,0,0,0,0,1,0,0,0,0,0,0,0,0,0,0,0,0,0,0,0,0,1,0,1,0,12.323860125621126,225000
0.1980287417180216,0.09644111792455802,-0.06268776902257481,1.1678668310881546,0,0,0,0,0,0,0,0,0,0,0,0,0,0,0,0,0,1,0,0,0,0,0,0,0,0,0,0,0,1,0,0,0,0,0,0,0,0,0,1,0,0,1,12.388398368982115,240000
-1.383683877512786,-1.946160087556246,-0.20972069858046344,-1.1427382348800126,0,1,0,0,0,0,0,0,0,0,0,0,0,1,0,0,0,0,0,0,1,0,0,0,0,0,0,0,0,0,0,0,0,0,0,0,0,0,0,1,0,0,0,13.217675375388819,550000
-1.383683877512786,-1.946160087556246,-0.1778635638429209,0.012564298104070972,0,1,0,0,0,0,0,0,0,0,0,0,0,1,0,0,0,0,0,0,1,0,0,0,0,0,0,0,0,0,0,0,0,0,0,0,0,0,0,1,0,0,0,13.217675375388819,550000
0.1980287417180216,0.09644111792455802,-0.051905354188329644,0.012564298104070972,0,1,0,0,0,0,0,0,0,0,0,0,0,1,0,0,0,0,0,0,1,0,0,0,0,0,0,0,0,0,0,0,0,0,0,0,0,0,0,1,0,0,0,13.296318365198623,595000
0.1980287417180216,0.09644111792455802,-0.013186682738085643,0.012564298104070972,0,0,0,0,0,1,0,0,0,0,0,0,0,0,0,0,0,1,0,0,0,0,0,0,0,0,0,0,0,1,0,0,0,0,0,0,0,0,0,1,0,0,1,13.005831808336863,445000
0.1980287417180216,0.09644111792455802,-0.1607097220611672,0.012564298104070972,1,0,0,0,0,0,0,0,0,0,0,0,0,0,0,0,0,1,0,0,0,0,0,0,0,0,0,0,0,0,1,0,0,0,0,0,0,0,0,1,0,0,1,12.043553716032399,169999
0.1980287417180216,0.09644111792455802,-0.08376248892587218,0.012564298104070972,1,1,0,0,0,0,0,0,0,0,0,0,0,0,0,0,0,1,0,0,0,0,0,0,0,0,0,0,0,1,0,0,0,0,0,0,0,0,0,1,0,0,1,12.628070334272698,305000
1.779741360948829,0.09644111792455802,0.010828695756369498,1.1678668310881546,0,1,0,0,0,0,0,0,0,0,0,0,1,0,0,0,0,0,0,0,0,0,0,0,0,0,0,0,0,0,0,0,1,0,0,0,0,0,0,1,0,0,1,12.899222326086994,400000
1.779741360948829,0.09644111792455802,0.17403524756562586,1.1678668310881546,0,1,0,0,0,0,0,0,0,0,0,0,0,1,0,0,0,0,0,0,0,0,0,0,0,0,0,0,0,1,0,0,0,0,0,0,0,0,0,1,0,0,0,12.971542813248437,430000
1.779741360948829,0.09644111792455802,-0.06268776902257481,-1.1427382348800126,1,0,0,0,0,0,0,0,1,0,0,0,0,0,0,0,0,0,0,0,0,0,0,0,0,1,0,0,0,0,0,0,0,0,0,0,0,0,0,0,0,1,0,12.367345048436391,235000
0.1980287417180216,2.139042323405362,0.12992536869825927,1.1678668310881546,1,0,0,0,0,1,0,0,0,0,0,0,0,0,0,0,0,1,0,0,0,0,0,0,0,0,0,0,0,1,0,0,0,0,0,0,0,0,0,1,0,0,0,12.994532278619134,440000
0.1980287417180216,2.139042323405362,0.11522207574247041,1.1678668310881546,1,1,0,0,0,0,0,0,0,0,0,0,0,0,0,0,0,1,0,0,0,0,0,0,0,0,0,0,0,1,0,0,0,0,0,0,0,0,0,1,0,0,0,12.899222326086994,400000
0.1980287417180216,0.09644111792455802,0.014749573877913194,0.012564298104070972,0,1,0,0,0,0,0,0,0,0,0,0,0,0,0,0,0,1,0,0,0,0,0,0,0,0,1,0,0,0,0,0,0,0,0,0,0,0,0,1,0,0,1,12.384223015005313,239000
0.1980287417180216,2.139042323405362,0.1255143808115226,1.1678668310881546,0,1,0,0,0,0,0,0,0,1,0,0,0,0,0,0,0,0,0,0,0,0,0,0,0,0,0,0,0,1,0,0,0,0,0,0,0,0,0,1,1,0,0,13.652992804936396,850000
0.1980287417180216,0.09644111792455802,0.20687260183355433,0.012564298104070972,0,1,0,0,0,0,0,0,1,0,0,0,0,0,0,0,0,0,0,0,0,0,0,0,0,1,0,0,0,0,0,0,0,0,0,0,0,0,0,1,0,0,1,12.644330802262578,310000
0.1980287417180216,0.09644111792455802,-0.004364706964612326,1.1678668310881546,0,0,0,0,0,1,0,0,0,0,0,0,0,0,1,0,0,0,0,0,0,0,0,0,0,0,0,0,0,1,0,0,0,0,0,0,0,0,0,1,0,0,1,13.085701467719382,482000
0.1980287417180216,0.09644111792455802,-0.12248116037611619,-1.1427382348800126,0,1,0,0,0,0,0,0,0,0,0,1,0,0,0,0,0,0,0,0,0,0,0,0,0,0,0,0,0,1,0,0,0,0,0,0,0,0,0,1,0,0,1,11.951186847493476,155000
-1.383683877512786,0.09644111792455802,-0.11022841624629214,-1.1427382348800126,0,0,0,1,0,0,0,0,1,0,0,0,0,0,0,0,0,0,0,0,0,0,0,0,0,0,0,0,0,1,0,0,0,0,0,0,0,0,0,1,1,0,0,11.970356641102999,158000
0.1980287417180216,0.09644111792455802,-0.0024042679038404776,-1.1427382348800126,1,1,0,0,0,0,0,0,1,0,0,0,0,0,0,0,0,0,0,0,0,0,0,0,0,1,0,0,0,0,0,0,0,0,0,0,0,0,0,1,0,0,1,12.676079399771027,320000
0.1980287417180216,-1.946160087556246,-0.044063597945242255,0.012564298104070972,0,0,0,0,0,0,0,0,0,1,0,0,0,0,0,0,0,0,0,0,0,1,0,0,0,0,0,0,0,0,0,0,0,0,0,0,0,0,0,1,0,1,0,12.506180941677357,270000
0.1980287417180216,0.09644111792455802,-0.1362042338015191,0.012564298104070972,1,0,0,0,0,0,0,0,0,0,0,0,0,1,0,0,0,0,0,1,0,0,0,0,0,0,0,0,0,0,0,0,0,0,0,0,0,0,0,1,0,0,0,12.388398368982115,240000
0.1980287417180216,0.09644111792455802,-0.1607097220611672,-1.1427382348800126,0,0,0,0,0,0,0,0,0,0,0,0,0,0,0,0,0,1,0,0,0,0,0,0,0,0,0,0,0,1,0,0,0,0,0,0,0,0,0,1,0,0,1,11.884495917930655,145000
0.1980287417180216,0.09644111792455802,-0.1362042338015191,0.012564298104070972,0,0,0,0,0,0,0,0,0,0,0,0,0,1,0,0,0,0,0,1,0,0,0,0,0,0,0,0,0,0,0,0,0,0,0,0,0,0,0,1,0,0,0,12.847929163278053,380000
-1.383683877512786,0.09644111792455802,-0.13473390450594022,-1.1427382348800126,0,0,0,0,0,1,0,0,0,1,0,0,0,0,0,0,0,0,0,0,0,0,0,0,0,0,0,0,0,1,0,0,0,0,0,0,0,0,0,1,1,0,0,13.06685278163674,473000
0.1980287417180216,0.09644111792455802,-0.030340524519839315,1.1678668310881546,1,0,0,0,0,0,0,0,1,0,0,0,0,0,0,0,0,0,0,0,0,0,0,0,0,1,0,0,0,0,0,0,0,0,0,0,0,0,0,1,0,0,1,12.84265212010087,378000
0.1980287417180216,0.09644111792455802,-0.008285585086156023,-1.1427382348800126,0,0,0,0,0,0,0,0,1,0,0,0,0,0,0,0,0,0,0,0,0,0,0,0,0,1,0,0,0,0,0,0,0,0,0,0,0,0,0,1,0,0,1,12.861001210669146,385000
0.1980287417180216,0.09644111792455802,-0.06268776902257481,-1.1427382348800126,0,0,0,0,0,1,0,0,1,0,0,0,0,0,0,0,0,0,0,0,0,0,0,0,0,1,0,0,0,0,0,0,0,0,0,0,0,0,0,1,0,0,1,12.894209796826232,398000
0.1980287417180216,0.09644111792455802,-0.03671195146734782,0.012564298104070972,0,0,0,0,0,0,0,0,0,0,0,0,0,0,0,0,0,1,0,0,0,0,0,0,0,0,1,0,0,0,0,0,0,0,0,0,0,0,0,1,0,1,0,12.765691290604371,350000
0.1980287417180216,0.09644111792455802,-0.1362042338015191,-1.1427382348800126,0,0,0,0,0,0,0,0,0,0,0,0,0,0,0,0,0,1,0,0,0,0,0,0,0,0,0,0,0,0,0,0,0,0,0,0,1,0,0,1,0,0,1,12.154784614286667,190000
0.1980287417180216,0.09644111792455802,-0.004364706964612326,1.1678668310881546,1,0,0,0,0,1,0,0,0,0,0,0,0,0,0,0,0,1,0,0,0,0,0,0,0,0,0,0,0,0,0,1,0,0,0,0,0,0,0,1,0,1,0,13.017005083966255,450000
0.1980287417180216,0.09644111792455802,-0.1362042338015191,0.012564298104070972,0,0,0,0,0,0,0,0,0,0,0,0,0,1,0,0,0,0,0,1,0,0,0,0,0,0,0,0,0,0,0,0,0,0,0,0,0,0,0,1,0,0,0,12.468440756144114,260000
0.1980287417180216,0.09644111792455802,-0.1362042338015191,0.012564298104070972,0,0,0,0,0,0,0,0,0,0,0,0,0,1,0,0,0,0,0,1,0,0,0,0,0,0,0,0,0,0,0,0,0,0,0,0,0,0,0,1,0,0,0,12.611541086966115,300000
0.1980287417180216,0.09644111792455802,-0.1362042338015191,0.012564298104070972,0,0,0,0,0,0,0,0,0,0,0,0,0,1,0,0,0,0,0,1,0,0,0,0,0,0,0,0,0,0,0,0,0,0,0,0,0,0,0,1,0,0,0,12.660331092405906,315000
0.1980287417180216,0.09644111792455802,-0.08719325728222291,0.012564298104070972,1,0,0,0,0,0,0,0,0,0,0,0,0,1,0,0,0,0,0,1,0,0,0,0,0,0,0,0,0,0,0,0,0,0,0,0,0,0,0,1,0,0,0,12.570719231334277,288000
-2.9653964967435935,-1.946160087556246,-0.16168994159155314,10.410287094960825,1,1,0,0,0,0,0,0,0,0,1,0,0,0,0,0,0,0,0,0,0,0,0,0,0,0,0,0,0,1,0,0,0,0,0,0,0,0,0,1,0,0,1,11.385103457032141,88000
0.1980287417180216,0.09644111792455802,-0.07298007409162702,1.1678668310881546,0,0,0,0,0,1,0,0,0,0,0,0,0,0,1,0,0,0,0,0,0,0,0,0,0,0,0,0,0,1,0,0,0,0,0,0,0,0,0,1,0,0,1,13.060490101343552,470000
0.1980287417180216,0.09644111792455802,-0.02200865851155896,0.012564298104070972,1,0,0,0,0,1,0,0,0,0,0,0,0,0,0,0,1,0,0,0,0,0,0,0,0,0,0,0,1,0,0,0,0,0,0,0,0,0,0,1,0,0,0,13.304686600863562,600000
0.1980287417180216,0.09644111792455802,-0.039652610058505594,-1.1427382348800126,1,1,0,0,0,0,0,0,0,0,0,0,0,0,0,0,0,1,0,0,0,0,0,0,0,0,0,0,0,1,0,0,0,0,0,0,0,0,0,0,0,0,1,12.861001210669146,385000
-1.383683877512786,0.09644111792455802,0.1632528327313807,1.1678668310881546,0,1,0,0,0,0,0,0,0,1,0,0,0,0,0,0,0,0,0,0,0,0,0,0,0,0,0,0,0,1,0,0,0,0,0,0,0,0,0,1,0,1,0,12.765691290604371,350000
0.1980287417180216,0.09644111792455802,-0.1362042338015191,0.012564298104070972,1,1,0,0,0,0,0,0,0,0,0,0,0,1,0,0,0,0,0,0,0,0,0,0,1,0,0,0,0,0,0,0,0,0,0,0,0,0,0,1,0,0,1,13.034626646500051,458000
0.1980287417180216,0.09644111792455802,-0.06268776902257481,-1.1427382348800126,1,0,0,0,0,0,0,0,0,0,0,0,0,0,0,1,0,0,0,0,0,0,0,0,0,0,0,0,0,1,0,0,0,0,0,0,0,0,0,1,0,0,0,12.611541086966115,300000
-2.9653964967435935,-1.946160087556246,-0.15825917323520242,0.012564298104070972,0,1,0,0,0,0,0,0,0,0,0,0,0,0,0,0,0,1,0,0,0,0,0,0,0,0,0,0,0,0,0,0,0,0,0,0,1,0,0,1,0,1,0,12.608202196848836,299000
-1.383683877512786,0.09644111792455802,-0.20972069858046344,-1.1427382348800126,0,0,0,0,0,0,0,0,0,0,0,0,0,1,0,0,0,0,0,0,0,0,0,0,0,0,0,0,0,1,0,0,0,0,0,0,0,0,0,1,0,0,1,11.798111925972618,133000
-2.9653964967435935,-1.946160087556246,8.152042005376662,-1.1427382348800126,0,1,0,0,0,0,0,0,0,0,0,0,1,0,0,0,0,0,0,0,0,0,0,0,0,0,0,0,0,1,0,0,0,0,0,0,0,0,0,1,1,0,0,12.506180941677357,270000
0.1980287417180216,-1.946160087556246,-0.03132074405022524,1.1678668310881546,0,0,0,0,0,0,0,0,1,0,0,0,0,0,0,0,0,0,0,0,0,0,0,0,0,0,0,0,0,1,0,0,0,0,0,0,0,0,0,1,0,0,1,12.604852121186608,298000
0.1980287417180216,0.09644111792455802,-0.03818228076292671,0.012564298104070972,1,1,0,0,0,0,0,0,0,0,0,0,0,1,0,0,0,0,0,0,0,0,0,0,1,0,0,0,0,0,0,0,0,0,0,0,0,0,0,1,0,0,1,13.073175234051686,476000
1.779741360948829,2.139042323405362,0.4813340703416131,-1.1427382348800126,1,1,0,0,0,0,0,0,0,0,1,0,0,0,0,0,0,0,0,0,0,0,0,0,0,0,0,0,0,1,0,0,0,0,0,0,0,0,0,1,0,0,1,13.017005083966255,450000
0.1980287417180216,0.09644111792455802,-0.11169874554187102,0.012564298104070972,0,1,0,0,0,0,0,0,0,0,0,0,0,1,0,0,0,0,0,0,1,0,0,0,0,0,0,0,0,0,0,0,0,0,0,0,0,0,0,1,0,0,1,12.560247968016562,285000
-2.9653964967435935,-1.946160087556246,-0.2876481512461444,-1.1427382348800126,1,1,0,0,0,0,0,0,0,0,0,0,0,0,0,1,0,0,0,0,0,0,0,0,0,0,0,1,0,0,0,0,0,0,0,0,0,0,0,1,0,0,1,12.301387370778713,220000
-2.9653964967435935,-1.946160087556246,-0.2048196009285338,1.1678668310881546,1,0,0,0,0,1,0,0,0,0,0,0,0,0,0,0,0,1,1,0,0,0,0,0,0,0,0,0,0,0,0,0,0,0,0,0,0,0,0,1,1,0,0,13.353476685668044,630000
0.1980287417180216,0.09644111792455802,0.0353341840160176,0.012564298104070972,0,1,0,0,0,0,0,0,0,0,0,0,0,1,0,0,0,0,0,0,0,0,0,0,0,0,0,0,0,1,0,0,0,0,0,0,0,0,0,1,1,0,0,12.948012371209098,420000
0.1980287417180216,0.09644111792455802,0.038274842607175376,-1.1427382348800126,1,0,0,0,0,0,0,0,0,0,0,0,1,0,0,0,0,0,0,0,0,0,0,0,0,0,0,0,0,1,0,0,0,0,0,0,0,0,0,1,0,1,0,13.304686600863562,600000
1.779741360948829,0.09644111792455802,0.23872973657109686,0.012564298104070972,0,1,0,0,0,0,0,0,0,1,0,0,0,0,0,0,0,0,0,0,0,0,0,0,0,0,0,0,0,1,0,0,0,0,0,0,0,0,0,1,0,1,0,12.994532278619134,440000
-1.383683877512786,0.09644111792455802,-0.1558086244092376,0.012564298104070972,1,0,0,0,0,1,0,0,0,0,0,0,1,0,0,0,0,0,0,0,0,0,0,0,0,0,0,0,0,1,0,0,0,0,0,0,0,0,0,0,0,0,1,12.873904582205107,390000
0.1980287417180216,0.09644111792455802,0.012299025051948385,1.1678668310881546,1,1,0,0,0,0,0,0,0,0,0,0,0,0,0,0,0,1,0,0,0,0,0,0,0,0,0,0,0,0,0,0,0,0,0,0,1,0,0,1,0,1,0,13.060490101343552,470000
-1.383683877512786,-1.946160087556246,-0.18521521032081534,-1.1427382348800126,1,0,0,1,0,0,0,0,0,0,0,0,0,0,0,0,0,1,0,0,0,0,0,0,0,0,0,0,0,0,0,0,0,0,1,0,0,0,0,0,0,0,1,12.04355959836804,170000
-1.383683877512786,0.09644111792455802,0.11522207574247041,1.1678668310881546,1,1,0,0,0,0,0,0,0,1,0,0,0,0,0,0,0,0,0,0,0,0,0,0,0,0,0,0,0,1,0,0,0,0,0,0,0,0,0,1,0,0,1,13.652992804936396,850000
0.1980287417180216,0.09644111792455802,-0.016127341329243414,1.1678668310881546,0,0,0,0,0,1,0,0,0,0,0,0,0,0,0,0,0,1,0,0,0,0,0,0,0,0,0,0,0,1,0,0,0,0,0,0,0,0,0,0,0,0,1,12.765691290604371,350000
0.1980287417180216,0.09644111792455802,-0.06268776902257481,0.012564298104070972,1,0,0,0,0,0,0,0,0,0,0,0,0,0,0,1,0,0,0,0,0,0,0,0,0,0,0,1,0,0,0,0,0,0,0,0,0,0,0,0,0,0,1,12.487488878546145,265000
0.1980287417180216,0.09644111792455802,0.275487968960569,-1.1427382348800126,1,1,0,0,0,0,0,0,0,0,1,0,0,0,0,0,0,0,0,0,0,0,0,0,0,0,0,0,0,1,0,0,0,0,0,0,0,0,0,1,0,0,1,11.970356641102999,158000
0.1980287417180216,0.09644111792455802,-0.18227455172965756,0.012564298104070972,1,0,0,0,0,0,0,0,0,0,0,0,0,0,0,0,0,1,0,0,0,0,0,0,0,0,0,0,0,0,0,1,0,0,0,0,0,0,0,1,0,1,0,11.652696102959753,115000
0.1980287417180216,0.09644111792455802,-0.08131194009990737,1.1678668310881546,1,0,0,0,0,1,0,0,0,0,0,0,0,0,0,0,0,1,0,0,0,0,0,0,0,0,0,0,0,0,0,1,0,0,0,0,0,0,0,1,0,0,1,12.871337193291367,389000
-1.383683877512786,0.09644111792455802,0.2460813830489913,10.410287094960825,1,1,0,0,0,0,0,0,0,0,1,0,0,0,0,0,0,0,0,0,0,0,0,0,0,0,0,0,0,1,0,0,0,0,0,0,0,0,0,1,0,0,1,11.264476926102367,78000
0.1980287417180216,0.09644111792455802,-0.008775694851348985,-1.1427382348800126,1,1,0,0,0,0,0,0,0,1,0,0,0,0,0,0,0,0,0,0,0,0,0,0,0,0,0,0,0,1,0,0,0,0,0,0,0,0,0,1,1,0,0,12.821260987319457,370000
0.1980287417180216,0.09644111792455802,0.0598396722756657,1.1678668310881546,0,1,0,0,0,0,0,0,0,1,0,0,0,0,0,0,0,0,0,0,0,0,0,0,0,0,0,0,0,1,0,0,0,0,0,0,0,0,0,1,1,0,0,13.217675375388819,550000
0.1980287417180216,0.09644111792455802,0.05199791603257831,0.012564298104070972,0,1,0,0,0,0,0,0,0,1,0,0,0,0,0,0,0,0,0,0,0,0,0,0,0,0,0,0,0,1,0,0,0,0,0,0,0,0,0,1,0,0,1,12.577636201962656,289999
0.1980287417180216,2.139042323405362,0.2058923823031684,0.012564298104070972,0,1,0,0,0,0,0,0,0,0,0,0,0,0,0,0,0,1,0,0,0,0,0,0,0,0,0,0,0,0,1,0,0,0,0,0,0,0,0,1,0,0,1,13.304686600863562,600000
0.1980287417180216,0.09644111792455802,0.0598396722756657,1.1678668310881546,1,1,0,0,0,0,0,0,0,0,0,0,0,0,0,0,1,0,0,0,0,0,0,0,0,0,0,0,1,0,0,0,0,0,0,0,0,0,0,1,0,1,0,13.217675375388819,550000
0.1980287417180216,0.09644111792455802,-0.007305365555770099,0.012564298104070972,0,0,0,0,0,0,0,0,0,0,1,0,0,0,0,0,0,0,0,0,0,0,0,0,0,0,0,0,0,1,0,0,0,0,0,0,0,0,0,0,0,0,1,12.013706813470414,165000
0.1980287417180216,0.09644111792455802,0.1166924050380493,1.1678668310881546,0,0,0,0,0,1,0,0,0,0,0,0,0,0,1,0,0,0,0,0,0,0,0,0,0,0,0,0,0,1,0,0,0,0,0,0,0,0,0,1,0,0,1,13.122365377402328,500000
0.1980287417180216,0.09644111792455802,0.022101220355807624,-1.1427382348800126,1,0,0,0,0,0,0,0,0,0,0,0,0,0,0,0,0,1,0,0,0,0,0,0,0,0,0,0,0,1,0,0,0,0,0,0,0,0,0,1,0,1,0,12.847929163278053,380000
0.1980287417180216,0.09644111792455802,-0.06268776902257481,0.012564298104070972,0,0,0,0,0,0,0,0,0,0,0,0,0,1,0,0,0,0,0,0,0,0,0,0,0,0,0,0,0,1,0,0,0,0,0,0,0,0,0,1,0,1,0,12.345838935721968,230000
0.1980287417180216,0.09644111792455802,0.010828695756369498,1.1678668310881546,1,0,0,1,0,0,0,0,1,0,0,0,0,0,0,0,0,0,0,0,0,0,0,0,0,1,0,0,0,0,0,0,0,0,0,0,0,0,0,0,0,0,1,12.367345048436391,235000
0.1980287417180216,0.09644111792455802,-0.05974711043141704,0.012564298104070972,1,0,0,0,0,0,0,0,0,0,0,0,0,0,0,0,0,1,0,0,0,0,0,0,0,0,0,0,0,1,0,0,0,0,0,0,0,0,0,1,0,0,1,12.449022745701502,255000
0.1980287417180216,0.09644111792455802,-0.1607097220611672,0.012564298104070972,1,0,0,0,0,0,0,0,0,1,0,0,0,0,0,0,0,0,0,0,0,0,0,0,0,0,0,0,0,1,0,0,0,0,0,0,0,0,0,1,0,0,1,12.388398368982115,240000
0.1980287417180216,0.09644111792455802,-0.1607097220611672,0.012564298104070972,1,0,0,0,0,0,0,0,0,0,0,0,0,0,0,0,0,1,0,0,0,0,0,0,0,0,0,0,0,1,0,0,0,0,0,0,0,0,0,1,0,0,1,11.512925464970229,99999
0.1980287417180216,0.09644111792455802,-0.03475151240657597,0.012564298104070972,1,1,0,0,0,0,0,0,0,0,0,0,0,0,0,0,0,1,0,0,0,0,0,0,0,0,0,0,0,0,0,0,0,0,0,0,1,0,0,1,0,0,1,12.449022745701502,255000
0.1980287417180216,0.09644111792455802,0.33920223843565406,2.323169364072238,0,1,0,0,0,0,0,0,0,0,0,0,0,0,0,0,0,1,0,0,0,0,0,0,0,0,0,0,0,0,0,0,0,0,0,0,1,0,0,1,0,1,0,13.652992804936396,850000
0.1980287417180216,0.09644111792455802,-0.08719325728222291,-1.1427382348800126,0,1,0,0,0,0,0,0,0,0,0,0,0,1,0,0,0,0,0,0,0,0,0,0,0,0,0,0,0,1,0,0,0,0,0,0,0,0,0,1,1,0,0,13.180634172318978,530000
0.1980287417180216,0.09644111792455802,-0.013676792503278605,-1.1427382348800126,0,0,0,0,0,1,0,0,0,1,0,0,0,0,0,0,0,0,0,0,0,0,0,0,0,0,0,0,0,1,0,0,0,0,0,0,0,0,0,1,0,0,0,12.923914877701906,410000
0.1980287417180216,0.09644111792455802,-0.008775694851348985,-1.1427382348800126,0,0,0,0,0,1,0,0,0,1,0,0,0,0,0,0,0,0,0,0,0,0,0,0,0,0,0,0,0,1,0,0,0,0,0,0,0,0,0,1,0,0,0,12.948012371209098,420000
-1.383683877512786,0.09644111792455802,0.020140781295035777,0.012564298104070972,1,1,0,0,0,0,0,0,1,0,0,0,0,0,0,0,0,0,0,0,0,0,0,0,0,0,0,0,0,1,0,0,0,0,0,0,0,0,0,1,0,0,1,12.899222326086994,400000
0.1980287417180216,0.09644111792455802,-0.057296561605452226,-1.1427382348800126,0,1,0,0,0,0,0,0,0,1,0,0,0,0,0,0,0,0,0,0,0,0,0,0,0,0,0,0,0,1,0,0,0,0,0,0,0,0,0,1,0,0,1,13.102162710901053,490000
0.1980287417180216,0.09644111792455802,0.0598396722756657,1.1678668310881546,0,1,0,0,0,0,0,0,0,1,0,0,0,0,0,0,0,0,0,0,0,0,0,0,0,0,0,0,0,1,0,0,0,0,0,0,0,0,0,1,1,0,0,13.217675375388819,550000
0.1980287417180216,0.09644111792455802,0.05199791603257831,0.012564298104070972,0,1,0,0,0,0,0,0,0,1,0,0,0,0,0,0,0,0,0,0,0,0,0,0,0,0,0,0,0,1,0,0,0,0,0,0,0,0,0,1,0,0,1,12.577636201962656,289999
0.1980287417180216,2.139042323405362,0.2058923823031684,0.012564298104070972,0,1,0,0,0,0,0,0,0,0,0,0,0,0,0,0,0,1,0,0,0,0,0,0,0,0,0,0,0,0,1,0,0,0,0,0,0,0,0,1,0,0,1,13.304686600863562,600000
0.1980287417180216,0.09644111792455802,0.0598396722756657,1.1678668310881546,1,1,0,0,0,0,0,0,0,0,0,0,0,0,0,0,1,0,0,0,0,0,0,0,0,0,0,0,1,0,0,0,0,0,0,0,0,0,0,1,0,1,0,13.217675375388819,550000
0.1980287417180216,0.09644111792455802,-0.007305365555770099,0.012564298104070972,0,0,0,0,0,0,0,0,0,0,1,0,0,0,0,0,0,0,0,0,0,0,0,0,0,0,0,0,0,1,0,0,0,0,0,0,0,0,0,0,0,0,1,12.013706813470414,165000
0.1980287417180216,0.09644111792455802,0.1166924050380493,1.1678668310881546,0,0,0,0,0,1,0,0,0,0,0,0,0,0,1,0,0,0,0,0,0,0,0,0,0,0,0,0,0,1,0,0,0,0,0,0,0,0,0,1,0,0,1,13.122365377402328,500000
0.1980287417180216,0.09644111792455802,0.022101220355807624,-1.1427382348800126,1,0,0,0,0,0,0,0,0,0,0,0,0,0,0,0,0,1,0,0,0,0,0,0,0,0,0,0,0,1,0,0,0,0,0,0,0,0,0,1,0,1,0,12.847929163278053,380000
0.1980287417180216,0.09644111792455802,-0.06268776902257481,0.012564298104070972,0,0,0,0,0,0,0,0,0,0,0,0,0,1,0,0,0,0,0,0,0,0,0,0,0,0,0,0,0,1,0,0,0,0,0,0,0,0,0,1,0,1,0,12.345838935721968,230000
0.1980287417180216,0.09644111792455802,0.010828695756369498,1.1678668310881546,1,0,0,1,0,0,0,0,1,0,0,0,0,0,0,0,0,0,0,0,0,0,0,0,0,1,0,0,0,0,0,0,0,0,0,0,0,0,0,0,0,0,1,12.367345048436391,235000
0.1980287417180216,0.09644111792455802,-0.05974711043141704,0.012564298104070972,1,0,0,0,0,0,0,0,0,0,0,0,0,0,0,0,0,1,0,0,0,0,0,0,0,0,0,0,0,1,0,0,0,0,0,0,0,0,0,1,0,0,1,12.449022745701502,255000
0.1980287417180216,0.09644111792455802,-0.1607097220611672,0.012564298104070972,1,0,0,0,0,0,0,0,0,1,0,0,0,0,0,0,0,0,0,0,0,0,0,0,0,0,0,0,0,1,0,0,0,0,0,0,0,0,0,1,0,0,1,12.388398368982115,240000
0.1980287417180216,0.09644111792455802,-0.1607097220611672,0.012564298104070972,1,0,0,0,0,0,0,0,0,0,0,0,0,0,0,0,0,1,0,0,0,0,0,0,0,0,0,0,0,1,0,0,0,0,0,0,0,0,0,1,0,0,1,11.512925464970229,99999
0.1980287417180216,0.09644111792455802,-0.03475151240657597,0.012564298104070972,1,1,0,0,0,0,0,0,0,0,0,0,0,0,0,0,0,1,0,0,0,0,0,0,0,0,0,0,0,0,0,0,0,0,0,0,1,0,0,1,0,0,1,12.449022745701502,255000
0.1980287417180216,0.09644111792455802,0.33920223843565406,2.323169364072238,0,1,0,0,0,0,0,0,0,0,0,0,0,0,0,0,0,1,0,0,0,0,0,0,0,0,0,0,0,0,0,0,0,0,0,0,1,0,0,1,0,1,0,13.652992804936396,850000
0.1980287417180216,0.09644111792455802,-0.08719325728222291,-1.1427382348800126,0,1,0,0,0,0,0,0,0,0,0,0,0,1,0,0,0,0,0,0,0,0,0,0,0,0,0,0,0,1,0,0,0,0,0,0,0,0,0,1,1,0,0,13.180634172318978,530000
0.1980287417180216,0.09644111792455802,-0.013676792503278605,-1.1427382348800126,0,0,0,0,0,1,0,0,0,1,0,0,0,0,0,0,0,0,0,0,0,0,0,0,0,0,0,0,0,1,0,0,0,0,0,0,0,0,0,1,0,0,0,12.923914877701906,410000
0.1980287417180216,0.09644111792455802,-0.057296561605452226,-1.1427382348800126,0,1,0,0,0,0,0,0,0,1,0,0,0,0,0,0,0,0,0,0,0,0,0,0,0,0,0,0,0,1,0,0,0,0,0,0,0,0,0,1,0,0,1,13.102162710901053,490000
0.1980287417180216,0.09644111792455802,-0.008775694851348985,-1.1427382348800126,0,0,0,0,0,1,0,0,0,1,0,0,0,0,0,0,0,0,0,0,0,0,0,0,0,0,0,0,0,1,0,0,0,0,0,0,0,0,0,1,0,0,0,12.948012371209098,420000
-1.383683877512786,0.09644111792455802,0.020140781295035777,0.012564298104070972,1,1,0,0,0,0,0,0,1,0,0,0,0,0,0,0,0,0,0,0,0,0,0,0,0,0,0,0,0,1,0,0,0,0,0,0,0,0,0,1,0,0,1,12.899222326086994,400000
0.1980287417180216,0.09644111792455802,-0.06268776902257481,-1.1427382348800126,1,1,0,0,0,0,0,0,0,0,0,0,1,0,0,0,0,0,0,0,0,0,0,0,0,0,0,0,0,1,0,0,0,0,0,0,0,0,0,1,0,0,0,13.017005083966255,450000
1.779741360948829,0.09644111792455802,-0.010736133912120832,1.1678668310881546,0,0,0,0,0,1,0,0,0,0,0,0,0,0,0,0,0,1,0,0,0,0,0,0,0,0,0,0,0,1,0,0,0,0,0,0,0,0,0,0,0,0,1,12.765691290604371,350000
-2.9653964967435935,-1.946160087556246,-0.19550751538986752,-1.1427382348800126,0,1,0,0,0,0,0,0,0,0,0,0,1,0,0,0,0,0,0,0,0,0,0,0,0,0,0,0,0,1,0,0,0,0,0,0,0,0,0,1,0,1,0,11.51293546492023,100000
-1.383683877512786,0.09644111792455802,-0.06268776902257481,1.1678668310881546,0,0,0,0,0,1,0,0,0,1,0,0,0,0,0,0,0,0,1,0,0,0,0,0,0,0,0,0,0,0,0,0,0,0,0,0,0,0,0,0,0,0,1,13.500801182986649,730000
0.1980287417180216,0.09644111792455802,-0.013676792503278605,0.012564298104070972,0,0,0,1,0,0,0,0,0,0,1,0,0,0,0,0,0,0,0,0,0,0,0,0,0,0,0,0,0,1,0,0,0,0,0,0,0,0,0,1,1,0,0,11.608244735642321,110000
0.1980287417180216,0.09644111792455802,0.07993417264857715,1.1678668310881546,1,0,0,0,0,0,0,0,0,0,0,0,1,0,0,0,0,0,0,0,0,0,0,0,0,0,0,0,0,1,0,0,0,0,0,0,0,0,0,1,0,1,0,11.407576060361786,90000
0.1980287417180216,0.09644111792455802,-0.0783712815087496,1.1678668310881546,0,0,0,0,0,0,0,0,1,0,0,0,0,0,0,0,0,0,0,0,0,0,0,0,0,1,0,0,0,0,0,0,0,0,0,0,0,0,0,0,0,1,0,12.81584093453868,368000
0.1980287417180216,0.09644111792455802,0.15786162531425812,1.1678668310881546,0,1,0,0,0,0,0,0,0,0,0,0,0,0,0,0,0,1,0,0,0,0,0,0,0,0,1,0,0,0,0,0,0,0,0,0,0,0,0,1,1,0,0,12.765691290604371,350000
0.1980287417180216,0.09644111792455802,0.26568577365670976,-1.1427382348800126,1,1,0,0,0,0,0,0,0,0,0,0,0,0,0,0,1,0,0,0,0,0,0,0,0,0,0,0,0,1,0,0,0,0,0,0,0,0,0,1,1,0,0,13.499276736023065,728888
0.1980287417180216,0.09644111792455802,-0.03622184170215486,1.1678668310881546,0,0,0,0,0,1,0,0,0,0,0,0,0,0,1,0,0,0,0,0,0,0,0,0,0,0,0,0,0,1,0,0,0,0,0,0,0,0,0,1,0,0,1,13.060490101343552,470000
1.779741360948829,0.09644111792455802,-0.04161304911927744,-1.1427382348800126,0,0,0,0,0,0,0,0,1,0,0,0,0,0,0,0,0,0,0,0,0,0,0,0,0,1,0,0,0,0,0,0,0,0,0,0,0,0,0,0,0,0,0,12.278397958261774,215000
-1.383683877512786,0.09644111792455802,-0.22442399153625228,-1.1427382348800126,1,0,0,1,0,0,0,0,0,0,0,0,0,1,0,0,0,0,0,1,0,0,0,0,0,0,0,0,0,0,0,0,0,0,0,0,0,0,0,1,0,1,0,11.918397239722838,150000
0.1980287417180216,0.09644111792455802,-0.1313031361495895,-1.1427382348800126,0,1,0,0,0,0,0,0,0,0,0,1,0,0,0,0,0,0,0,0,0,0,0,0,0,0,0,0,0,1,0,0,0,0,0,0,0,0,0,1,0,0,1,12.04355959836804,170000
0.1980287417180216,0.09644111792455802,0.010828695756369498,0.012564298104070972,0,0,0,0,0,0,0,0,0,0,0,0,0,0,0,0,0,1,0,0,0,0,0,0,0,0,1,0,0,0,0,0,0,0,0,0,0,0,0,1,0,1,0,12.345838935721968,230000
0.1980287417180216,0.09644111792455802,0.028472647303316133,0.012564298104070972,1,0,0,0,0,1,0,0,0,0,0,0,0,0,0,0,0,1,0,0,0,0,0,0,0,0,0,0,0,1,0,0,0,0,0,0,0,0,0,1,0,0,1,13.334245354561496,618000
0.1980287417180216,0.09644111792455802,0.12355394175075077,0.012564298104070972,1,1,0,0,0,0,0,0,0,0,0,0,0,0,0,0,0,1,1,0,0,0,0,0,0,0,0,0,0,0,0,0,0,0,0,0,0,0,0,0,1,0,0,12.807655372286902,365000
0.1980287417180216,0.09644111792455802,-0.08719325728222291,0.012564298104070972,1,0,0,0,0,0,0,0,0,0,0,0,0,1,0,0,0,0,0,1,0,0,0,0,0,0,0,0,0,0,0,0,0,0,0,0,0,0,0,1,0,0,0,12.577639650232573,290000
0.1980287417180216,0.09644111792455802,-0.08719325728222291,0.012564298104070972,1,0,0,0,0,0,0,0,0,0,0,0,0,1,0,0,0,0,0,1,0,0,0,0,0,0,0,0,0,0,0,0,0,0,0,0,0,0,0,1,0,0,0,12.706850963741102,330000
0.1980287417180216,0.09644111792455802,-0.08719325728222291,1.1678668310881546,1,0,0,0,0,0,0,0,0,0,0,0,0,1,0,0,0,0,0,1,0,0,0,0,0,0,0,0,0,0,0,0,0,0,0,0,0,0,0,1,0,0,0,12.611541086966115,300000
0.1980287417180216,0.09644111792455802,-0.08719325728222291,1.1678668310881546,1,0,0,0,0,0,0,0,0,0,0,0,0,1,0,0,0,0,0,1,0,0,0,0,0,0,0,0,0,0,0,0,0,0,0,0,0,0,0,1,0,0,0,12.59473402514672,295000
0.1980287417180216,0.09644111792455802,-0.008775694851348985,-1.1427382348800126,0,0,0,0,0,1,0,0,0,1,0,0,0,0,0,0,0,0,0,0,0,0,0,0,0,0,0,0,0,1,0,0,0,0,0,0,0,0,0,1,0,0,0,12.989976472461,438000
0.1980287417180216,0.09644111792455802,0.0211210008254217,4.633774430040405,1,1,0,0,0,0,0,0,0,0,0,0,0,0,0,0,0,1,0,0,0,0,0,0,0,0,0,0,0,0,1,0,0,0,0,0,0,0,0,1,0,1,0,12.948012371209098,420000
0.1980287417180216,0.09644111792455802,-0.03524162217176893,0.012564298104070972,1,0,0,0,0,0,0,0,1,0,0,0,0,0,0,0,0,0,0,0,0,0,0,0,0,1,0,0,0,0,0,0,0,0,0,0,0,0,0,1,1,0,0,12.498745990829315,268000
0.1980287417180216,0.09644111792455802,0.07503307499664753,0.012564298104070972,1,0,0,0,0,0,0,0,1,0,0,0,0,0,0,0,0,0,0,0,0,0,0,0,0,1,0,0,0,0,0,0,0,0,0,0,0,0,0,1,1,0,0,12.611541086966115,300000
0.1980287417180216,0.09644111792455802,-0.1607097220611672,-1.1427382348800126,0,0,0,0,0,0,0,0,0,0,0,0,0,0,0,0,0,1,0,0,0,0,0,0,0,0,0,0,0,1,0,0,0,0,0,0,0,0,0,1,0,0,0,11.736069016284437,124999
0.1980287417180216,0.09644111792455802,-0.015147121798857492,1.1678668310881546,0,0,0,0,0,1,0,0,0,0,0,0,0,0,1,0,0,0,0,0,0,0,0,0,0,0,0,0,0,1,0,0,0,0,0,0,0,0,0,1,0,0,1,13.07107218827772,475000
0.1980287417180216,0.09644111792455802,-0.004364706964612326,1.1678668310881546,0,0,0,0,0,0,0,0,0,0,0,0,0,0,0,0,0,1,0,0,0,1,0,0,0,0,0,0,0,0,0,0,0,0,0,0,0,0,0,1,0,0,1,13.005831808336863,445000
0.1980287417180216,0.09644111792455802,-0.06268776902257481,0.012564298104070972,0,0,0,0,0,0,0,0,0,0,0,0,0,0,0,0,0,1,0,0,0,0,0,0,0,0,1,0,0,0,0,0,0,0,0,0,0,0,0,1,0,0,0,12.201065128819632,199000
0.1980287417180216,0.09644111792455802,-0.03475151240657597,0.012564298104070972,0,1,0,0,0,0,0,0,0,0,0,0,0,0,0,0,0,1,0,0,0,0,0,0,0,0,0,0,0,0,0,1,0,0,0,0,0,0,0,1,0,0,0,12.765691290604371,350000
0.1980287417180216,0.09644111792455802,-0.1362042338015191,0.012564298104070972,1,0,0,0,0,0,0,0,0,0,0,0,0,1,0,0,0,0,0,1,0,0,0,0,0,0,0,0,0,0,0,0,0,0,0,0,0,0,0,1,0,0,0,12.54254845357358,280000
0.1980287417180216,0.09644111792455802,-0.08719325728222291,0.012564298104070972,1,0,0,0,0,0,0,0,0,0,0,0,0,1,0,0,0,0,0,1,0,0,0,0,0,0,0,0,0,0,0,0,0,0,0,0,0,0,0,1,0,0,0,12.506180941677357,270000
0.1980287417180216,0.09644111792455802,-0.08719325728222291,0.012564298104070972,1,0,0,0,0,0,0,0,0,0,0,0,0,1,0,0,0,0,0,1,0,0,0,0,0,0,0,0,0,0,0,0,0,0,0,0,0,0,0,1,0,0,0,12.429220196836383,250000
0.1980287417180216,0.09644111792455802,-0.08719325728222291,-1.1427382348800126,1,0,0,0,0,0,0,0,0,0,0,0,0,1,0,0,0,0,0,1,0,0,0,0,0,0,0,0,0,0,0,0,0,0,0,0,0,0,0,1,0,0,0,12.611541086966115,300000
0.1980287417180216,0.09644111792455802,0.0598396722756657,1.1678668310881546,1,1,0,0,0,0,0,0,0,0,0,0,0,0,0,0,0,1,0,0,0,0,0,0,0,0,0,0,0,0,1,0,0,0,0,0,0,0,0,1,0,0,0,12.577639650232573,290000
1.779741360948829,0.09644111792455802,0.10885064879496191,1.1678668310881546,0,1,0,0,0,0,0,0,0,0,0,0,1,0,0,0,0,0,0,0,0,0,0,0,0,0,0,0,0,0,0,0,1,0,0,0,0,0,0,1,0,0,0,12.577639650232573,290000
-1.383683877512786,0.09644111792455802,-0.11169874554187102,0.012564298104070972,0,1,0,0,0,0,0,0,0,0,0,0,0,1,0,0,0,0,0,0,1,0,0,0,0,0,0,0,0,0,0,0,0,0,0,0,0,0,0,1,0,0,0,12.59473402514672,295000
0.1980287417180216,0.09644111792455802,0.10885064879496191,-1.1427382348800126,0,0,0,0,0,0,0,0,0,0,0,0,0,0,0,0,0,1,0,0,0,0,0,0,0,0,0,0,0,1,0,0,0,0,0,0,0,0,0,1,0,1,0,12.644330802262578,310000
0.1980287417180216,0.09644111792455802,-0.025439426867909693,1.1678668310881546,0,0,0,0,0,1,0,0,0,0,0,0,1,0,0,0,0,0,0,0,0,0,0,0,0,0,0,0,0,0,0,0,1,0,0,0,0,0,0,1,0,1,0,13.030250281476574,456000
0.1980287417180216,0.09644111792455802,-0.1607097220611672,0.012564298104070972,0,0,0,0,0,0,0,0,0,0,0,0,0,0,0,0,0,1,0,0,0,0,0,0,0,0,0,0,0,0,0,1,0,0,0,0,0,0,0,1,0,0,1,12.031725210748633,168000
0.1980287417180216,0.09644111792455802,0.04415615978949092,1.1678668310881546,0,1,0,0,0,0,0,0,1,0,0,0,0,0,0,0,0,0,0,0,0,0,0,0,0,1,0,0,0,0,0,0,0,0,0,0,0,0,0,1,1,0,0,13.017005083966255,450000
0.1980287417180216,0.09644111792455802,-0.1362042338015191,0.012564298104070972,0,0,0,0,0,0,0,0,0,0,0,0,0,1,0,0,0,0,0,0,0,0,0,0,0,0,0,0,0,1,0,0,0,0,0,0,0,0,0,1,0,0,0,12.765691290604371,350000
-1.383683877512786,0.09644111792455802,-0.09944600141204697,1.1678668310881546,0,0,0,0,0,1,0,0,0,0,0,0,0,1,0,0,0,0,0,0,0,0,0,0,0,0,0,0,0,1,0,0,0,0,0,0,0,0,0,1,0,0,0,12.765691290604371,350000
0.1980287417180216,0.09644111792455802,-0.1362042338015191,-1.1427382348800126,0,1,0,0,0,0,0,0,0,0,0,0,0,1,0,0,0,0,0,0,0,0,0,1,0,0,0,0,0,0,0,0,0,0,0,0,0,0,0,1,0,0,0,12.608202196848836,299000
0.1980287417180216,0.09644111792455802,0.010828695756369498,0.012564298104070972,1,0,0,0,0,0,0,0,0,0,0,0,0,0,0,1,0,0,0,0,0,0,0,0,0,0,0,0,0,1,0,0,0,0,0,0,0,0,0,1,0,0,1,12.611541086966115,300000
0.1980287417180216,0.09644111792455802,0.027002318007737246,-1.1427382348800126,0,0,0,0,0,0,0,0,0,0,1,0,0,0,0,0,0,0,0,0,0,0,0,0,0,0,0,0,0,1,0,0,0,0,0,0,0,0,0,1,0,0,1,12.013706813470414,165000
0.1980287417180216,0.09644111792455802,-0.05778667137064519,0.012564298104070972,1,0,0,0,0,0,0,0,0,0,0,0,0,1,0,0,0,0,0,0,0,0,0,1,0,0,0,0,0,0,0,0,0,0,0,0,0,0,0,1,0,0,0,12.337105293891872,228000
0.1980287417180216,0.09644111792455802,0.15786162531425812,0.012564298104070972,0,1,0,0,0,0,0,0,0,1,0,0,0,0,0,0,0,0,1,0,0,0,0,0,0,0,0,0,0,0,0,0,0,0,0,0,0,0,0,0,0,0,1,12.821260987319457,370000
0.1980287417180216,0.09644111792455802,-0.1607097220611672,-1.1427382348800126,1,0,0,0,0,0,0,0,0,0,0,0,0,0,0,0,0,0,0,0,0,0,0,0,0,0,0,0,0,0,0,0,0,0,0,0,0,0,0,1,1,0,0,11.561725152903833,105000
0.1980287417180216,0.09644111792455802,-0.1362042338015191,0.012564298104070972,1,0,0,0,0,0,0,0,0,0,0,0,0,0,0,0,0,1,0,0,0,0,0,0,0,0,0,0,0,0,0,0,0,0,1,0,0,0,0,1,1,0,0,11.759793355371237,128000
1.779741360948829,0.09644111792455802,-0.15727895370481648,-1.1427382348800126,0,0,0,0,0,0,0,0,0,0,0,0,0,1,0,0,0,0,0,0,0,0,0,0,1,0,0,0,0,0,0,0,0,0,0,0,0,0,0,1,0,0,1,12.577639650232573,290000
0.1980287417180216,0.09644111792455802,-0.1362042338015191,0.012564298104070972,0,1,0,0,0,0,0,0,0,0,0,0,0,1,0,0,0,0,0,0,0,0,0,0,1,0,0,0,0,0,0,0,0,0,0,0,0,0,0,1,1,0,0,12.989976472461,438000
-1.383683877512786,0.09644111792455802,-0.04112293935408448,0.012564298104070972,0,1,0,0,0,0,0,0,0,1,0,0,0,0,0,0,0,0,0,0,0,0,0,0,0,0,0,0,0,1,0,0,0,0,0,0,0,0,0,1,0,0,1,12.994532278619134,440000
-2.9653964967435935,-1.946160087556246,-0.24206794308319893,0.012564298104070972,0,0,0,0,0,1,0,0,1,0,0,0,0,0,0,0,0,0,0,0,0,0,0,0,0,1,0,0,0,0,0,0,0,0,0,0,0,0,0,1,0,0,1,12.429220196836383,250000
0.1980287417180216,0.09644111792455802,0.1245341612811367,0.012564298104070972,1,1,0,0,0,0,0,0,0,1,0,0,0,0,0,0,0,0,0,0,0,0,0,0,0,0,0,0,0,0,0,0,0,0,0,1,0,0,0,1,0,0,1,13.038983942375959,460000
0.1980287417180216,0.09644111792455802,0.20687260183355433,-1.1427382348800126,1,0,0,0,0,1,0,0,1,0,0,0,0,0,0,0,0,0,0,0,0,0,0,0,0,1,0,0,0,0,0,0,0,0,0,0,0,0,0,1,0,0,1,13.017005083966255,450000
0.1980287417180216,0.09644111792455802,0.08434516053531381,0.012564298104070972,0,1,0,0,0,0,0,0,0,1,0,0,0,0,0,0,0,0,0,0,0,0,0,0,0,0,0,0,0,1,0,0,0,0,0,0,0,0,0,1,1,0,0,12.807655372286902,365000
0.1980287417180216,0.09644111792455802,-0.08719325728222291,0.012564298104070972,1,0,0,0,0,0,0,0,0,0,0,0,0,0,0,0,0,1,0,0,0,0,0,0,0,0,0,0,0,0,0,0,0,0,0,0,1,0,0,1,0,1,0,12.487488878546145,265000
0.1980287417180216,-1.946160087556246,-0.15874928300039537,0.012564298104070972,0,0,0,0,0,0,0,0,0,0,0,0,0,1,0,0,0,0,0,0,0,0,0,1,0,0,0,0,0,0,0,0,0,0,0,0,0,0,0,1,1,0,0,12.54254845357358,280000
0.1980287417180216,0.09644111792455802,-0.08964380610818773,0.012564298104070972,0,0,0,1,0,0,0,0,0,0,0,0,0,1,0,0,0,0,0,0,0,0,0,0,1,0,0,0,0,0,0,0,0,0,0,0,0,0,0,1,0,0,0,12.793862088206213,360000
0.1980287417180216,0.09644111792455802,0.21177369948548394,1.1678668310881546,1,0,0,0,0,0,0,0,0,0,0,0,0,0,0,0,0,1,0,0,0,0,0,0,0,0,0,0,0,0,0,0,0,0,0,0,1,0,0,1,0,1,0,12.524530013005734,275000
0.1980287417180216,0.09644111792455802,0.11179130738611968,0.012564298104070972,0,1,0,0,0,0,0,0,0,1,0,0,0,0,0,0,0,0,0,0,0,0,0,0,0,0,0,0,0,1,0,0,0,0,0,0,0,0,0,1,0,0,1,12.498745990829315,268000
0.1980287417180216,0.09644111792455802,-0.1362042338015191,0.012564298104070972,0,0,0,0,0,0,0,0,0,0,0,0,0,1,0,0,0,0,0,0,0,0,0,0,0,0,0,0,0,1,0,0,0,0,0,0,0,0,0,1,0,0,0,12.765691290604371,350000
-1.383683877512786,0.09644111792455802,-0.09944600141204697,1.1678668310881546,0,0,0,0,0,1,0,0,0,0,0,0,0,1,0,0,0,0,0,0,0,0,0,0,0,0,0,0,0,1,0,0,0,0,0,0,0,0,0,1,0,0,0,12.765691290604371,350000
0.1980287417180216,0.09644111792455802,-0.1362042338015191,-1.1427382348800126,0,1,0,0,0,0,0,0,0,0,0,0,0,1,0,0,0,0,0,0,0,0,0,1,0,0,0,0,0,0,0,0,0,0,0,0,0,0,0,1,0,0,0,12.608202196848836,299000
0.1980287417180216,0.09644111792455802,0.010828695756369498,0.012564298104070972,1,0,0,0,0,0,0,0,0,0,0,0,0,0,0,1,0,0,0,0,0,0,0,0,0,0,0,0,0,1,0,0,0,0,0,0,0,0,0,1,0,0,1,12.611541086966115,300000
0.1980287417180216,0.09644111792455802,0.027002318007737246,-1.1427382348800126,0,0,0,0,0,0,0,0,0,0,1,0,0,0,0,0,0,0,0,0,0,0,0,0,0,0,0,0,0,1,0,0,0,0,0,0,0,0,0,1,0,0,1,12.013706813470414,165000
0.1980287417180216,0.09644111792455802,-0.05778667137064519,0.012564298104070972,1,0,0,0,0,0,0,0,0,0,0,0,0,1,0,0,0,0,0,0,0,0,0,1,0,0,0,0,0,0,0,0,0,0,0,0,0,0,0,1,0,0,0,12.337105293891872,228000
0.1980287417180216,0.09644111792455802,0.15786162531425812,0.012564298104070972,0,1,0,0,0,0,0,0,0,1,0,0,0,0,0,0,0,0,1,0,0,0,0,0,0,0,0,0,0,0,0,0,0,0,0,0,0,0,0,0,0,0,1,12.821260987319457,370000
0.1980287417180216,0.09644111792455802,-0.1607097220611672,-1.1427382348800126,1,0,0,0,0,0,0,0,0,0,0,0,0,0,0,0,0,0,0,0,0,0,0,0,0,0,0,0,0,0,0,0,0,0,0,0,0,0,0,1,1,0,0,11.561725152903833,105000
0.1980287417180216,0.09644111792455802,-0.1362042338015191,0.012564298104070972,1,0,0,0,0,0,0,0,0,0,0,0,0,0,0,0,0,1,0,0,0,0,0,0,0,0,0,0,0,0,0,0,0,0,1,0,0,0,0,1,1,0,0,11.759793355371237,128000
1.779741360948829,0.09644111792455802,-0.15727895370481648,-1.1427382348800126,0,0,0,0,0,0,0,0,0,0,0,0,0,1,0,0,0,0,0,0,0,0,0,0,1,0,0,0,0,0,0,0,0,0,0,0,0,0,0,1,0,0,1,12.577639650232573,290000
0.1980287417180216,0.09644111792455802,-0.1362042338015191,0.012564298104070972,0,1,0,0,0,0,0,0,0,0,0,0,0,1,0,0,0,0,0,0,0,0,0,0,1,0,0,0,0,0,0,0,0,0,0,0,0,0,0,1,1,0,0,12.989976472461,438000
-1.383683877512786,0.09644111792455802,-0.04112293935408448,0.012564298104070972,0,1,0,0,0,0,0,0,0,1,0,0,0,0,0,0,0,0,0,0,0,0,0,0,0,0,0,0,0,1,0,0,0,0,0,0,0,0,0,1,0,0,1,12.994532278619134,440000
-2.9653964967435935,-1.946160087556246,-0.24206794308319893,0.012564298104070972,0,0,0,0,0,1,0,0,1,0,0,0,0,0,0,0,0,0,0,0,0,0,0,0,0,1,0,0,0,0,0,0,0,0,0,0,0,0,0,1,0,0,1,12.429220196836383,250000
0.1980287417180216,0.09644111792455802,0.1245341612811367,0.012564298104070972,1,1,0,0,0,0,0,0,0,1,0,0,0,0,0,0,0,0,0,0,0,0,0,0,0,0,0,0,0,0,0,0,0,0,0,1,0,0,0,1,0,0,1,13.038983942375959,460000
0.1980287417180216,0.09644111792455802,0.20687260183355433,-1.1427382348800126,1,0,0,0,0,1,0,0,1,0,0,0,0,0,0,0,0,0,0,0,0,0,0,0,0,1,0,0,0,0,0,0,0,0,0,0,0,0,0,1,0,0,1,13.017005083966255,450000
0.1980287417180216,0.09644111792455802,0.08434516053531381,0.012564298104070972,0,1,0,0,0,0,0,0,0,1,0,0,0,0,0,0,0,0,0,0,0,0,0,0,0,0,0,0,0,1,0,0,0,0,0,0,0,0,0,1,1,0,0,12.807655372286902,365000
0.1980287417180216,0.09644111792455802,-0.08719325728222291,0.012564298104070972,1,0,0,0,0,0,0,0,0,0,0,0,0,0,0,0,0,1,0,0,0,0,0,0,0,0,0,0,0,0,0,0,0,0,0,0,1,0,0,1,0,1,0,12.487488878546145,265000
0.1980287417180216,-1.946160087556246,-0.15874928300039537,0.012564298104070972,0,0,0,0,0,0,0,0,0,0,0,0,0,1,0,0,0,0,0,0,0,0,0,1,0,0,0,0,0,0,0,0,0,0,0,0,0,0,0,1,1,0,0,12.54254845357358,280000
0.1980287417180216,0.09644111792455802,-0.08964380610818773,0.012564298104070972,0,0,0,1,0,0,0,0,0,0,0,0,0,1,0,0,0,0,0,0,0,0,0,0,1,0,0,0,0,0,0,0,0,0,0,0,0,0,0,1,0,0,0,12.793862088206213,360000
0.1980287417180216,0.09644111792455802,0.21177369948548394,1.1678668310881546,1,0,0,0,0,0,0,0,0,0,0,0,0,0,0,0,0,1,0,0,0,0,0,0,0,0,0,0,0,0,0,0,0,0,0,0,1,0,0,1,0,1,0,12.524530013005734,275000
0.1980287417180216,0.09644111792455802,0.11179130738611968,0.012564298104070972,0,1,0,0,0,0,0,0,0,1,0,0,0,0,0,0,0,0,0,0,0,0,0,0,0,0,0,0,0,1,0,0,0,0,0,0,0,0,0,1,0,0,1,12.498745990829315,268000
0.1980287417180216,0.09644111792455802,-0.03818228076292671,0.012564298104070972,0,0,0,0,0,0,0,0,0,0,0,0,0,1,0,0,0,0,0,0,1,0,0,0,0,0,0,0,0,0,0,0,0,0,0,0,0,0,0,1,0,0,0,12.95039048795861,421000
0.1980287417180216,0.09644111792455802,-0.18227455172965756,-1.1427382348800126,1,0,0,0,0,0,0,0,0,1,0,0,0,0,0,0,0,0,0,0,0,1,0,0,0,0,0,0,0,0,0,0,0,0,0,0,0,0,0,1,0,0,0,12.380030154325457,238000
0.1980287417180216,-1.946160087556246,-0.18129433219927163,-1.1427382348800126,1,0,0,0,0,0,0,0,0,0,0,0,0,0,0,0,0,1,1,0,0,0,0,0,0,0,0,0,0,0,0,0,0,0,0,0,0,0,0,1,0,0,0,11.951186847493476,155000
0.1980287417180216,0.09644111792455802,-0.1067976478899414,-1.1427382348800126,1,0,0,0,0,0,0,0,0,1,0,0,0,0,0,0,0,0,0,0,0,1,0,0,0,0,0,0,0,0,0,0,0,0,0,0,0,0,0,1,0,0,0,12.180759965737863,195000
0.1980287417180216,0.09644111792455802,0.0598396722756657,0.012564298104070972,0,1,0,0,0,0,0,0,0,0,1,0,0,0,0,0,0,0,0,0,0,0,0,0,0,0,0,0,0,1,0,0,0,0,0,0,0,0,0,1,0,0,1,12.765691290604371,350000
1.779741360948829,2.139042323405362,0.1166924050380493,1.1678668310881546,0,0,0,0,0,0,0,0,1,0,0,0,0,0,0,0,0,0,0,0,0,0,0,0,0,1,0,0,0,0,0,0,0,0,0,0,0,0,0,1,0,0,1,12.611541086966115,300000
0.1980287417180216,0.09644111792455802,0.05591879415412201,1.1678668310881546,0,1,0,0,0,0,0,0,0,1,0,0,0,0,0,0,0,0,0,0,0,0,0,0,0,0,0,0,0,0,0,0,0,1,0,0,0,0,0,1,0,1,0,13.081543466215237,480000
1.779741360948829,2.139042323405362,1.089070179180886,2.323169364072238,1,1,0,0,0,0,0,0,0,0,0,0,0,0,0,0,0,1,1,0,0,0,0,0,0,0,0,0,0,0,0,0,0,0,0,0,0,0,0,1,1,0,0,13.527829818844937,750000
0.1980287417180216,0.09644111792455802,-0.03132074405022524,0.012564298104070972,0,0,0,0,0,0,0,0,0,0,0,0,0,0,0,0,0,1,0,0,0,0,0,0,0,0,0,0,0,0,0,0,0,0,0,0,1,0,0,1,0,1,0,12.660331092405906,315000
0.1980287417180216,0.09644111792455802,0.03778473284198241,0.012564298104070972,1,1,0,0,0,0,0,0,0,0,0,0,0,0,0,0,0,1,0,0,0,0,0,0,0,0,0,0,0,1,0,0,0,0,0,0,0,0,0,1,1,0,0,12.506180941677357,270000
0.1980287417180216,0.09644111792455802,-0.06268776902257481,0.012564298104070972,0,0,0,0,0,0,0,0,0,0,0,0,0,0,0,0,0,1,0,0,0,0,0,0,0,0,0,0,0,0,0,0,0,0,0,0,1,0,0,1,1,0,0,12.59473402514672,295000
0.1980287417180216,0.09644111792455802,-0.03818228076292671,0.012564298104070972,0,0,0,0,0,0,0,0,0,0,0,0,0,1,0,0,0,0,0,0,1,0,0,0,0,0,0,0,0,0,0,0,0,0,0,0,0,0,0,0,1,0,0,12.807655372286902,365000
0.1980287417180216,0.09644111792455802,0.0211210008254217,0.012564298104070972,1,0,0,0,0,1,0,0,0,1,0,0,0,0,0,0,0,0,0,0,0,0,0,0,0,0,0,0,0,0,0,0,0,0,0,1,0,0,0,1,1,0,0,13.120363378739663,499000
0.1980287417180216,0.09644111792455802,0.10787042926457599,-1.1427382348800126,1,1,0,0,0,0,0,0,0,0,0,0,0,0,0,0,0,1,0,0,0,0,0,0,0,0,0,0,0,1,0,0,0,0,0,0,0,0,0,0,0,0,1,13.132315688453556,505000
1.779741360948829,0.09644111792455802,0.09022647771762936,1.1678668310881546,1,0,0,0,0,1,0,0,0,1,0,0,0,0,0,0,0,0,0,0,0,0,0,0,0,0,0,0,0,1,0,0,0,0,0,0,0,0,0,1,0,0,1,13.178745601197818,529000
0.1980287417180216,0.09644111792455802,-0.08719325728222291,-1.1427382348800126,1,0,0,0,0,0,0,0,0,1,0,0,0,0,0,0,0,0,0,0,0,0,0,0,0,0,0,0,0,1,0,0,0,0,0,0,0,0,0,1,0,0,1,12.031725210748633,168000
0.1980287417180216,0.09644111792455802,-0.020538329215980075,0.012564298104070972,0,1,0,0,0,0,0,0,0,0,0,0,0,0,0,0,0,1,0,0,0,1,0,0,0,0,0,0,0,0,0,0,0,0,0,0,0,0,0,0,0,0,0,12.506180941677357,270000
-1.383683877512786,-1.946160087556246,-0.2371668454312693,-1.1427382348800126,0,0,0,0,0,0,0,0,1,0,0,0,0,0,0,0,0,0,0,0,0,0,0,0,0,0,0,0,0,1,0,0,0,0,0,0,0,0,0,1,0,1,0,12.04355959836804,170000
0.1980287417180216,0.09644111792455802,-0.11169874554187102,0.012564298104070972,0,1,0,0,0,0,0,0,0,0,0,0,0,1,0,0,0,0,0,0,0,0,1,0,0,0,0,0,0,0,0,0,0,0,0,0,0,0,0,1,1,0,0,12.765691290604371,350000
0.1980287417180216,0.09644111792455802,-0.03818228076292671,1.1678668310881546,0,1,0,0,0,0,0,0,0,1,0,0,0,0,0,0,0,0,0,0,0,0,0,0,0,0,0,0,0,1,0,0,0,0,0,0,0,0,1,0,0,0,0,13.118357364036902,498000
0.1980287417180216,0.09644111792455802,-0.0925844646993455,-1.1427382348800126,0,0,0,0,0,0,0,0,0,0,0,0,1,0,0,0,0,0,0,0,0,0,0,0,0,0,0,0,0,0,0,0,1,0,0,0,0,0,0,1,0,1,0,11.982935344196433,160000
0.1980287417180216,0.09644111792455802,-0.11022841624629214,-1.1427382348800126,1,0,0,0,0,0,0,0,0,0,0,0,0,0,0,0,0,1,0,0,0,0,0,0,0,0,0,0,0,1,0,0,0,0,0,0,0,0,0,1,0,0,1,12.100717685412471,180000
0.1980287417180216,0.09644111792455802,-0.07347018385681997,0.012564298104070972,0,1,0,0,0,0,0,0,0,1,0,0,0,0,0,0,0,0,0,0,0,0,0,0,0,0,0,0,0,1,0,0,0,0,0,0,0,0,0,1,0,0,1,12.65332248457913,312800
0.1980287417180216,-1.946160087556246,-0.14600642910537837,-1.1427382348800126,0,0,0,0,0,0,0,0,0,0,0,0,0,1,0,0,0,0,0,0,0,0,0,0,0,0,0,0,0,1,0,0,0,0,0,0,0,0,0,1,1,0,0,12.345838935721968,230000
-2.9653964967435935,-1.946160087556246,-0.2102108083456564,0.012564298104070972,1,0,0,0,0,0,0,0,1,0,0,0,0,0,0,0,0,0,0,0,0,0,0,0,0,1,0,0,0,0,0,0,0,0,0,0,0,0,0,1,1,0,0,12.779875885354993,355000
0.1980287417180216,0.09644111792455802,0.15198030813194258,-1.1427382348800126,0,1,0,0,0,0,0,0,0,0,0,0,0,0,0,0,0,1,0,0,0,0,0,0,0,0,1,0,0,0,0,0,0,0,0,0,0,0,0,1,0,0,1,12.868763195921677,388000
-1.383683877512786,-1.946160087556246,-0.22442399153625228,-1.1427382348800126,1,0,0,0,0,0,0,0,0,0,0,0,0,1,0,0,0,0,0,1,0,0,0,0,0,0,0,0,0,0,0,0,0,0,0,0,0,0,0,1,1,0,0,11.736077016252437,125000
0.1980287417180216,0.09644111792455802,-0.1092481967159062,0.012564298104070972,0,0,0,0,0,0,0,0,0,0,0,0,0,0,0,0,0,1,0,0,0,0,0,0,0,0,0,0,0,0,0,0,0,0,0,0,1,0,0,1,0,0,0,12.301387370778713,220000
1.779741360948829,2.139042323405362,0.0598396722756657,1.1678668310881546,0,1,0,0,0,0,0,0,0,0,0,0,0,0,1,0,0,0,0,0,0,0,0,0,0,0,0,0,0,1,0,0,0,0,0,0,0,0,0,1,0,0,1,12.604852121186608,298000
0.1980287417180216,0.09644111792455802,-0.0024042679038404776,0.012564298104070972,1,1,0,0,0,0,0,0,1,0,0,0,0,0,0,0,0,0,0,0,0,0,0,0,0,1,0,0,0,0,0,0,0,0,0,0,0,0,0,1,0,1,0,12.611541086966115,300000
0.1980287417180216,0.09644111792455802,0.06425066016240236,-1.1427382348800126,0,1,0,0,0,0,0,0,0,0,0,0,1,0,0,0,0,0,0,0,0,0,0,0,0,0,0,0,0,1,0,0,0,0,0,0,0,0,0,1,0,0,1,12.868763195921677,388000
0.1980287417180216,0.09644111792455802,-0.1607097220611672,0.012564298104070972,0,0,0,1,0,0,0,0,0,0,0,0,0,0,0,0,0,1,0,0,0,0,0,0,0,0,0,0,0,0,0,0,0,0,1,0,0,0,0,1,0,0,0,11.561725152903833,105000
0.1980287417180216,0.09644111792455802,-0.06268776902257481,-1.1427382348800126,1,0,0,0,0,0,0,0,0,0,0,0,0,0,0,0,0,1,0,0,0,0,0,0,0,0,0,0,0,1,0,0,0,0,0,0,0,0,0,1,0,0,0,12.013706813470414,165000
0.1980287417180216,0.09644111792455802,-0.013676792503278605,0.012564298104070972,0,0,0,0,0,0,0,0,0,0,0,0,0,0,0,0,0,1,0,0,0,0,0,0,0,0,1,0,0,0,0,0,0,0,0,0,0,0,0,1,0,0,0,12.031725210748633,168000
0.1980287417180216,0.09644111792455802,-0.03377129287619005,1.1678668310881546,0,1,0,0,0,0,0,0,0,1,0,0,0,0,0,0,0,0,0,0,0,0,0,0,0,0,0,0,0,1,0,0,0,0,0,0,0,0,0,1,0,0,0,13.235693848424024,560000
0.1980287417180216,0.09644111792455802,-0.07248996432643405,-1.1427382348800126,1,0,0,0,0,0,0,0,0,1,0,0,0,0,0,0,0,0,0,0,0,0,0,0,0,0,0,0,0,1,0,0,0,0,0,0,0,0,0,1,0,0,1,12.031725210748633,168000
0.1980287417180216,0.09644111792455802,0.8293120036286161,1.1678668310881546,1,0,0,0,1,0,0,0,0,0,0,0,1,0,0,0,0,0,0,0,0,0,0,0,0,0,0,0,0,1,0,0,0,0,0,0,0,0,0,1,0,0,1,12.873904582205107,390000
0.1980287417180216,0.09644111792455802,-0.11169874554187102,0.012564298104070972,0,0,0,0,0,0,0,0,0,0,0,0,0,0,0,0,0,1,0,0,0,0,0,0,0,0,0,0,0,0,0,0,0,0,0,0,1,0,0,1,1,0,0,12.206077645517674,200000
0.1980287417180216,0.09644111792455802,-0.02936030498945339,1.1678668310881546,1,0,0,0,0,0,0,0,0,1,0,0,0,0,0,0,0,0,0,0,0,0,0,0,0,0,0,0,0,1,0,0,0,0,0,0,0,0,0,1,0,0,1,12.535379989788607,278000
0.1980287417180216,0.09644111792455802,0.15198030813194258,1.1678668310881546,0,1,0,0,0,0,0,0,0,0,0,0,0,0,0,0,0,1,0,0,0,0,0,0,0,0,1,0,0,0,0,0,0,0,0,0,0,0,0,1,0,0,0,12.779875885354993,355000
0.1980287417180216,0.09644111792455802,-0.06268776902257481,1.1678668310881546,1,0,0,0,0,0,0,0,0,0,0,0,0,0,0,1,0,0,0,0,0,0,0,0,0,0,0,1,0,0,0,0,0,0,0,0,0,0,0,1,0,0,1,12.54254845357358,280000
0.1980287417180216,0.09644111792455802,-0.10189655023801178,0.012564298104070972,0,0,0,0,0,0,0,0,1,0,0,0,0,0,0,0,0,0,0,0,0,0,0,0,0,0,0,0,0,1,0,0,0,0,0,0,0,0,0,1,0,1,0,12.04355959836804,170000
1.779741360948829,0.09644111792455802,0.01131880552156246,1.1678668310881546,0,0,0,0,0,0,0,0,0,1,0,0,0,0,0,0,0,0,0,0,0,0,0,0,0,0,0,0,0,0,0,0,0,1,0,0,0,0,0,1,0,1,0,13.217675375388819,550000
0.1980287417180216,0.09644111792455802,0.33822201890526815,1.1678668310881546,0,1,0,0,0,0,0,0,0,0,0,0,0,0,0,0,0,1,0,0,0,0,0,0,0,0,0,0,0,0,1,0,0,0,0,0,0,0,0,1,1,0,0,13.507627138738266,735000
0.1980287417180216,0.09644111792455802,-0.020538329215980075,1.1678668310881546,0,1,0,0,0,0,0,0,0,0,0,0,1,0,0,0,0,0,0,0,0,0,0,0,0,0,0,0,0,0,0,0,1,0,0,0,0,0,0,1,1,0,0,13.25339339419516,570000
0.1980287417180216,0.09644111792455802,0.022101220355807624,1.1678668310881546,1,1,0,0,0,0,0,0,0,1,0,0,0,0,0,0,0,0,0,0,0,0,0,0,0,0,0,0,0,1,0,0,0,0,0,0,0,0,0,1,0,0,1,13.197472705176983,539000
0.1980287417180216,0.09644111792455802,-0.013676792503278605,0.012564298104070972,1,1,0,0,0,0,0,0,0,0,0,0,0,0,0,0,0,1,0,0,0,0,0,0,0,0,0,0,0,1,0,0,0,0,0,0,0,0,0,0,1,0,0,12.604852121186608,298000
0.1980287417180216,0.09644111792455802,-0.06366798855296074,1.1678668310881546,1,1,0,0,0,0,0,0,0,0,0,0,0,0,0,1,0,0,0,0,0,0,0,0,0,0,0,0,0,1,0,0,0,0,0,0,0,0,0,1,1,0,0,13.180634172318978,530000
-1.383683877512786,0.09644111792455802,-0.18374488102523645,0.012564298104070972,1,0,0,1,0,0,0,0,0,0,0,0,0,0,0,0,0,1,0,0,0,0,0,0,0,0,0,0,0,1,0,0,0,0,0,0,0,0,0,1,0,0,1,11.532737896139919,102000
-1.383683877512786,-1.946160087556246,-0.20972069858046344,-1.1427382348800126,0,0,0,1,0,0,0,0,0,0,0,0,0,1,0,0,0,0,0,0,0,0,0,0,0,0,0,0,0,0,0,0,0,0,0,0,0,1,0,1,1,0,0,11.608244735642321,110000
1.779741360948829,0.09644111792455802,0.08385505077012084,1.1678668310881546,0,1,0,0,0,0,0,0,0,0,0,0,0,0,0,0,0,1,0,0,0,0,0,0,0,0,0,0,0,0,0,0,0,0,0,0,1,0,0,1,1,0,0,12.911150867308073,404800
0.1980287417180216,0.09644111792455802,-0.06268776902257481,0.012564298104070972,0,0,0,0,0,0,0,0,0,0,0,0,0,0,0,0,0,1,0,0,0,0,0,0,0,0,0,0,0,1,0,0,0,0,0,0,0,0,0,1,0,0,1,12.733168193349542,338800
1.779741360948829,0.09644111792455802,-0.06268776902257481,0.012564298104070972,0,0,0,0,0,0,0,0,0,0,0,0,0,0,0,0,0,1,0,0,0,0,0,0,0,0,0,0,0,1,0,0,0,0,0,0,0,0,0,1,0,1,0,12.608202196848836,299000
-1.383683877512786,0.09644111792455802,0.020140781295035777,-1.1427382348800126,1,1,0,0,0,0,0,0,1,0,0,0,0,0,0,0,0,0,0,0,0,0,0,0,0,0,0,0,0,1,0,0,0,0,0,0,0,0,0,1,0,0,1,12.899222326086994,400000
0.1980287417180216,0.09644111792455802,-0.11169874554187102,0.012564298104070972,1,0,0,0,0,0,0,0,0,1,0,0,0,0,0,0,0,0,0,0,0,1,0,0,0,0,0,0,0,0,0,0,0,0,0,0,0,0,0,0,1,0,0,12.429220196836383,250000
0.1980287417180216,0.09644111792455802,0.05542868438892905,0.012564298104070972,0,1,0,0,0,0,0,0,0,1,0,0,0,0,0,0,0,0,0,0,0,0,0,0,0,0,0,0,0,1,0,0,0,0,0,0,0,0,0,1,1,0,0,12.73670383776449,340000
0.1980287417180216,0.09644111792455802,-0.05288557371871557,0.012564298104070972,1,0,0,0,0,1,0,0,0,0,0,0,0,0,0,1,0,0,0,0,0,0,0,0,0,0,0,1,0,0,0,0,0,0,0,0,0,0,0,1,0,0,1,12.989976472461,438000
-1.383683877512786,0.09644111792455802,-0.04308337841485633,0.012564298104070972,0,0,0,0,0,0,0,0,0,0,0,0,0,0,0,0,0,1,0,0,0,0,0,0,0,0,0,0,0,1,0,0,0,0,0,0,0,0,0,1,0,0,1,13.180634172318978,530000
0.1980287417180216,0.09644111792455802,0.22206600455453615,0.012564298104070972,0,1,0,0,0,0,0,0,0,0,0,0,0,0,0,0,0,1,1,0,0,0,0,0,0,0,0,0,0,0,0,0,0,0,0,0,0,0,0,1,0,0,1,12.793862088206213,360000
0.1980287417180216,0.09644111792455802,0.20687260183355433,0.012564298104070972,0,1,0,0,0,0,0,0,0,1,0,0,0,0,0,0,0,0,0,0,0,0,0,0,0,0,0,0,0,1,0,0,0,0,0,0,0,0,1,0,0,0,1,13.353476685668044,630000
0.1980287417180216,0.09644111792455802,-0.07739106197836368,0.012564298104070972,0,0,0,0,0,0,0,0,0,0,0,0,0,1,0,0,0,0,0,0,0,0,0,0,0,0,0,0,0,1,0,0,0,0,0,0,0,0,0,1,0,0,0,12.706850963741102,330000
0.1980287417180216,0.09644111792455802,-0.1362042338015191,0.012564298104070972,1,0,0,0,0,0,0,0,0,0,0,0,0,0,0,0,0,1,0,0,0,0,0,0,0,0,0,0,0,1,0,0,0,0,0,0,0,0,0,1,0,0,0,12.154784614286667,190000
0.1980287417180216,0.09644111792455802,-0.1313031361495895,0.012564298104070972,1,0,0,0,0,0,0,0,0,0,0,0,0,0,0,0,0,1,0,0,0,0,0,0,0,0,0,0,0,0,1,0,0,0,0,0,0,0,0,1,0,0,0,12.425212191503038,249000
0.1980287417180216,0.09644111792455802,-0.1313031361495895,0.012564298104070972,1,0,0,0,0,0,0,0,0,0,0,0,0,0,0,0,0,1,0,0,0,0,0,0,0,0,0,0,0,0,1,0,0,0,0,0,0,0,0,1,0,0,0,12.608202196848836,299000
-1.383683877512786,0.09644111792455802,-0.056806451840259266,0.012564298104070972,0,0,0,0,0,1,0,0,1,0,0,0,0,0,0,0,0,0,0,0,0,0,0,0,0,0,0,0,0,1,0,0,0,0,0,0,0,0,0,1,0,0,0,12.628070334272698,305000
-1.383683877512786,0.09644111792455802,-0.10189655023801178,-1.1427382348800126,0,0,0,0,0,1,0,0,1,0,0,0,0,0,0,0,0,0,0,0,0,0,0,0,0,1,0,0,0,0,0,0,0,0,0,0,0,0,0,1,0,0,1,13.098072734013513,488000
0.1980287417180216,0.09644111792455802,0.028472647303316133,1.1678668310881546,0,0,0,0,0,1,0,0,1,0,0,0,0,0,0,0,0,0,0,0,0,0,0,0,0,0,0,0,0,1,0,0,0,0,0,0,0,0,0,1,0,0,0,12.804911893867851,364000
-1.383683877512786,0.09644111792455802,-0.01220646320769972,0.012564298104070972,0,0,0,0,0,0,0,0,1,0,0,0,0,0,0,0,0,0,0,0,0,0,0,0,0,1,0,0,0,0,0,0,0,0,0,0,0,0,0,1,0,0,0,13.132315688453556,505000
0.1980287417180216,0.09644111792455802,-0.06268776902257481,-1.1427382348800126,1,0,0,0,0,0,0,0,0,0,0,0,0,0,0,1,0,0,0,0,0,0,0,0,0,0,0,0,0,1,0,0,0,0,0,0,0,0,0,1,0,1,0,12.524530013005734,275000
0.1980287417180216,0.09644111792455802,-0.06268776902257481,0.012564298104070972,0,0,0,0,0,0,0,0,0,0,0,0,0,0,0,0,0,1,0,0,0,1,0,0,0,0,0,0,0,0,0,0,0,0,0,0,0,0,0,1,0,0,1,12.301382825334498,219999
0.1980287417180216,0.09644111792455802,-0.04896469559717187,-1.1427382348800126,0,0,0,0,0,1,0,0,0,1,0,0,0,0,0,0,0,0,0,0,0,0,0,0,0,0,0,0,0,0,0,0,0,1,0,0,0,0,0,1,0,0,0,13.060490101343552,470000
0.1980287417180216,0.09644111792455802,-0.1362042338015191,0.012564298104070972,1,0,0,0,0,0,0,0,0,0,0,0,0,0,0,0,0,0,0,0,0,0,0,0,0,0,0,0,0,0,0,0,0,0,0,0,0,0,0,1,0,1,0,12.278397958261774,215000
0.1980287417180216,0.09644111792455802,-0.1362042338015191,0.012564298104070972,1,0,0,0,0,0,0,0,0,0,0,0,0,0,0,0,0,0,0,0,0,0,0,0,0,0,0,0,0,0,0,0,0,0,0,0,0,0,0,1,0,0,0,12.384223015005313,239000
0.1980287417180216,0.09644111792455802,-0.1362042338015191,0.012564298104070972,1,0,0,0,0,0,0,0,0,0,0,0,0,0,0,0,0,0,0,0,0,0,0,0,0,0,0,0,0,0,0,0,0,0,0,0,0,0,0,1,0,0,0,12.367345048436391,235000
0.1980287417180216,0.09644111792455802,-0.1362042338015191,0.012564298104070972,1,0,0,0,0,0,0,0,0,0,0,0,0,0,0,0,0,0,0,0,0,0,0,0,0,0,0,0,0,0,0,0,0,0,0,0,0,0,0,1,0,0,0,12.384223015005313,239000
0.1980287417180216,0.09644111792455802,-0.1362042338015191,0.012564298104070972,1,0,0,0,0,0,0,0,0,0,0,0,0,0,0,0,0,1,0,0,0,0,0,0,0,0,0,0,0,1,0,0,0,0,0,0,0,0,0,1,0,0,0,12.154784614286667,190000
0.1980287417180216,0.09644111792455802,-0.1362042338015191,0.012564298104070972,1,0,0,0,0,0,0,0,0,0,0,0,0,0,0,0,0,1,0,0,0,0,0,0,0,0,0,0,0,1,0,0,0,0,0,0,0,0,0,1,0,0,0,12.100717685412471,180000
0.1980287417180216,0.09644111792455802,-0.1607097220611672,-1.1427382348800126,1,0,0,0,0,0,0,0,0,0,0,0,0,0,0,0,0,0,0,0,0,0,0,0,0,0,0,0,0,0,0,0,0,0,0,0,0,0,0,1,0,0,0,11.775297421715827,130000
0.1980287417180216,0.09644111792455802,-0.1362042338015191,0.012564298104070972,1,0,0,0,0,0,0,0,0,0,0,0,0,0,0,0,0,0,0,0,0,0,0,0,0,0,0,0,0,0,0,0,0,0,0,0,0,0,0,1,0,0,0,12.25486757159303,210000
0.1980287417180216,0.09644111792455802,-0.06268776902257481,0.012564298104070972,1,0,0,0,0,0,0,0,0,0,0,0,0,0,0,0,0,1,0,0,0,0,0,0,0,0,0,0,0,1,0,0,0,0,0,0,0,0,0,1,0,0,0,12.36308066783498,234000
0.1980287417180216,-1.946160087556246,-0.06268776902257481,0.012564298104070972,1,0,0,0,0,0,0,0,0,0,0,0,0,0,0,0,0,0,0,0,0,0,0,0,0,0,0,0,0,0,0,0,0,0,0,0,0,0,0,1,0,0,0,12.567240979056246,287000
0.1980287417180216,0.09644111792455802,-0.1313031361495895,0.012564298104070972,1,0,0,0,0,0,0,0,0,0,0,0,0,0,0,0,0,0,0,0,0,0,0,0,0,0,0,0,0,0,0,0,0,0,0,0,0,0,0,1,0,0,0,12.122696471358964,184000
0.1980287417180216,0.09644111792455802,0.039255062137561296,0.012564298104070972,0,0,0,0,0,0,0,0,0,0,0,0,0,0,0,0,0,1,0,0,0,0,0,0,0,0,0,0,0,0,0,1,0,0,0,0,0,0,0,1,1,0,0,12.706850963741102,330000
0.1980287417180216,0.09644111792455802,-0.08180204986510033,1.1678668310881546,0,0,0,0,0,0,0,0,0,0,0,0,0,0,0,0,0,1,0,0,0,0,0,0,0,0,0,0,0,1,0,0,0,0,0,0,0,0,0,1,0,0,1,12.468440756144114,260000
0.1980287417180216,0.09644111792455802,-0.14257566074902764,-1.1427382348800126,1,0,0,0,0,0,0,0,0,0,0,0,0,0,0,0,0,1,0,0,0,0,0,0,0,0,0,0,0,0,0,1,0,0,0,0,0,0,0,0,0,0,0,11.849404844423074,140000
0.1980287417180216,0.09644111792455802,0.09659790466513786,0.012564298104070972,0,1,0,0,0,0,0,0,0,1,0,0,0,0,0,0,0,0,0,0,0,0,0,0,0,0,0,0,0,1,0,0,0,0,0,0,0,0,0,0,0,0,0,12.971542813248437,430000
1.779741360948829,2.139042323405362,0.20491216277278249,1.1678668310881546,1,1,0,0,0,0,0,0,0,0,0,0,0,0,0,0,0,1,0,0,0,0,0,0,0,0,0,0,0,0,1,0,0,0,0,0,0,0,0,1,0,0,1,13.102162710901053,490000
-2.9653964967435935,-1.946160087556246,-0.2876481512461444,0.012564298104070972,1,1,0,0,0,0,0,0,0,0,0,0,0,0,0,1,0,0,0,0,0,0,0,0,0,0,0,1,0,0,0,0,0,0,0,0,0,0,0,1,0,1,0,12.100717685412471,180000
0.1980287417180216,0.09644111792455802,-0.06709875690931147,1.1678668310881546,0,1,0,0,0,0,0,0,0,0,0,0,0,1,0,0,0,0,0,0,1,0,0,0,0,0,0,0,0,0,0,0,0,0,0,0,0,0,0,1,1,0,0,13.399996629152975,660000
0.1980287417180216,2.139042323405362,0.09022647771762936,-1.1427382348800126,0,0,0,0,0,1,0,0,0,0,0,0,0,0,0,0,0,1,0,0,0,0,0,0,0,0,0,0,0,0,0,0,0,0,0,0,1,0,0,1,0,0,1,12.936036208848487,415000
-2.9653964967435935,-1.946160087556246,-0.15531851464404464,0.012564298104070972,0,0,0,0,0,1,0,0,1,0,0,0,0,0,0,0,0,0,0,0,0,0,0,0,0,1,0,0,0,0,0,0,0,0,0,0,0,0,0,1,1,0,0,12.637858308703688,308000
0.1980287417180216,0.09644111792455802,0.010828695756369498,-1.1427382348800126,1,1,0,0,0,0,0,0,0,0,0,0,0,0,0,1,0,0,0,0,0,0,0,0,0,0,0,1,0,0,0,0,0,0,0,0,0,0,0,1,0,0,1,12.894209796826232,398000
-1.383683877512786,0.09644111792455802,0.11522207574247041,1.1678668310881546,1,1,0,0,0,0,0,0,0,1,0,0,0,0,0,0,0,0,0,0,0,0,0,0,0,0,0,0,0,1,0,0,0,0,0,0,0,0,0,1,0,0,1,13.45883704259595,700000
0.1980287417180216,0.09644111792455802,-0.10042622094243289,0.012564298104070972,0,0,0,0,0,0,0,0,0,0,0,0,0,0,0,0,0,1,0,0,0,0,0,0,0,0,0,0,0,0,0,1,0,0,0,0,0,0,0,1,0,0,0,12.367345048436391,235000
0.1980287417180216,0.09644111792455802,0.10885064879496191,1.1678668310881546,1,1,0,0,0,0,0,0,0,0,0,0,0,0,0,0,0,1,0,0,0,0,0,0,0,0,0,0,0,0,0,0,0,0,1,0,0,0,0,1,0,0,1,12.899222326086994,400000
-1.383683877512786,0.09644111792455802,-0.09699545258608215,1.1678668310881546,1,1,0,0,0,0,0,0,1,0,0,0,0,0,0,0,0,0,0,0,0,0,0,0,0,0,0,0,0,1,0,0,0,0,0,0,0,0,0,1,0,0,1,12.899222326086994,400000
1.779741360948829,2.139042323405362,0.3592967388085655,-1.1427382348800126,0,1,0,0,0,0,0,0,0,0,0,0,0,0,0,0,0,1,0,0,0,0,0,0,0,0,0,0,0,1,0,0,0,0,0,0,0,0,0,0,1,0,0,13.579789490265188,790000
0.1980287417180216,0.09644111792455802,0.0598396722756657,0.012564298104070972,0,1,0,0,0,0,0,0,0,1,0,0,0,0,0,0,0,0,0,0,0,0,0,0,0,0,0,0,0,0,0,0,0,0,0,1,0,0,0,1,0,0,1,13.02805489573287,455000
0.1980287417180216,0.09644111792455802,0.0598396722756657,0.012564298104070972,1,1,0,0,0,0,0,0,0,1,0,0,0,0,0,0,0,0,0,0,0,0,0,0,0,0,0,0,0,1,0,0,0,0,0,0,0,0,0,0,0,0,1,12.894209796826232,398000
1.779741360948829,0.09644111792455802,0.17305502803523995,0.012564298104070972,0,1,0,0,0,0,0,0,0,1,0,0,0,0,0,0,0,0,0,0,0,0,0,0,0,0,0,0,0,0,0,0,0,0,0,1,0,0,0,1,0,0,1,12.873904582205107,390000
0.1980287417180216,0.09644111792455802,0.20687260183355433,1.1678668310881546,1,1,0,0,0,0,0,0,0,1,0,0,0,0,0,0,0,0,0,0,0,1,0,0,0,0,0,0,0,0,0,0,0,0,0,0,0,0,0,1,0,0,1,12.861001210669146,385000
0.1980287417180216,0.09644111792455802,0.10885064879496191,1.1678668310881546,0,1,0,0,0,0,0,0,0,0,0,0,0,0,1,0,0,0,0,0,0,0,0,0,0,0,0,0,0,1,0,0,0,0,0,0,0,0,0,1,0,0,1,13.017005083966255,450000
0.1980287417180216,0.09644111792455802,-0.06268776902257481,1.1678668310881546,0,0,0,0,0,1,0,0,0,0,0,0,0,0,0,0,0,1,0,0,0,0,0,0,0,0,0,0,0,1,0,0,0,0,0,0,0,0,0,1,0,0,0,13.304686600863562,600000
0.1980287417180216,0.09644111792455802,0.022591330121000588,0.012564298104070972,1,0,0,0,0,0,0,0,1,0,0,0,0,0,0,0,0,0,0,0,0,0,0,0,0,1,0,0,0,0,0,0,0,0,0,0,0,0,0,1,0,1,0,12.621491384816093,303000
0.1980287417180216,0.09644111792455802,0.014749573877913194,-1.1427382348800126,0,1,0,0,0,0,0,0,0,0,0,0,0,0,0,0,0,1,0,0,0,0,0,0,0,0,1,0,0,0,0,0,0,0,0,0,0,0,0,1,0,0,0,12.404927602627597,244000
0.1980287417180216,0.09644111792455802,0.010828695756369498,-1.1427382348800126,1,1,0,0,0,0,0,0,0,0,0,0,0,0,0,1,0,0,0,0,0,0,0,0,0,0,0,1,0,0,0,0,0,0,0,0,0,0,0,1,0,0,1,13.017005083966255,450000
-1.383683877512786,-1.946160087556246,-0.228344869657796,-1.1427382348800126,1,1,0,0,0,0,0,0,0,0,0,0,0,0,0,1,0,0,0,0,0,0,0,0,0,0,0,1,0,0,0,0,0,0,0,0,0,0,0,1,0,1,0,12.345838935721968,230000
-1.383683877512786,-1.946160087556246,-0.2788261754726711,-1.1427382348800126,1,0,0,0,0,1,0,0,0,0,0,0,0,0,0,1,0,0,0,0,0,0,0,0,0,0,0,1,0,0,0,0,0,0,0,0,0,0,0,1,1,0,0,13.304686600863562,600000
0.1980287417180216,0.09644111792455802,-0.003874597199419364,-1.1427382348800126,1,1,0,0,0,0,0,0,0,0,0,0,0,0,0,0,0,1,0,0,0,0,0,0,0,0,0,0,0,0,0,1,0,0,0,0,0,0,0,1,0,0,1,12.765691290604371,350000
0.1980287417180216,0.09644111792455802,-0.021028438981173035,0.012564298104070972,0,0,0,0,0,1,0,0,0,1,0,0,0,0,0,0,0,0,0,0,0,0,0,0,0,0,0,0,0,1,0,0,0,0,0,0,0,0,0,1,0,0,1,13.286183160425152,589000
0.1980287417180216,0.09644111792455802,-0.06268776902257481,0.012564298104070972,1,0,0,0,0,0,0,0,0,0,0,0,0,0,0,1,0,0,0,0,0,0,0,0,0,0,0,1,0,0,0,0,0,0,0,0,0,0,0,1,0,0,1,12.644330802262578,310000
0.1980287417180216,2.139042323405362,0.10885064879496191,1.1678668310881546,0,1,0,0,0,0,0,0,0,0,0,0,1,0,0,0,0,0,0,0,0,0,0,0,0,0,0,0,0,0,0,0,1,0,0,0,0,0,0,1,1,0,0,13.120363378739663,499000
0.1980287417180216,0.09644111792455802,-0.06268776902257481,-1.1427382348800126,0,1,0,0,0,0,0,0,0,0,0,0,0,0,0,0,0,1,0,0,0,0,0,0,0,0,0,0,0,1,0,0,0,0,0,0,0,0,0,1,0,0,0,12.574185427296195,289000
-2.9653964967435935,-1.946160087556246,-0.2503998090914793,-1.1427382348800126,0,0,0,0,0,0,1,0,0,0,0,0,0,0,0,0,0,1,0,0,0,0,0,0,0,0,0,0,0,0,0,0,0,0,0,0,1,0,0,1,0,0,0,12.608202196848836,299000
-2.9653964967435935,-1.946160087556246,-0.2214833329450945,0.012564298104070972,0,0,0,0,0,1,0,0,1,0,0,0,0,0,0,0,0,0,0,0,0,0,0,0,0,1,0,0,0,0,0,0,0,0,0,0,0,0,0,1,1,0,0,12.899222326086994,400000
0.1980287417180216,0.09644111792455802,0.0044572688088609915,0.012564298104070972,1,0,0,0,0,0,0,0,0,0,0,0,0,0,0,1,0,0,0,0,0,0,0,0,0,0,0,0,0,1,0,0,0,0,0,0,0,0,0,1,1,0,0,12.948012371209098,420000
0.1980287417180216,0.09644111792455802,0.010828695756369498,0.012564298104070972,1,1,0,0,0,0,0,0,0,0,0,0,0,0,0,1,0,0,0,0,0,0,0,0,0,0,0,1,0,0,0,0,0,0,0,0,0,0,0,1,0,0,1,13.017005083966255,450000
0.1980287417180216,0.09644111792455802,0.07454296523145457,1.1678668310881546,0,1,0,0,0,0,0,0,0,0,0,0,0,1,0,0,0,0,0,0,0,0,1,0,0,0,0,0,0,0,0,0,0,0,0,0,0,0,0,1,1,0,0,13.60479076121576,810000
0.1980287417180216,0.09644111792455802,-0.1415954412186417,0.012564298104070972,0,0,0,0,0,0,0,0,0,0,0,0,0,0,0,0,0,1,0,0,0,0,0,0,0,0,0,0,0,1,0,0,0,0,0,0,0,0,0,1,0,0,0,12.04355959836804,170000
0.1980287417180216,0.09644111792455802,-0.12248116037611619,-1.1427382348800126,1,0,0,1,0,0,0,0,0,0,0,0,0,0,0,0,0,1,0,0,0,0,0,0,0,0,0,0,0,1,0,0,0,0,0,0,0,0,0,1,0,0,0,11.407576060361786,90000
0.1980287417180216,0.09644111792455802,-0.1607097220611672,-1.1427382348800126,0,0,0,1,0,0,0,0,0,0,0,0,0,0,0,0,0,1,0,0,0,0,0,0,0,0,0,0,0,0,0,0,0,0,1,0,0,0,0,1,0,0,0,11.608244735642321,110000
0.1980287417180216,0.09644111792455802,-0.12248116037611619,-1.1427382348800126,1,0,0,1,0,0,0,0,0,0,0,0,0,0,0,0,0,1,0,0,0,0,0,0,0,0,0,0,0,1,0,0,0,0,0,0,0,0,0,0,0,0,0,11.289794413577894,80000
0.1980287417180216,0.09644111792455802,0.0598396722756657,1.1678668310881546,1,1,0,0,0,0,0,0,0,1,0,0,0,0,0,0,0,0,0,0,0,1,0,0,0,0,0,0,0,0,0,0,0,0,0,0,0,0,0,1,1,0,0,13.038983942375959,460000
0.1980287417180216,0.09644111792455802,-0.03818228076292671,0.012564298104070972,0,0,0,0,0,0,0,0,0,0,0,0,0,0,0,0,0,1,0,0,0,0,0,0,0,0,0,0,0,1,0,0,0,0,0,0,0,0,0,0,1,0,0,11.849404844423074,140000
0.1980287417180216,0.09644111792455802,0.2745077494301831,-1.1427382348800126,0,1,0,0,0,0,0,0,0,0,0,0,0,0,0,0,0,1,0,0,0,1,0,0,0,0,0,0,0,0,0,0,0,0,0,0,0,0,0,1,0,0,0,12.502470376049185,269000
-1.383683877512786,0.09644111792455802,-0.045043817475628176,0.012564298104070972,1,0,0,0,0,0,0,0,0,0,0,0,0,0,0,1,0,0,0,0,0,0,0,0,0,0,0,1,0,0,0,0,0,0,0,0,0,0,0,1,0,1,0,12.793862088206213,360000
0.1980287417180216,0.09644111792455802,-0.016127341329243414,1.1678668310881546,1,0,0,0,0,0,0,0,0,1,0,0,0,0,0,0,0,0,0,0,0,0,0,0,0,0,0,0,0,1,0,0,0,0,0,0,0,0,0,1,0,1,0,12.264346270624157,212000
0.1980287417180216,0.09644111792455802,0.2509824807009209,1.1678668310881546,1,1,0,0,0,0,0,0,0,0,0,0,1,0,0,0,0,0,0,0,0,0,0,0,0,0,0,0,0,1,0,0,0,0,0,0,0,0,0,1,0,1,0,13.304519920584285,599900
0.1980287417180216,0.09644111792455802,-0.1607097220611672,0.012564298104070972,0,0,0,0,0,0,0,0,0,0,0,0,0,1,0,0,0,0,0,0,0,0,0,0,0,0,0,0,0,0,0,0,0,0,0,0,0,1,0,1,0,0,1,12.250094315624496,209000
0.1980287417180216,-1.946160087556246,-0.15727895370481648,-1.1427382348800126,1,0,0,1,0,0,0,0,0,0,0,0,0,0,0,0,0,1,0,0,0,0,0,0,0,0,0,0,0,1,0,0,0,0,0,0,0,0,0,1,0,0,1,11.970356641102999,158000
0.1980287417180216,0.09644111792455802,0.10787042926457599,1.1678668310881546,0,1,0,0,0,0,0,0,0,0,0,0,0,1,0,0,0,0,0,0,0,0,0,0,0,0,0,0,0,1,0,0,0,0,0,0,0,0,0,1,0,0,1,13.122365377402328,500000
0.1980287417180216,0.09644111792455802,-0.008775694851348985,0.012564298104070972,0,1,0,0,0,0,0,0,0,0,0,0,0,0,0,0,0,1,0,0,0,0,0,0,0,0,1,0,0,0,0,0,0,0,0,0,0,0,0,1,0,0,1,12.73670383776449,340000
0.1980287417180216,0.09644111792455802,0.20638249206836137,0.012564298104070972,1,1,0,0,0,0,0,0,0,0,0,0,0,0,0,0,1,0,0,0,0,0,0,0,0,0,0,0,1,0,0,0,0,0,0,0,0,0,0,1,0,0,1,13.081543466215237,480000
0.1980287417180216,0.09644111792455802,-0.0847427084562581,0.012564298104070972,1,1,0,0,0,0,0,0,0,0,0,0,0,0,0,0,0,1,0,0,0,0,0,0,0,0,0,0,0,1,0,0,0,0,0,0,0,0,0,0,0,1,0,12.666660207428574,317000
0.1980287417180216,0.09644111792455802,0.0858154898308927,0.012564298104070972,1,1,0,0,0,0,0,0,0,0,0,0,0,0,0,0,1,0,0,0,0,0,0,0,0,0,0,0,1,0,0,0,0,0,0,0,0,0,0,1,0,0,0,13.102162710901053,490000
1.779741360948829,0.09644111792455802,0.24314072445783352,-1.1427382348800126,1,1,0,0,0,0,0,0,0,0,0,0,0,1,0,0,0,0,0,0,0,0,0,0,0,0,0,0,0,1,0,0,0,0,0,0,0,0,0,1,0,0,0,13.45883704259595,700000
0.1980287417180216,0.09644111792455802,0.26715610295228864,-1.1427382348800126,1,1,0,0,0,0,0,0,0,0,0,0,1,0,0,0,0,0,0,0,0,0,0,0,0,0,0,0,0,1,0,0,0,0,0,0,0,0,0,1,0,0,1,13.367661298303675,639000
0.1980287417180216,-1.946160087556246,-0.1607097220611672,-1.1427382348800126,1,0,0,1,0,0,0,0,0,0,0,0,1,0,0,0,0,0,0,0,0,0,0,0,0,0,0,0,0,1,0,0,0,0,0,0,0,0,0,0,0,0,1,12.345838935721968,230000
0.1980287417180216,0.09644111792455802,0.26568577365670976,-1.1427382348800126,0,0,0,0,0,0,0,0,0,0,0,0,0,0,0,0,1,0,0,0,0,0,0,0,0,0,0,0,1,0,0,0,0,0,0,0,0,0,0,1,0,0,0,13.304686600863562,600000
0.1980287417180216,0.09644111792455802,-0.004364706964612326,0.012564298104070972,1,1,0,0,0,0,0,0,0,0,0,0,0,0,0,0,0,1,0,0,0,0,0,0,0,0,0,0,0,0,0,0,0,0,0,0,1,0,0,0,0,0,1,12.821260987319457,370000
0.1980287417180216,0.09644111792455802,-0.1533580755832728,-1.1427382348800126,1,0,0,0,0,0,0,0,0,0,0,0,1,0,0,0,0,0,0,0,0,0,0,0,0,0,0,0,0,1,0,0,0,0,0,0,0,0,0,1,0,0,1,11.638685488579059,113400
0.1980287417180216,0.09644111792455802,-0.09993611117723993,0.012564298104070972,1,0,0,0,0,1,0,0,0,1,0,0,0,0,0,0,0,0,0,0,0,1,0,0,0,0,0,0,0,0,0,0,0,0,0,0,0,0,0,1,0,0,1,13.180634172318978,530000
0.1980287417180216,0.09644111792455802,-0.1362042338015191,-1.1427382348800126,0,0,0,0,0,0,0,0,0,0,0,0,0,0,0,0,0,1,0,0,0,0,0,0,0,0,0,0,0,1,0,0,0,0,0,0,0,0,0,1,1,0,0,12.506180941677357,270000
0.1980287417180216,0.09644111792455802,-0.06268776902257481,1.1678668310881546,1,0,0,0,0,0,0,0,1,0,0,0,0,0,0,0,0,0,0,0,0,0,0,0,0,1,0,0,0,0,0,0,0,0,0,0,0,0,0,0,1,0,0,12.301387370778713,220000
0.1980287417180216,0.09644111792455802,-0.14600642910537837,-1.1427382348800126,0,0,0,0,0,0,0,0,0,0,0,0,0,0,0,0,0,1,0,0,0,0,0,0,0,0,0,0,0,0,0,0,0,0,0,0,1,0,0,0,1,0,0,11.951186847493476,155000
0.1980287417180216,2.139042323405362,0.10885064879496191,1.1678668310881546,0,1,0,0,0,0,0,0,0,0,0,0,1,0,0,0,0,0,0,0,0,0,0,0,0,0,0,0,0,0,0,0,1,0,0,0,0,0,0,1,1,0,0,13.120363378739663,499000
0.1980287417180216,2.139042323405362,0.10885064879496191,1.1678668310881546,0,1,0,0,0,0,0,0,0,0,0,0,1,0,0,0,0,0,0,0,0,0,0,0,0,0,0,0,0,0,0,0,1,0,0,0,0,0,0,1,1,0,0,13.120363378739663,499000
0.1980287417180216,0.09644111792455802,-0.1362042338015191,0.012564298104070972,0,0,0,0,0,0,0,0,0,0,0,0,0,0,0,0,0,1,0,0,0,0,0,0,0,0,0,0,0,1,0,0,0,0,0,0,0,0,0,0,0,0,1,12.180759965737863,195000
1.779741360948829,2.139042323405362,0.15786162531425812,1.1678668310881546,0,1,0,0,0,0,0,0,0,0,0,0,1,0,0,0,0,0,0,0,0,0,0,0,0,0,0,0,0,1,0,0,0,0,0,0,0,0,0,0,1,0,0,12.577639650232573,290000
0.1980287417180216,0.09644111792455802,-0.07494051315239886,0.012564298104070972,1,0,0,0,0,0,0,0,0,0,0,0,0,0,0,0,0,1,0,0,0,0,0,0,0,0,0,0,0,0,1,0,0,0,0,0,0,0,0,1,0,0,0,12.04355959836804,170000
0.1980287417180216,0.09644111792455802,-0.09405479399492438,-1.1427382348800126,0,0,0,0,0,0,0,0,0,0,0,0,0,0,0,0,0,1,0,0,0,0,0,0,0,0,0,0,0,1,0,0,0,0,0,0,0,0,0,1,0,0,0,12.409017571151187,245000
0.1980287417180216,0.09644111792455802,-0.08572292798664403,0.012564298104070972,1,0,0,0,0,0,0,0,0,0,0,0,0,0,0,0,0,1,0,0,0,0,0,0,0,0,0,0,0,1,0,0,0,0,0,0,0,0,0,1,0,0,0,12.128116509451258,185000
0.1980287417180216,0.09644111792455802,-0.11169874554187102,-1.1427382348800126,1,0,0,0,0,0,0,0,0,0,0,0,0,0,0,1,0,0,0,0,0,0,0,0,0,0,0,0,0,1,0,0,0,0,0,0,0,0,0,1,0,0,1,11.802987203768778,133650
0.1980287417180216,0.09644111792455802,0.10738031949938302,-1.1427382348800126,0,0,0,0,0,0,0,0,1,0,0,0,0,0,0,0,0,0,0,0,0,0,0,0,0,0,0,0,0,1,0,0,0,0,0,0,0,0,0,1,0,0,1,12.765691290604371,350000
0.1980287417180216,0.09644111792455802,0.2696066517782535,-1.1427382348800126,1,1,0,0,0,0,0,0,0,0,0,0,0,0,0,0,1,0,0,0,0,0,0,0,0,0,0,0,0,1,0,0,0,0,0,0,0,0,0,1,0,0,1,13.499276736023065,728888
0.1980287417180216,0.09644111792455802,0.0353341840160176,0.012564298104070972,0,1,0,0,0,0,0,0,0,0,0,0,0,0,0,0,0,1,0,0,0,0,0,0,0,0,0,0,0,1,0,0,0,0,0,0,0,0,0,1,0,0,0,12.388398368982115,240000
0.1980287417180216,0.09644111792455802,0.0495473672066135,0.012564298104070972,0,1,0,0,0,0,0,0,0,0,0,0,0,0,0,0,0,1,0,0,0,0,0,0,0,0,0,0,0,1,0,0,0,0,0,0,0,0,0,1,0,0,0,12.301387370778713,220000
-2.9653964967435935,-1.946160087556246,-0.25775145556937373,-1.1427382348800126,1,0,0,0,0,1,0,0,0,0,0,0,0,0,0,0,0,1,0,0,0,0,0,0,0,0,0,0,0,0,0,0,0,0,1,0,0,0,0,1,0,0,1,12.437188334739655,252000
0.1980287417180216,0.09644111792455802,-0.06268776902257481,0.012564298104070972,1,0,0,0,0,0,0,0,0,0,0,0,0,0,0,0,0,1,0,0,0,0,0,0,0,0,0,0,0,1,0,0,0,0,0,0,0,0,0,0,0,1,0,12.524530013005734,275000
0.1980287417180216,0.09644111792455802,-0.022498768276751922,0.012564298104070972,0,0,0,0,0,0,0,0,0,0,0,0,0,0,0,0,0,1,0,0,0,0,0,0,0,0,0,0,0,0,0,0,0,0,0,0,1,0,0,1,0,0,1,12.765691290604371,350000
0.1980287417180216,0.09644111792455802,0.05885945274527978,0.012564298104070972,1,1,0,0,0,0,0,0,0,0,0,0,0,0,0,0,0,1,0,0,0,0,0,0,0,0,0,0,0,1,0,0,0,0,0,0,0,0,0,1,0,0,1,12.793859310432293,359999
0.1980287417180216,0.09644111792455802,0.04121550119833314,0.012564298104070972,1,0,0,0,0,0,0,0,0,1,0,0,0,0,0,0,0,0,0,0,0,0,0,0,0,0,0,0,0,0,0,0,0,1,0,0,0,0,0,1,0,0,1,12.736700896592344,339999
0.1980287417180216,0.09644111792455802,-0.030830634285032278,0.012564298104070972,0,0,0,0,0,0,0,0,0,0,0,0,0,0,0,0,0,1,0,0,0,0,0,0,0,0,0,0,0,1,0,0,0,0,0,0,0,0,0,1,0,1,0,12.706850963741102,330000
-1.383683877512786,-1.946160087556246,-0.1945272958594816,0.012564298104070972,1,0,0,0,0,1,0,0,0,0,0,0,0,0,0,0,0,1,0,0,0,0,0,0,0,0,0,0,0,1,0,0,0,0,0,0,0,0,0,1,1,0,0,13.161586013632684,520000
-1.383683877512786,0.09644111792455802,-0.08425259869106515,-1.1427382348800126,1,0,0,0,0,0,0,0,0,0,0,0,0,0,0,0,1,0,0,0,0,0,0,0,0,0,0,0,1,0,0,0,0,0,0,0,0,0,0,1,0,0,0,12.733758336210744,339000
0.1980287417180216,2.139042323405362,0.03288363519005279,1.1678668310881546,0,1,0,0,0,0,0,0,0,0,0,0,1,0,0,0,0,0,0,0,0,0,0,0,0,0,0,0,0,0,0,0,1,0,0,0,0,0,0,1,1,0,0,12.476103599529843,262000
0.1980287417180216,0.09644111792455802,-0.10189655023801178,-1.1427382348800126,0,0,0,1,0,0,0,0,1,0,0,0,0,0,0,0,0,0,0,0,0,0,0,0,0,0,0,0,0,1,0,0,0,0,0,0,0,0,0,1,1,0,0,12.154784614286667,190000
1.779741360948829,0.09644111792455802,0.07895395311819123,0.012564298104070972,0,1,0,0,0,0,0,0,0,0,0,0,0,0,0,0,0,1,0,0,0,0,0,0,0,0,0,0,0,1,0,0,0,0,0,0,0,0,0,1,0,0,0,12.873904582205107,390000
0.1980287417180216,0.09644111792455802,-0.1362042338015191,0.012564298104070972,1,0,0,0,0,0,0,0,0,0,0,0,0,1,0,0,0,0,0,0,1,0,0,0,0,0,0,0,0,0,0,0,0,0,0,0,0,0,0,1,0,0,1,12.19602736016897,198000
1.779741360948829,0.09644111792455802,0.2803890666124986,1.1678668310881546,0,1,0,0,0,0,0,0,0,1,0,0,0,0,0,0,0,0,0,0,0,0,0,0,0,0,0,0,0,0,0,0,0,0,0,1,0,0,0,0,1,0,0,13.361381852676738,635000
0.1980287417180216,0.09644111792455802,-0.1607097220611672,-1.1427382348800126,0,0,0,0,0,0,0,0,0,1,0,0,0,0,0,0,0,0,1,0,0,0,0,0,0,0,0,0,0,0,0,0,0,0,0,0,0,0,0,0,1,0,0,12.100717685412471,180000
0.1980287417180216,-1.946160087556246,-0.14649653887057132,-1.1427382348800126,0,0,0,0,0,0,0,0,0,0,0,0,0,0,0,0,0,1,0,0,0,1,0,0,0,0,0,0,0,0,0,0,0,0,0,0,0,0,0,1,0,0,1,12.100717685412471,180000
0.1980287417180216,0.09644111792455802,0.10885064879496191,1.1678668310881546,1,1,0,0,0,0,0,0,0,0,0,0,1,0,0,0,0,0,0,0,0,0,0,0,0,0,0,0,0,1,0,0,0,0,0,0,0,0,0,1,0,1,0,12.971542813248437,430000
0.1980287417180216,0.09644111792455802,-0.013676792503278605,0.012564298104070972,1,1,0,0,0,0,0,0,0,0,0,0,0,0,0,0,0,1,0,0,0,0,0,0,0,0,0,0,0,1,0,0,0,0,0,0,0,0,0,1,0,0,1,12.644330802262578,310000
-1.383683877512786,-1.946160087556246,-0.1303229166192036,-1.1427382348800126,1,0,0,0,0,0,0,0,0,0,0,0,0,0,0,1,0,0,0,0,0,0,0,0,0,0,0,0,0,1,0,0,0,0,0,0,0,0,0,1,0,0,1,12.429220196836383,250000
0.1980287417180216,0.09644111792455802,-0.1362042338015191,0.012564298104070972,0,0,0,0,0,0,0,0,0,0,0,0,0,1,0,0,0,0,0,0,1,0,0,0,0,0,0,0,0,0,0,0,0,0,0,0,0,0,0,1,0,0,0,12.81584093453868,368000
-1.383683877512786,-1.946160087556246,-0.1303229166192036,-1.1427382348800126,1,0,0,0,0,0,0,0,0,0,0,0,0,0,0,1,0,0,0,0,0,0,0,0,0,0,0,0,0,1,0,0,0,0,0,0,0,0,0,1,0,0,1,12.429220196836383,250000
0.1980287417180216,0.09644111792455802,-0.03720206123254079,-1.1427382348800126,1,0,0,0,0,0,0,0,0,0,0,0,0,0,0,1,0,0,0,0,0,0,0,0,0,0,0,1,0,0,0,0,0,0,0,0,0,0,0,1,1,0,0,12.793862088206213,360000
0.1980287417180216,0.09644111792455802,-0.1362042338015191,0.012564298104070972,0,0,0,0,0,0,0,0,0,0,0,0,0,1,0,0,0,0,0,0,1,0,0,0,0,0,0,0,0,0,0,0,0,0,0,0,0,0,0,1,0,0,0,12.700771936142122,328000
1.779741360948829,0.09644111792455802,0.11179130738611968,1.1678668310881546,1,1,0,0,0,0,0,0,0,0,0,0,0,0,0,0,0,1,0,0,0,0,0,0,0,0,0,0,0,1,0,0,0,0,0,0,0,0,0,1,0,0,1,12.84792653170257,379999
0.1980287417180216,0.09644111792455802,-0.056316342075066306,-1.1427382348800126,1,0,0,0,0,0,0,0,0,0,0,0,0,0,0,0,0,1,0,0,0,0,0,0,0,0,0,0,0,1,0,0,0,0,0,0,0,0,0,0,0,0,1,12.506180941677357,270000
0.1980287417180216,0.09644111792455802,-0.07739106197836368,-1.1427382348800126,0,0,0,0,0,0,0,0,0,0,0,0,0,0,0,0,0,1,0,0,0,1,0,0,0,0,0,0,0,0,0,0,0,0,0,0,0,0,0,1,0,1,0,12.323860125621126,225000
3.3614539801796366,0.09644111792455802,0.09120669724801528,-1.1427382348800126,0,0,0,0,0,0,0,0,1,0,0,0,0,0,0,0,0,0,0,0,0,0,0,0,0,0,0,0,0,1,0,0,0,0,0,0,0,0,0,1,0,0,1,12.59473402514672,295000
0.1980287417180216,0.09644111792455802,0.027002318007737246,1.1678668310881546,0,1,0,0,0,0,0,0,0,0,0,0,0,1,0,0,0,0,0,0,0,0,0,1,0,0,0,0,0,0,0,0,0,0,0,0,0,0,0,1,0,0,1,13.429849547739444,680000
0.1980287417180216,0.09644111792455802,-0.1303229166192036,-1.1427382348800126,1,0,0,0,0,1,0,0,0,0,0,0,0,0,0,0,0,1,0,0,0,0,0,0,0,0,0,0,0,1,0,0,0,0,0,0,0,0,0,1,0,0,0,11.982935344196433,160000
0.1980287417180216,0.09644111792455802,-0.08719325728222291,0.012564298104070972,1,0,0,0,0,0,0,0,0,0,0,0,0,0,0,0,0,1,0,0,0,0,0,0,0,0,0,0,0,0,0,0,0,0,1,0,0,0,0,1,0,0,0,12.154784614286667,190000
0.1980287417180216,0.09644111792455802,-0.03818228076292671,-1.1427382348800126,0,0,0,1,0,0,0,0,1,0,0,0,0,0,0,0,0,0,0,0,0,0,0,0,0,0,0,0,0,1,0,0,0,0,0,0,0,0,0,1,0,1,0,12.154784614286667,190000
0.1980287417180216,0.09644111792455802,-0.06268776902257481,0.012564298104070972,0,0,0,0,0,0,0,0,0,0,0,0,0,0,0,0,0,1,0,0,0,0,0,0,0,0,0,0,0,1,0,0,0,0,0,0,0,0,0,1,0,0,0,12.04355959836804,170000
0.1980287417180216,0.09644111792455802,-0.02445920733752377,1.1678668310881546,1,0,0,0,0,0,0,0,0,0,0,0,0,0,0,0,0,1,0,0,0,0,0,0,0,0,0,0,0,0,0,0,0,0,0,0,1,0,0,1,0,0,0,12.611541086966115,300000
0.1980287417180216,-1.946160087556246,-0.13375368497555432,-1.1427382348800126,1,0,0,1,0,0,0,0,0,0,0,0,0,0,0,0,0,1,0,0,0,0,0,0,0,0,0,0,0,0,0,0,0,0,0,0,1,0,0,0,0,0,0,12.506180941677357,270000
0.1980287417180216,0.09644111792455802,0.20638249206836137,-1.1427382348800126,1,0,0,0,0,0,0,0,0,0,0,0,1,0,0,0,0,0,0,0,0,0,0,0,0,0,0,0,0,1,0,0,0,0,0,0,0,0,0,1,0,0,1,13.081543466215237,480000
0.1980287417180216,0.09644111792455802,-0.030830634285032278,1.1678668310881546,0,0,0,0,0,0,0,0,0,0,0,0,1,0,0,0,0,0,0,0,0,0,0,0,0,0,0,0,0,1,0,0,0,0,0,0,0,0,0,1,0,0,1,13.030250281476574,456000
0.1980287417180216,0.09644111792455802,-0.022498768276751922,0.012564298104070972,1,1,0,0,0,0,0,0,0,0,0,0,0,0,0,0,0,1,0,0,0,0,0,0,0,0,0,0,0,1,0,0,0,0,0,0,0,0,0,1,0,0,1,12.896719202134523,399000
1.779741360948829,0.09644111792455802,0.12257372222036485,1.1678668310881546,1,0,0,0,0,1,0,0,0,0,0,0,0,0,0,0,0,1,0,0,0,0,0,0,0,0,0,0,0,1,0,0,0,0,0,0,0,0,0,1,0,0,0,13.217675375388819,550000
1.779741360948829,0.09644111792455802,0.04121550119833314,-1.1427382348800126,0,0,0,0,0,1,0,0,0,0,0,0,0,0,0,0,0,1,0,0,0,0,0,0,0,0,0,0,0,1,0,0,0,0,0,0,0,0,0,1,0,0,0,12.821258284620408,369999
0.1980287417180216,0.09644111792455802,0.008378146930404687,-1.1427382348800126,0,1,0,0,0,0,0,0,0,0,0,0,0,0,0,0,0,1,0,0,0,0,0,0,0,0,0,0,0,1,0,0,0,0,0,0,0,0,0,1,0,0,0,12.948012371209098,420000
0.1980287417180216,0.09644111792455802,-0.08180204986510033,-1.1427382348800126,0,0,0,0,0,0,0,0,0,0,0,0,0,0,0,0,0,1,0,0,0,0,0,0,0,0,0,0,0,1,0,0,0,0,0,0,0,0,0,1,0,0,0,12.388394202324129,239999
0.1980287417180216,0.09644111792455802,-0.10140644047281881,-1.1427382348800126,1,0,0,0,0,0,0,0,0,0,0,0,0,0,0,0,0,1,0,0,0,0,0,0,0,0,0,0,0,0,1,0,0,0,0,0,0,0,0,1,0,0,0,12.429220196836383,250000
0.1980287417180216,0.09644111792455802,-0.04063282958889152,0.012564298104070972,0,0,0,0,0,0,0,0,0,0,0,0,0,0,0,0,0,1,0,0,0,0,0,0,0,0,1,0,0,0,0,0,0,0,0,0,0,0,0,1,0,1,0,12.577639650232573,290000
0.1980287417180216,0.09644111792455802,0.10885064879496191,1.1678668310881546,0,1,0,0,0,0,0,0,0,0,0,0,0,0,0,0,0,1,0,0,0,0,0,0,0,0,0,0,0,0,0,0,0,0,1,0,0,0,0,0,0,0,1,12.706850963741102,330000
0.1980287417180216,0.09644111792455802,0.10149900231706747,1.1678668310881546,0,0,0,0,0,0,0,0,0,0,0,0,0,0,0,0,0,1,0,0,0,0,0,0,0,0,1,0,0,0,0,0,0,0,0,0,0,0,0,0,0,0,1,12.611541086966115,300000
0.1980287417180216,0.09644111792455802,-0.12591192873246693,0.012564298104070972,1,0,0,0,0,0,0,0,0,1,0,0,0,0,0,0,0,0,0,0,0,0,0,0,0,0,0,0,0,1,0,0,0,0,0,0,0,0,0,0,0,0,0,12.345834587905333,229999
0.1980287417180216,0.09644111792455802,0.04121550119833314,-1.1427382348800126,1,0,0,0,0,0,0,0,0,1,0,0,0,0,0,0,0,0,0,0,0,0,0,0,0,0,0,0,0,0,0,0,0,1,0,0,0,0,0,1,0,0,1,12.779875885354993,355000
0.1980287417180216,0.09644111792455802,-0.12591192873246693,0.012564298104070972,1,0,0,0,0,0,0,0,0,1,0,0,0,0,0,0,0,0,0,0,0,0,0,0,0,0,0,0,0,1,0,0,0,0,0,0,0,0,0,0,0,0,1,12.345834587905333,229999
0.1980287417180216,0.09644111792455802,0.08140450194415604,0.012564298104070972,1,1,0,0,0,0,0,0,0,0,0,0,0,0,0,0,0,1,0,0,0,0,0,0,0,0,0,0,0,1,0,0,0,0,0,0,0,0,0,0,0,0,1,12.706847933442663,329999
0.1980287417180216,0.09644111792455802,0.11081108785573376,0.012564298104070972,0,1,0,0,0,0,0,0,0,0,0,0,0,0,0,1,0,0,0,0,0,0,0,0,0,0,0,0,0,1,0,0,0,0,0,0,0,0,0,1,0,0,1,13.081543466215237,480000
0.1980287417180216,0.09644111792455802,-0.1362042338015191,0.012564298104070972,0,0,0,0,0,0,0,0,0,0,0,0,0,1,0,0,0,0,0,0,0,0,0,0,0,0,0,0,0,1,0,0,0,0,0,0,0,0,0,1,0,0,0,12.51723073716405,273000
0.1980287417180216,0.09644111792455802,0.1269847101071015,1.1678668310881546,0,0,0,0,0,0,0,0,0,0,0,0,0,0,0,0,0,1,0,0,0,1,0,0,0,0,0,0,0,0,0,0,0,0,0,0,0,0,0,1,0,0,1,12.807655372286902,365000
-1.383683877512786,0.09644111792455802,-0.03818228076292671,0.012564298104070972,0,1,0,0,0,0,0,0,0,1,0,0,0,0,0,0,0,0,0,0,0,0,0,0,0,0,0,0,0,1,0,0,0,0,0,0,0,0,0,1,0,0,0,13.487007879880162,720000
0.1980287417180216,0.09644111792455802,0.20638249206836137,0.012564298104070972,1,1,0,0,0,0,0,0,0,0,0,0,0,0,0,0,1,0,0,0,0,0,0,0,0,0,0,0,1,0,0,0,0,0,0,0,0,0,0,1,0,0,0,13.081543466215237,480000
-2.9653964967435935,-1.946160087556246,-0.2891184805417233,0.012564298104070972,1,1,0,0,0,0,0,0,1,0,0,0,0,0,0,0,0,0,0,0,0,0,0,0,0,0,0,0,0,1,0,0,0,0,0,0,0,0,0,1,0,0,1,12.380030154325457,238000
0.1980287417180216,0.09644111792455802,0.028472647303316133,1.1678668310881546,0,1,0,0,0,0,0,0,0,0,0,0,0,1,0,0,0,0,0,0,0,0,0,0,1,0,0,0,0,0,0,0,0,0,0,0,0,0,0,1,0,0,0,13.441545570402797,688000
0.1980287417180216,0.09644111792455802,0.03778473284198241,-1.1427382348800126,0,0,0,0,0,0,0,0,0,0,0,0,0,0,0,0,0,1,0,0,0,0,0,0,0,0,1,0,0,0,0,0,0,0,0,0,0,0,0,1,0,0,0,12.502470376049185,269000
0.1980287417180216,0.09644111792455802,-0.11512951389822175,0.012564298104070972,0,0,0,0,0,0,0,0,0,0,0,0,0,0,0,0,0,1,0,0,0,0,0,0,0,0,0,0,0,1,0,0,0,0,0,0,0,0,0,1,0,1,0,12.301387370778713,220000
-1.383683877512786,-1.946160087556246,-0.22785475989260304,0.012564298104070972,0,0,0,1,0,0,0,0,1,0,0,0,0,0,0,0,0,0,0,0,0,0,0,0,0,1,0,0,0,0,0,0,0,0,0,0,0,0,0,1,1,0,0,11.288543647320601,79900
-1.383683877512786,0.09644111792455802,-0.04798447606678595,-1.1427382348800126,1,1,0,0,0,0,0,0,0,0,0,0,0,0,0,1,0,0,0,0,0,0,0,0,0,0,0,1,0,0,0,0,0,0,0,0,0,0,0,0,0,0,1,12.644330802262578,310000
-1.383683877512786,-1.946160087556246,-0.20972069858046344,-1.1427382348800126,0,0,0,0,0,0,0,0,0,0,0,0,1,0,0,0,0,0,0,0,0,0,0,0,0,0,0,0,0,1,0,0,0,0,0,0,0,0,0,0,0,0,1,11.861827276238836,141750
0.1980287417180216,0.09644111792455802,0.27499785919537606,0.012564298104070972,1,1,0,0,0,0,0,0,0,0,0,0,0,0,0,0,1,0,0,0,0,0,0,0,0,0,0,0,1,0,0,0,0,0,0,0,0,0,0,1,1,0,0,13.429849547739444,680000
-1.383683877512786,0.09644111792455802,0.038274842607175376,1.1678668310881546,1,1,0,0,0,0,0,0,0,0,0,0,0,0,0,0,1,0,0,0,0,0,0,0,0,0,0,0,1,0,0,0,0,0,0,0,0,0,0,1,1,0,0,13.451668563394815,695000
0.1980287417180216,0.09644111792455802,-0.07248996432643405,1.1678668310881546,1,1,0,0,0,0,0,0,0,0,0,0,0,0,0,0,0,1,0,0,0,0,0,0,0,0,0,0,0,0,0,0,0,0,1,0,0,0,0,1,0,0,0,12.154784614286667,190000
0.1980287417180216,0.09644111792455802,0.20687260183355433,-1.1427382348800126,0,0,0,0,0,0,0,0,1,0,0,0,0,0,0,0,0,0,0,0,0,0,0,0,0,1,0,0,0,0,0,0,0,0,0,0,0,0,0,1,0,1,0,12.868763195921677,388000
0.1980287417180216,0.09644111792455802,0.010828695756369498,1.1678668310881546,0,1,0,0,0,0,0,0,0,0,0,0,0,1,0,0,0,0,0,0,1,0,0,0,0,0,0,0,0,0,0,0,0,0,0,0,0,0,0,1,0,1,0,13.180634172318978,530000
0.1980287417180216,0.09644111792455802,0.014749573877913194,1.1678668310881546,0,1,0,0,0,0,0,0,0,0,0,0,0,1,0,0,0,0,0,0,0,0,0,1,0,0,0,0,0,0,0,0,0,0,0,0,0,0,0,1,0,0,1,13.444448325847754,690000
1.779741360948829,0.09644111792455802,-0.07101963503085516,-1.1427382348800126,0,0,0,0,0,0,0,0,1,0,0,0,0,0,0,0,0,0,0,0,0,0,0,0,0,1,0,0,0,0,0,0,0,0,0,0,0,0,0,1,0,0,0,12.380030154325457,238000
0.1980287417180216,0.09644111792455802,-0.030830634285032278,-1.1427382348800126,0,0,0,0,0,0,0,0,0,0,1,0,0,0,0,0,0,0,0,0,0,0,0,0,0,0,0,0,0,1,0,0,0,0,0,0,0,0,0,1,0,1,0,12.409017571151187,245000
0.1980287417180216,0.09644111792455802,0.25245280999649977,1.1678668310881546,0,1,0,0,0,0,0,0,0,0,0,0,0,1,0,0,0,0,0,0,0,0,0,0,0,0,0,0,0,1,0,0,0,0,0,0,0,0,0,1,0,0,0,13.377007146164305,645000
0.1980287417180216,0.09644111792455802,-0.1607097220611672,-1.1427382348800126,1,0,0,1,0,0,0,0,0,0,0,0,0,0,0,0,0,1,0,0,0,0,0,0,0,0,0,0,0,0,0,0,0,0,1,0,0,0,0,1,0,0,0,11.407576060361786,90000
0.1980287417180216,0.09644111792455802,0.03778473284198241,0.012564298104070972,0,0,0,0,0,0,0,0,0,0,0,0,0,0,0,0,0,1,0,0,0,0,0,0,0,0,1,0,0,0,0,0,0,0,0,0,0,0,0,1,0,0,0,12.506180941677357,270000
0.1980287417180216,0.09644111792455802,0.022101220355807624,1.1678668310881546,0,1,0,0,0,0,0,0,0,0,0,0,0,0,0,0,0,1,0,0,0,0,0,0,0,0,1,0,0,0,0,0,0,0,0,0,0,0,0,1,0,0,0,12.611541086966115,300000
0.1980287417180216,-1.946160087556246,-0.1607097220611672,-1.1427382348800126,1,0,0,0,0,0,0,0,0,0,0,0,0,0,0,0,0,1,0,0,0,0,0,0,0,0,0,0,0,0,0,0,0,0,1,0,0,0,0,1,0,0,0,11.835016210489899,138000
0.1980287417180216,0.09644111792455802,-0.08964380610818773,0.012564298104070972,0,0,0,0,0,0,0,0,0,0,0,0,0,0,0,1,0,0,0,0,0,0,0,0,0,0,0,1,0,0,0,0,0,0,0,0,0,0,0,0,0,1,0,12.54254845357358,280000
0.1980287417180216,0.09644111792455802,-0.08719325728222291,0.012564298104070972,0,1,0,0,0,0,0,0,0,0,0,0,0,1,0,0,0,0,0,0,1,0,0,0,0,0,0,0,0,0,0,0,0,0,0,0,0,0,0,1,0,1,0,12.676079399771027,320000
0.1980287417180216,0.09644111792455802,-0.05778667137064519,1.1678668310881546,0,1,0,0,0,0,0,0,0,0,0,0,0,0,0,0,0,1,0,0,0,0,0,0,0,0,0,0,0,1,0,0,0,0,0,0,0,0,0,1,0,1,0,12.676079399771027,320000
0.1980287417180216,0.09644111792455802,0.01572979340829912,1.1678668310881546,1,1,0,0,0,0,0,0,0,0,0,0,0,1,0,0,0,0,0,0,0,0,0,1,0,0,0,0,0,0,0,0,0,0,0,0,0,0,0,1,0,0,0,13.429849547739444,680000
0.1980287417180216,0.09644111792455802,-0.04308337841485633,0.012564298104070972,1,0,0,0,0,0,0,0,0,0,0,0,0,0,0,0,0,1,0,0,0,0,0,0,0,0,0,0,0,0,0,0,0,0,1,0,0,0,0,1,0,0,1,12.421188057397055,248000
0.1980287417180216,0.09644111792455802,0.0353341840160176,1.1678668310881546,1,1,0,0,0,0,0,0,0,0,0,0,1,0,0,0,0,0,0,0,0,0,0,0,0,0,0,0,0,0,0,0,1,0,0,0,0,0,0,1,0,0,1,12.94323910384853,418000
0.1980287417180216,0.09644111792455802,0.0353341840160176,1.1678668310881546,1,1,0,0,0,0,0,0,0,1,0,0,0,0,0,0,0,0,0,0,0,0,0,0,0,0,0,0,0,1,0,0,0,0,0,0,0,0,0,1,0,0,1,12.94323910384853,418000
0.1980287417180216,0.09644111792455802,0.01572979340829912,1.1678668310881546,1,1,0,0,0,0,0,0,0,0,0,0,0,1,0,0,0,0,0,0,0,0,0,1,0,0,0,0,0,0,0,0,0,0,0,0,0,0,0,1,0,0,0,13.429849547739444,680000
0.1980287417180216,0.09644111792455802,-0.04308337841485633,0.012564298104070972,1,0,0,0,0,0,0,0,0,0,0,0,0,0,0,0,0,1,0,0,0,0,0,0,0,0,0,0,0,0,0,0,0,0,1,0,0,0,0,1,0,0,1,12.421188057397055,248000
0.1980287417180216,0.09644111792455802,0.0353341840160176,1.1678668310881546,1,1,0,0,0,0,0,0,0,0,0,0,1,0,0,0,0,0,0,0,0,0,0,0,0,0,0,0,0,0,0,0,1,0,0,0,0,0,0,1,0,0,1,12.94323910384853,418000
0.1980287417180216,0.09644111792455802,0.0353341840160176,1.1678668310881546,1,1,0,0,0,0,0,0,0,1,0,0,0,0,0,0,0,0,0,0,0,0,0,0,0,0,0,0,0,1,0,0,0,0,0,0,0,0,0,1,0,0,1,12.94323910384853,418000
0.1980287417180216,0.09644111792455802,-0.05778667137064519,0.012564298104070972,1,1,0,0,0,0,0,0,0,1,0,0,0,0,0,0,0,0,0,0,0,0,0,0,0,0,0,0,0,1,0,0,0,0,0,0,0,0,0,1,0,0,1,12.460718739865236,258000
1.779741360948829,0.09644111792455802,0.10100889255187452,1.1678668310881546,1,1,0,0,0,0,0,0,0,1,0,0,0,0,0,0,0,0,0,0,0,0,0,0,0,0,0,0,0,1,0,0,0,0,0,0,0,0,0,0,0,0,1,13.122365377402328,500000
0.1980287417180216,2.139042323405362,0.10885064879496191,2.323169364072238,0,1,0,0,0,0,0,0,0,0,0,0,1,0,0,0,0,0,0,0,0,0,0,0,0,0,0,0,0,1,0,0,0,0,0,0,0,0,0,1,0,1,0,13.176853456625999,528000
0.1980287417180216,0.09644111792455802,-0.022988878041944886,0.012564298104070972,1,0,0,0,0,1,0,0,0,0,0,0,0,0,0,0,0,1,0,0,0,0,0,0,0,0,0,0,0,1,0,0,0,0,0,0,0,0,0,0,0,0,1,12.631343648903034,306000
-2.9653964967435935,-1.946160087556246,-0.2646129922820752,-1.1427382348800126,0,0,0,0,0,1,0,0,0,0,0,0,0,0,0,1,0,0,0,0,0,0,0,0,0,0,0,1,0,0,0,0,0,0,0,0,0,0,0,1,1,0,0,12.91164481522143,405000
0.1980287417180216,0.09644111792455802,-0.013676792503278605,0.012564298104070972,1,1,0,0,0,0,0,0,0,0,0,0,0,0,0,0,0,1,0,0,0,0,0,0,0,0,0,0,0,1,0,0,0,0,0,0,0,0,0,1,0,0,1,12.611537753638338,299999
0.1980287417180216,0.09644111792455802,-0.025439426867909693,0.012564298104070972,1,1,0,0,0,0,0,0,0,0,0,0,0,0,0,0,0,1,0,0,0,0,0,0,0,0,0,0,0,1,0,0,0,0,0,0,0,0,0,1,0,0,0,12.611537753638338,299999
0.1980287417180216,0.09644111792455802,0.05885945274527978,0.012564298104070972,1,1,0,0,0,0,0,0,0,0,0,0,0,0,0,0,0,1,0,0,0,0,0,0,0,0,0,0,0,1,0,0,0,0,0,0,0,0,0,1,0,0,1,12.793859310432293,359999
1.779741360948829,0.09644111792455802,0.11179130738611968,1.1678668310881546,1,1,0,0,0,0,0,0,0,0,0,0,0,0,0,0,0,1,0,0,0,0,0,0,0,0,0,0,0,1,0,0,0,0,0,0,0,0,0,1,0,0,1,12.834683971615659,375000
-2.9653964967435935,-1.946160087556246,-0.1415954412186417,-1.1427382348800126,1,0,0,0,0,1,0,0,0,0,1,0,0,0,0,0,0,0,0,0,0,0,0,0,0,0,0,0,0,1,0,0,0,0,0,0,0,0,0,1,0,0,0,12.676079399771027,320000
0.1980287417180216,0.09644111792455802,-0.12150094084573025,0.012564298104070972,0,0,0,0,0,0,0,0,0,0,0,0,0,0,0,0,0,1,0,0,0,0,0,0,0,0,0,0,0,1,0,0,0,0,0,0,0,0,0,1,0,1,0,12.706850963741102,330000
0.1980287417180216,0.09644111792455802,-0.02936030498945339,0.012564298104070972,1,1,0,0,0,0,0,0,0,1,0,0,0,0,0,0,0,0,0,0,0,0,0,0,0,0,0,0,0,1,0,0,0,0,0,0,0,0,0,1,0,0,1,12.628070334272698,305000
-1.383683877512786,-1.946160087556246,-0.2102108083456564,-1.1427382348800126,1,0,0,0,0,0,0,0,0,0,0,0,0,0,0,0,0,1,0,0,0,0,0,0,0,0,0,0,0,0,0,0,0,0,0,0,1,0,0,1,0,1,0,11.849404844423074,140000
0.1980287417180216,0.09644111792455802,-0.03818228076292671,1.1678668310881546,0,0,0,0,0,0,0,0,1,0,0,0,0,0,0,0,0,0,0,0,0,0,0,0,0,0,0,0,0,1,0,0,0,0,0,0,0,0,0,1,0,1,0,12.206077645517674,200000
-1.383683877512786,-1.946160087556246,-0.1729624661909913,0.012564298104070972,1,0,0,0,0,1,0,0,0,0,0,0,0,1,0,0,0,0,0,0,0,0,0,0,1,0,0,0,0,0,0,0,0,0,0,0,0,0,0,1,0,0,0,13.178745601197818,529000
-1.383683877512786,0.09644111792455802,-0.07347018385681997,-1.1427382348800126,0,0,0,0,0,0,0,0,0,0,0,0,1,0,0,0,0,0,0,0,0,0,0,0,0,0,0,0,0,1,0,0,0,0,0,0,0,0,0,1,0,0,1,11.970356641102999,158000
-1.383683877512786,-1.946160087556246,-0.25628112627379485,-1.1427382348800126,0,0,0,0,0,0,0,0,0,0,0,0,1,0,0,0,0,0,0,0,0,0,0,0,0,0,0,0,0,1,0,0,0,0,0,0,0,0,0,0,0,0,1,11.87757552297847,144000
-2.9653964967435935,-1.946160087556246,-0.1415954412186417,-1.1427382348800126,1,0,0,0,0,1,0,0,0,0,1,0,0,0,0,0,0,0,0,0,0,0,0,0,0,0,0,0,0,1,0,0,0,0,0,0,0,0,0,1,0,0,0,12.577639650232573,290000
-1.383683877512786,0.09644111792455802,0.027002318007737246,-1.1427382348800126,0,1,0,0,0,0,0,0,0,0,1,0,0,0,0,0,0,0,0,0,0,0,0,0,0,0,0,0,0,1,0,0,0,0,0,0,0,0,0,1,0,0,0,12.637858308703688,308000
0.1980287417180216,-1.946160087556246,-0.1778635638429209,-1.1427382348800126,1,0,0,0,0,0,0,0,0,1,0,0,0,0,0,0,0,0,0,0,0,1,0,0,0,0,0,0,0,0,0,0,0,0,0,0,0,0,0,0,0,0,1,12.25486757159303,210000
0.1980287417180216,0.09644111792455802,0.05395835509335016,-1.1427382348800126,0,0,0,0,0,1,0,0,0,0,1,0,0,0,0,0,0,0,0,0,0,0,0,0,0,0,0,0,0,1,0,0,0,0,0,0,0,0,0,1,0,0,0,13.012550743537489,448000
0.1980287417180216,0.09644111792455802,-0.14600642910537837,0.012564298104070972,0,0,0,0,0,0,0,0,0,0,0,0,0,0,0,0,0,1,0,0,0,0,0,0,0,0,0,0,0,0,0,1,0,0,0,0,0,0,0,1,0,0,0,12.013706813470414,165000
0.1980287417180216,0.09644111792455802,-0.06268776902257481,0.012564298104070972,1,0,0,0,0,0,0,0,0,0,0,0,0,1,0,0,0,0,0,0,0,0,0,0,1,0,0,0,0,0,0,0,0,0,0,0,0,0,0,1,0,0,1,12.644330802262578,310000
0.1980287417180216,0.09644111792455802,0.11522207574247041,0.012564298104070972,0,0,0,0,0,0,0,0,1,0,0,0,0,0,0,0,0,0,0,0,0,0,0,0,0,1,0,0,0,0,0,0,0,0,0,0,0,0,0,1,0,0,0,13.091906231773164,485000
0.1980287417180216,0.09644111792455802,-0.4787909596713996,-1.1427382348800126,1,0,0,1,0,0,0,0,0,0,0,0,1,0,0,0,0,0,0,0,0,0,0,0,0,0,0,0,0,1,0,0,0,0,0,0,0,0,0,1,0,0,1,11.904974309480183,148000
0.1980287417180216,0.09644111792455802,-0.11169874554187102,-1.1427382348800126,0,0,0,1,0,0,0,0,1,0,0,0,0,0,0,0,0,0,0,0,0,0,0,0,0,0,0,0,0,1,0,0,0,0,0,0,0,0,0,1,0,1,0,11.884495917930655,145000
0.1980287417180216,0.09644111792455802,0.12159350268997893,1.1678668310881546,0,1,0,0,0,0,0,0,0,0,0,0,0,1,0,0,0,0,0,0,0,0,0,0,0,0,0,0,0,1,0,0,0,0,0,0,0,0,0,1,1,0,0,13.579789490265188,790000
0.1980287417180216,0.09644111792455802,-0.04945480536236484,0.012564298104070972,1,1,0,0,0,0,0,0,0,1,0,0,0,0,0,0,0,0,0,0,0,0,0,0,0,0,0,0,0,0,0,0,0,1,0,0,0,0,0,1,0,0,0,12.54254845357358,280000
0.1980287417180216,0.09644111792455802,-0.06268776902257481,0.012564298104070972,0,0,0,0,0,0,0,0,0,0,0,0,0,0,0,0,0,1,0,0,0,0,0,0,0,0,0,0,0,0,0,0,0,0,0,0,1,0,0,1,0,0,0,12.59473402514672,295000
0.1980287417180216,0.09644111792455802,-0.06268776902257481,0.012564298104070972,1,0,0,0,0,0,0,0,0,0,0,0,0,0,0,0,0,1,0,0,0,0,0,0,0,0,0,0,0,1,0,0,0,0,0,0,0,0,0,1,0,0,0,12.345838935721968,230000
0.1980287417180216,-1.946160087556246,-0.2048196009285338,-1.1427382348800126,0,0,0,1,0,0,0,0,0,0,0,0,0,1,0,0,0,0,0,0,0,0,0,0,0,0,0,0,0,1,0,0,0,0,0,0,0,0,0,1,1,0,0,11.695255355062795,120000
0.1980287417180216,0.09644111792455802,-0.11512951389822175,-1.1427382348800126,0,0,0,0,0,0,0,0,0,0,0,0,0,0,0,0,0,1,0,0,0,0,0,0,0,0,0,0,0,0,0,0,0,0,0,0,1,0,0,0,1,0,0,12.25486757159303,210000
0.1980287417180216,-1.946160087556246,-0.15727895370481648,-1.1427382348800126,1,0,0,0,0,0,0,0,0,1,0,0,0,0,0,0,0,0,0,0,0,1,0,0,0,0,0,0,0,0,0,0,0,0,0,0,0,0,0,1,1,0,0,12.100717685412471,180000
0.1980287417180216,0.09644111792455802,-0.020538329215980075,0.012564298104070972,0,1,0,0,0,0,0,0,0,0,0,0,0,0,0,0,0,1,0,0,0,0,0,0,0,0,0,0,0,0,0,0,0,0,0,0,1,0,0,1,0,0,0,12.793862088206213,360000
0.1980287417180216,0.09644111792455802,-0.06268776902257481,0.012564298104070972,1,0,0,0,0,0,0,0,0,0,0,0,0,0,0,0,0,1,0,0,0,0,0,0,0,0,0,0,0,0,0,0,0,0,0,0,1,0,0,0,0,0,1,12.128116509451258,185000
0.1980287417180216,0.09644111792455802,59.69345524236413,1.1678668310881546,1,1,0,0,0,0,0,0,0,0,0,0,0,0,0,1,0,0,0,0,0,0,0,0,0,0,0,1,0,0,0,0,0,0,0,0,0,0,0,1,1,0,0,13.44283543396941,688888
0.1980287417180216,-1.946160087556246,-0.1607097220611672,-1.1427382348800126,0,0,0,1,0,0,0,0,1,0,0,0,0,0,0,0,0,0,0,0,0,0,0,0,0,0,0,0,0,1,0,0,0,0,0,0,0,0,0,1,0,1,0,11.775297421715827,130000
0.1980287417180216,0.09644111792455802,-0.1607097220611672,-1.1427382348800126,0,0,0,1,0,0,0,0,1,0,0,0,0,0,0,0,0,0,0,0,0,0,0,0,0,0,0,0,0,1,0,0,0,0,0,0,0,0,0,1,1,0,0,11.678448377988165,118000
-2.9653964967435935,-1.946160087556246,-0.22932508918818192,0.012564298104070972,0,0,0,0,0,1,0,0,0,0,0,0,0,0,0,1,0,0,0,0,0,0,0,0,0,0,0,0,0,1,0,0,0,0,0,0,0,0,0,1,1,0,0,12.80216086806413,363000
0.1980287417180216,0.09644111792455802,0.04268583049391203,1.1678668310881546,1,1,0,0,0,0,0,0,0,0,0,0,0,0,0,1,0,0,0,0,0,0,0,0,0,0,0,0,0,1,0,0,0,0,0,0,0,0,0,1,0,0,0,13.038983942375959,460000
0.1980287417180216,0.09644111792455802,-0.07101963503085516,0.012564298104070972,1,0,0,0,0,0,0,0,0,0,0,0,0,0,0,0,0,1,1,0,0,0,0,0,0,0,0,0,0,0,0,0,0,0,0,0,0,0,0,1,0,0,1,12.449022745701502,255000
0.1980287417180216,0.09644111792455802,-0.08719325728222291,0.012564298104070972,0,0,0,0,0,0,0,0,0,0,0,0,0,0,0,0,0,1,0,0,0,0,0,0,0,0,0,0,0,1,0,0,0,0,0,0,0,0,0,0,1,0,0,12.128116509451258,185000
-1.383683877512786,0.09644111792455802,-0.10434709906397659,0.012564298104070972,0,1,0,0,0,0,0,0,0,0,0,0,1,0,0,0,0,0,0,0,0,0,0,0,0,0,0,0,0,1,0,0,0,0,0,0,0,0,0,1,0,0,0,12.08954444723597,178000
0.1980287417180216,0.09644111792455802,0.019650671529842813,0.012564298104070972,1,0,0,0,0,0,0,0,0,0,0,0,0,0,0,0,0,1,1,0,0,0,0,0,0,0,0,0,0,0,0,0,0,0,0,0,0,0,0,1,0,0,1,12.570719231334277,288000
0.1980287417180216,0.09644111792455802,-0.04798447606678595,0.012564298104070972,1,0,0,0,0,0,0,0,0,0,0,0,0,0,0,0,0,1,1,0,0,0,0,0,0,0,0,0,0,0,0,0,0,0,0,0,0,0,0,1,0,0,1,12.144202560946876,188000
0.1980287417180216,0.09644111792455802,0.20295172371201062,0.012564298104070972,1,0,0,1,0,0,0,0,0,0,0,0,0,0,0,0,1,0,0,0,0,0,0,0,0,0,0,0,1,0,0,0,0,0,0,0,0,0,0,1,0,0,0,12.54254845357358,280000
0.1980287417180216,0.09644111792455802,0.08483527030050676,0.012564298104070972,0,0,0,0,0,1,0,0,1,0,0,0,0,0,0,0,0,0,0,0,0,0,0,0,0,1,0,0,0,0,0,0,0,0,0,0,0,0,0,1,0,0,1,12.899222326086994,400000
1.779741360948829,2.139042323405362,0.29019126191635786,2.323169364072238,1,1,0,0,0,0,0,0,0,1,0,0,0,0,0,0,0,0,0,0,0,0,0,0,0,0,0,0,0,0,0,0,0,0,0,1,0,0,0,1,0,0,0,13.429849547739444,680000
3.3614539801796366,2.139042323405362,0.5440681202863122,1.1678668310881546,1,0,0,0,0,1,0,0,1,0,0,0,0,0,0,0,0,0,0,0,0,0,0,0,0,1,0,0,0,0,0,0,0,0,0,0,0,0,0,1,1,0,0,13.267330877756825,578000
0.1980287417180216,0.09644111792455802,-0.03622184170215486,1.1678668310881546,0,1,0,0,0,0,0,0,0,0,1,0,0,0,0,0,0,0,0,0,0,0,0,0,0,0,0,0,0,1,0,0,0,0,0,0,0,0,0,1,0,0,0,12.989976472461,438000
-1.383683877512786,-1.946160087556246,-0.19991850327660418,0.012564298104070972,0,0,0,1,0,0,0,0,1,0,0,0,0,0,0,0,0,0,0,0,0,0,0,0,0,0,0,0,0,1,0,0,0,0,0,0,0,0,0,1,0,1,0,12.07254696717504,175000
-2.9653964967435935,-1.946160087556246,-0.1288525873236247,0.012564298104070972,0,0,0,0,0,0,0,0,1,0,0,0,0,0,0,0,0,0,0,0,0,0,0,0,0,0,0,0,0,1,0,0,0,0,0,0,0,0,0,1,0,0,1,12.59473402514672,295000
0.1980287417180216,2.139042323405362,0.11179130738611968,0.012564298104070972,0,1,0,0,0,0,0,0,1,0,0,0,0,0,0,0,0,0,0,0,0,0,0,0,0,0,0,0,0,1,0,0,0,0,0,0,0,0,0,1,0,1,0,13.012550743537489,448000
-1.383683877512786,0.09644111792455802,-0.03818228076292671,1.1678668310881546,0,1,0,0,0,0,0,0,0,0,0,0,0,1,0,0,0,0,0,0,0,0,0,0,0,0,0,0,0,1,0,0,0,0,0,0,0,0,0,1,0,1,0,13.122365377402328,500000
0.1980287417180216,0.09644111792455802,0.10885064879496191,1.1678668310881546,0,1,0,0,0,0,0,0,0,0,0,0,0,1,0,0,0,0,0,0,0,0,0,0,0,0,0,0,0,1,0,0,0,0,0,0,0,0,0,1,0,1,0,13.470200785104238,708000
0.1980287417180216,0.09644111792455802,-0.11169874554187102,0.012564298104070972,0,0,0,0,0,0,0,0,0,0,0,0,0,0,0,0,0,1,0,0,0,0,0,0,0,0,0,0,0,1,0,0,0,0,0,0,0,0,0,0,0,0,1,12.429220196836383,250000
0.1980287417180216,0.09644111792455802,0.00886825669559765,1.1678668310881546,1,0,0,0,1,0,0,0,0,0,0,0,0,0,0,0,0,1,0,0,0,0,0,0,0,0,0,0,0,0,0,0,0,0,1,0,0,0,0,1,0,0,1,13.232116033476537,558000
0.1980287417180216,0.09644111792455802,0.04660670861545573,-1.1427382348800126,1,0,0,0,0,0,0,0,0,0,0,0,0,0,0,0,0,1,0,0,0,0,0,0,0,0,0,0,0,0,0,0,0,0,0,0,1,0,0,1,1,0,0,13.217675375388819,550000
0.1980287417180216,0.09644111792455802,-0.05778667137064519,-1.1427382348800126,1,0,0,1,0,0,0,0,0,0,1,0,0,0,0,0,0,0,0,0,0,0,0,0,0,0,0,0,0,1,0,0,0,0,0,0,0,0,0,1,0,0,0,11.695255355062795,120000
0.1980287417180216,0.09644111792455802,-0.06268776902257481,0.012564298104070972,1,0,0,0,0,0,0,0,0,0,0,0,0,0,0,1,0,0,0,0,0,0,0,0,0,0,0,1,0,0,0,0,0,0,0,0,0,0,0,1,0,1,0,12.611541086966115,300000
0.1980287417180216,0.09644111792455802,-0.04700425653640002,0.012564298104070972,1,0,0,0,0,0,0,0,0,0,1,0,0,0,0,0,0,0,0,0,0,0,0,0,0,0,0,0,0,1,0,0,0,0,0,0,0,0,0,1,1,0,0,12.066816325306588,174000
-1.383683877512786,0.09644111792455802,-0.06758886667450444,1.1678668310881546,0,1,0,0,0,0,0,0,0,1,0,0,0,0,0,0,0,0,0,0,0,1,0,0,0,0,0,0,0,0,0,0,0,0,0,0,0,0,0,1,0,0,1,13.091906231773164,485000
0.1980287417180216,0.09644111792455802,-0.10189655023801178,-1.1427382348800126,0,0,0,1,0,0,0,0,1,0,0,0,0,0,0,0,0,0,0,0,0,0,0,0,0,0,0,0,0,1,0,0,0,0,0,0,0,0,0,1,0,1,0,12.154784614286667,190000
-1.383683877512786,0.09644111792455802,-0.1607097220611672,-1.1427382348800126,0,0,0,0,0,1,0,0,1,0,0,0,0,0,0,0,0,0,0,0,0,0,0,0,0,1,0,0,0,0,0,0,0,0,0,0,0,0,0,1,1,0,0,12.637858308703688,308000
0.1980287417180216,0.09644111792455802,-0.06611853737892555,0.012564298104070972,1,0,0,0,0,1,0,0,0,0,0,0,1,0,0,0,0,0,0,0,0,0,0,0,0,0,0,0,0,1,0,0,0,0,0,0,0,0,0,0,0,0,0,12.739640688812674,341000
0.1980287417180216,0.09644111792455802,0.03239352542485983,1.1678668310881546,1,1,0,0,0,0,0,0,0,0,0,0,1,0,0,0,0,0,0,0,0,0,0,0,0,0,0,0,0,1,0,0,0,0,0,0,0,0,0,1,0,0,1,13.25339339419516,570000
0.1980287417180216,0.09644111792455802,-0.013676792503278605,1.1678668310881546,0,1,0,0,0,0,0,0,0,0,0,0,1,0,0,0,0,0,0,0,0,0,0,0,0,0,0,0,0,1,0,0,0,0,0,0,0,0,0,1,0,0,1,13.017005083966255,450000
-2.9653964967435935,-1.946160087556246,-0.2915690293676881,-1.1427382348800126,1,0,0,0,0,0,0,0,0,0,0,0,1,0,0,0,0,0,0,0,0,0,0,0,0,0,0,0,0,1,0,0,0,0,0,0,0,0,0,0,0,0,1,11.87757552297847,144000
0.1980287417180216,0.09644111792455802,-0.09944600141204697,0.012564298104070972,1,0,0,0,0,0,0,0,0,0,0,0,0,0,0,0,1,0,0,0,0,0,0,0,0,0,0,0,0,1,0,0,0,0,0,0,0,0,0,1,0,1,0,12.73670383776449,340000
0.1980287417180216,0.09644111792455802,-0.0783712815087496,0.012564298104070972,1,0,0,0,0,0,0,0,0,0,0,0,0,0,0,0,0,1,0,0,0,0,0,0,0,0,1,0,0,0,0,0,0,0,0,0,0,0,0,0,1,0,0,12.388398368982115,240000
-1.383683877512786,-1.946160087556246,-0.21462179623239305,0.012564298104070972,0,0,0,0,0,0,0,0,0,0,0,0,0,0,0,0,0,1,0,0,0,1,0,0,0,0,0,0,0,0,0,0,0,0,0,0,0,0,0,1,0,1,0,12.185875040240456,196000
0.1980287417180216,0.09644111792455802,0.14315833235846925,1.1678668310881546,1,1,0,0,0,0,0,0,0,0,0,0,0,0,0,1,0,0,0,0,0,0,0,0,0,0,0,0,0,1,0,0,0,0,0,0,0,0,0,1,0,0,0,13.0831255441045,480760
0.1980287417180216,0.09644111792455802,-0.12003061155015138,-1.1427382348800126,0,0,0,0,0,0,0,0,0,1,0,0,0,0,0,0,0,0,0,0,0,0,0,0,0,0,0,0,0,0,0,0,0,1,0,0,0,0,0,1,0,1,0,12.560247968016562,285000
0.1980287417180216,0.09644111792455802,-0.06268776902257481,1.1678668310881546,0,0,0,0,0,0,0,0,0,0,0,0,0,0,0,0,0,1,0,0,0,0,0,0,0,0,0,0,0,1,0,0,0,0,0,0,0,0,0,0,0,0,1,12.847929163278053,380000
0.1980287417180216,0.09644111792455802,0.15786162531425812,0.012564298104070972,0,1,0,0,0,0,0,0,0,0,0,0,0,1,0,0,0,0,0,0,0,0,0,0,0,0,0,0,0,1,0,0,0,0,0,0,0,0,0,1,0,0,1,12.983103608918753,435000
0.1980287417180216,0.09644111792455802,0.2803890666124986,2.323169364072238,1,1,0,0,0,0,0,0,0,0,0,0,1,0,0,0,0,0,0,0,0,0,0,0,0,0,0,0,0,1,0,0,0,0,0,0,0,0,0,1,0,0,1,13.33553901371077,618800
1.779741360948829,0.09644111792455802,0.20687260183355433,1.1678668310881546,0,1,0,0,0,0,0,0,0,1,0,0,0,0,0,0,0,0,0,0,0,0,0,0,0,0,0,0,0,1,0,0,0,0,0,0,0,0,0,1,0,1,0,13.311331132544721,604000
0.1980287417180216,0.09644111792455802,-0.06268776902257481,0.012564298104070972,1,0,0,0,0,0,0,0,0,0,0,0,0,0,0,1,0,0,0,0,0,0,0,0,0,0,0,0,0,1,0,0,0,0,0,0,0,0,0,1,0,0,1,12.468440756144114,260000
0.1980287417180216,0.09644111792455802,0.2705868713086394,-1.1427382348800126,0,1,0,0,0,0,0,0,0,1,0,0,0,0,0,0,0,0,0,0,0,0,0,0,0,0,0,0,0,1,0,0,0,0,0,0,0,0,0,1,0,1,0,13.351710049521575,628888
0.1980287417180216,-1.946160087556246,-0.10483720882916955,-1.1427382348800126,1,0,0,0,0,0,0,0,0,1,0,0,0,0,0,0,0,0,1,0,0,0,0,0,0,0,0,0,0,0,0,0,0,0,0,0,0,0,0,0,0,0,1,11.982935344196433,160000
0.1980287417180216,0.09644111792455802,0.07454296523145457,1.1678668310881546,0,1,0,0,0,0,0,0,0,0,0,0,0,1,0,0,0,0,0,0,0,0,1,0,0,0,0,0,0,0,0,0,0,0,0,0,0,0,0,1,0,0,1,13.617060838751888,820000
0.1980287417180216,0.09644111792455802,-0.1362042338015191,-1.1427382348800126,1,0,0,1,0,0,0,0,0,1,0,0,0,0,0,0,0,0,0,0,0,0,0,0,0,0,0,0,0,0,0,0,0,1,0,0,0,0,0,1,0,0,0,12.180759965737863,195000
0.1980287417180216,0.09644111792455802,-0.06268776902257481,-1.1427382348800126,0,0,0,0,0,0,0,0,0,0,0,0,0,0,0,1,0,0,0,0,0,0,0,0,0,0,0,0,0,1,0,0,0,0,0,0,0,0,0,1,0,0,1,12.437188334739655,252000
0.1980287417180216,0.09644111792455802,-0.12640203849765988,-1.1427382348800126,1,0,0,0,0,0,0,0,0,0,0,0,0,0,0,0,0,1,0,0,0,0,0,0,0,0,0,0,0,1,0,0,0,0,0,0,0,0,0,0,0,0,1,12.154784614286667,190000
0.1980287417180216,0.09644111792455802,-0.06268776902257481,-1.1427382348800126,1,0,0,0,0,0,0,0,0,0,0,0,0,0,0,0,0,1,0,0,0,0,0,0,0,0,0,0,0,1,0,0,0,0,0,0,0,0,0,0,0,0,1,12.128116509451258,185000
0.1980287417180216,0.09644111792455802,-0.013186682738085643,1.1678668310881546,1,0,0,0,0,1,0,0,0,0,0,0,0,0,0,0,0,0,0,0,0,0,0,0,0,0,0,0,0,0,0,0,0,0,0,0,0,0,0,1,0,0,1,13.301347705172173,598000
-1.383683877512786,-1.946160087556246,-0.20972069858046344,0.012564298104070972,0,0,0,0,0,0,0,0,0,0,0,0,0,1,0,0,0,0,0,0,0,0,0,0,0,0,0,0,0,1,0,0,0,0,0,0,0,0,0,1,0,1,0,12.25486757159303,210000
0.1980287417180216,0.09644111792455802,-0.03818228076292671,1.1678668310881546,0,0,0,0,0,0,0,0,0,0,0,0,0,0,0,0,0,1,0,0,0,0,0,0,0,0,0,0,0,1,0,0,0,0,0,0,0,0,0,1,1,0,0,12.487488878546145,265000
1.779741360948829,2.139042323405362,0.12796492963748743,1.1678668310881546,0,0,0,0,0,1,0,0,0,1,0,0,0,0,0,0,0,0,0,0,0,0,0,0,0,0,0,0,0,0,0,0,0,1,0,0,0,0,0,1,0,0,1,13.217675375388819,550000
0.1980287417180216,0.09644111792455802,0.00641770786963284,0.012564298104070972,1,1,0,0,0,0,0,0,0,0,0,0,0,0,0,0,0,1,0,0,0,0,0,0,0,0,0,0,0,1,0,0,0,0,0,0,0,0,0,0,1,0,0,12.873904582205107,390000
0.1980287417180216,-1.946160087556246,-0.1778635638429209,0.012564298104070972,1,0,0,0,0,0,0,0,0,1,0,0,0,0,0,0,0,0,0,0,0,1,0,0,0,0,0,0,0,0,0,0,0,0,0,0,0,0,0,0,0,0,1,12.25486757159303,210000
0.1980287417180216,0.09644111792455802,-0.06268776902257481,0.012564298104070972,0,0,0,0,0,0,0,0,0,0,1,0,0,0,0,0,0,0,0,0,0,0,0,0,0,0,0,0,0,1,0,0,0,0,0,0,0,0,0,1,0,0,1,11.918397239722838,150000
0.1980287417180216,0.09644111792455802,-0.04308337841485633,0.012564298104070972,1,0,0,0,0,0,0,0,1,0,0,0,0,0,0,0,0,0,0,0,0,0,0,0,0,1,0,0,0,0,0,0,0,0,0,0,0,0,0,1,0,0,1,12.660331092405906,315000
0.1980287417180216,0.09644111792455802,-0.04308337841485633,0.012564298104070972,1,0,0,0,0,0,0,0,1,0,0,0,0,0,0,0,0,0,0,0,0,0,0,0,0,1,0,0,0,0,0,0,0,0,0,0,0,0,0,1,0,0,1,12.660331092405906,315000
0.1980287417180216,0.09644111792455802,0.02798253753812317,0.012564298104070972,0,0,0,0,0,0,0,0,1,0,0,0,0,0,0,0,0,0,0,0,0,0,0,0,0,1,0,0,0,0,0,0,0,0,0,0,0,0,0,1,0,0,1,13.091906231773164,485000
0.1980287417180216,0.09644111792455802,0.01572979340829912,-1.1427382348800126,1,1,0,0,0,0,0,0,0,1,0,0,0,0,0,0,0,0,0,0,0,0,0,0,0,0,0,0,0,1,0,0,0,0,0,0,0,0,0,1,0,0,0,12.421188057397055,248000
1.779741360948829,0.09644111792455802,4.115988089012619,0.012564298104070972,1,1,0,0,0,0,0,0,0,0,0,0,0,0,0,0,0,1,0,0,0,0,0,0,0,0,0,0,0,1,0,0,0,0,0,0,0,0,0,0,0,0,1,12.429220196836383,250000
0.1980287417180216,0.09644111792455802,-0.06268776902257481,-1.1427382348800126,1,0,0,0,0,0,0,0,0,0,0,0,0,0,0,0,0,1,0,0,0,0,0,0,0,0,0,0,0,0,0,0,0,0,1,0,0,0,0,1,0,0,0,12.611541086966115,300000
0.1980287417180216,0.09644111792455802,-0.11022841624629214,-1.1427382348800126,0,0,0,0,0,0,0,0,0,0,0,0,0,0,0,0,0,1,0,0,0,0,0,0,0,0,0,0,0,1,0,0,0,0,0,0,0,0,0,1,0,0,0,12.037659911047468,169000
0.1980287417180216,0.09644111792455802,-0.06268776902257481,1.1678668310881546,0,0,0,0,0,0,0,0,0,0,0,0,0,0,0,0,0,1,0,0,0,0,0,0,0,0,0,0,0,1,0,0,0,0,0,0,0,0,0,1,0,0,0,12.180759965737863,195000
0.1980287417180216,0.09644111792455802,-0.08719325728222291,0.012564298104070972,0,1,0,0,0,0,0,0,0,0,0,0,0,1,0,0,0,0,0,0,0,0,0,0,0,0,0,0,0,1,0,0,0,0,0,0,0,0,0,1,0,1,0,12.81584093453868,368000
0.1980287417180216,0.09644111792455802,-0.11758006272418656,0.012564298104070972,1,0,0,0,0,0,0,0,0,0,0,0,1,0,0,0,0,0,0,0,0,0,0,0,0,0,0,0,0,0,0,0,1,0,0,0,0,0,0,1,1,0,0,12.345838935721968,230000
1.779741360948829,0.09644111792455802,0.25343302952688573,1.1678668310881546,0,1,0,0,0,0,0,0,0,0,0,0,0,1,0,0,0,0,0,0,0,0,0,0,0,0,0,0,0,1,0,0,0,0,0,0,0,0,0,1,0,0,1,13.060490101343552,470000
0.1980287417180216,0.09644111792455802,-0.010736133912120832,0.012564298104070972,0,1,0,0,0,0,0,0,0,0,0,0,0,0,0,0,0,1,0,0,0,0,0,0,0,0,0,0,0,0,0,0,0,0,1,0,0,0,0,1,0,0,0,12.59473402514672,295000
0.1980287417180216,0.09644111792455802,-0.08180204986510033,0.012564298104070972,1,0,0,0,0,0,0,0,0,0,0,0,0,0,0,0,0,1,0,0,0,0,0,0,0,0,0,0,0,0,1,0,0,0,0,0,0,0,0,1,0,0,1,12.577639650232573,290000
0.1980287417180216,0.09644111792455802,-0.10483720882916955,-1.1427382348800126,1,0,0,0,0,0,0,0,0,0,0,0,0,0,0,0,0,1,0,0,0,0,0,0,0,0,0,0,0,0,1,0,0,0,0,0,0,0,0,0,0,0,1,12.449022745701502,255000
0.1980287417180216,2.139042323405362,0.15884184484464403,1.1678668310881546,0,1,0,0,0,0,0,0,0,0,0,0,0,1,0,0,0,0,0,0,0,0,1,0,0,0,0,0,0,0,0,0,0,0,0,0,0,0,0,1,0,0,1,13.623139877437296,825000
1.779741360948829,0.09644111792455802,0.1372770151761537,-1.1427382348800126,0,1,0,0,0,0,0,0,0,0,0,0,0,1,0,0,0,0,0,0,0,0,0,0,0,0,0,0,0,1,0,0,0,0,0,0,0,0,0,1,0,0,1,12.983103608918753,435000
-1.383683877512786,-1.946160087556246,-0.23422618684011154,-1.1427382348800126,1,0,0,1,0,0,0,0,0,0,0,0,0,1,0,0,0,0,0,1,0,0,0,0,0,0,0,0,0,0,0,0,0,0,0,0,0,0,0,1,0,0,0,11.736077016252437,125000
0.1980287417180216,0.09644111792455802,-0.04651414677120706,0.012564298104070972,1,1,0,0,0,0,0,0,0,0,0,0,0,0,0,0,0,1,0,0,0,0,0,0,0,0,0,0,0,1,0,0,0,0,0,0,0,0,0,1,1,0,0,12.429220196836383,250000
0.1980287417180216,0.09644111792455802,-0.11022841624629214,-1.1427382348800126,0,0,0,0,0,0,0,0,0,0,0,0,0,0,0,0,0,1,0,0,0,0,0,0,0,0,0,0,0,1,0,0,0,0,0,0,0,0,0,1,0,0,0,12.037659911047468,169000
0.1980287417180216,0.09644111792455802,-0.06268776902257481,1.1678668310881546,0,0,0,0,0,0,0,0,0,0,0,0,0,0,0,0,0,1,0,0,0,0,0,0,0,0,0,0,0,1,0,0,0,0,0,0,0,0,0,1,0,0,0,12.180759965737863,195000
0.1980287417180216,0.09644111792455802,-0.08719325728222291,0.012564298104070972,0,1,0,0,0,0,0,0,0,0,0,0,0,1,0,0,0,0,0,0,0,0,0,0,0,0,0,0,0,1,0,0,0,0,0,0,0,0,0,1,0,1,0,12.81584093453868,368000
0.1980287417180216,0.09644111792455802,-0.11758006272418656,0.012564298104070972,1,0,0,0,0,0,0,0,0,0,0,0,1,0,0,0,0,0,0,0,0,0,0,0,0,0,0,0,0,0,0,0,1,0,0,0,0,0,0,1,1,0,0,12.345838935721968,230000
1.779741360948829,0.09644111792455802,0.25343302952688573,1.1678668310881546,0,1,0,0,0,0,0,0,0,0,0,0,0,1,0,0,0,0,0,0,0,0,0,0,0,0,0,0,0,1,0,0,0,0,0,0,0,0,0,1,0,0,1,13.060490101343552,470000
0.1980287417180216,0.09644111792455802,-0.010736133912120832,0.012564298104070972,0,1,0,0,0,0,0,0,0,0,0,0,0,0,0,0,0,1,0,0,0,0,0,0,0,0,0,0,0,0,0,0,0,0,1,0,0,0,0,1,0,0,0,12.59473402514672,295000
0.1980287417180216,0.09644111792455802,-0.08180204986510033,0.012564298104070972,1,0,0,0,0,0,0,0,0,0,0,0,0,0,0,0,0,1,0,0,0,0,0,0,0,0,0,0,0,0,1,0,0,0,0,0,0,0,0,1,0,0,1,12.577639650232573,290000
0.1980287417180216,0.09644111792455802,-0.10483720882916955,-1.1427382348800126,1,0,0,0,0,0,0,0,0,0,0,0,0,0,0,0,0,1,0,0,0,0,0,0,0,0,0,0,0,0,1,0,0,0,0,0,0,0,0,0,0,0,1,12.449022745701502,255000
0.1980287417180216,2.139042323405362,0.15884184484464403,1.1678668310881546,0,1,0,0,0,0,0,0,0,0,0,0,0,1,0,0,0,0,0,0,0,0,1,0,0,0,0,0,0,0,0,0,0,0,0,0,0,0,0,1,0,0,1,13.623139877437296,825000
1.779741360948829,0.09644111792455802,0.1372770151761537,-1.1427382348800126,0,1,0,0,0,0,0,0,0,0,0,0,0,1,0,0,0,0,0,0,0,0,0,0,0,0,0,0,0,1,0,0,0,0,0,0,0,0,0,1,0,0,1,12.983103608918753,435000
-1.383683877512786,-1.946160087556246,-0.23422618684011154,-1.1427382348800126,1,0,0,1,0,0,0,0,0,0,0,0,0,1,0,0,0,0,0,1,0,0,0,0,0,0,0,0,0,0,0,0,0,0,0,0,0,0,0,1,0,0,0,11.736077016252437,125000
0.1980287417180216,0.09644111792455802,-0.04651414677120706,0.012564298104070972,1,1,0,0,0,0,0,0,0,0,0,0,0,0,0,0,0,1,0,0,0,0,0,0,0,0,0,0,0,1,0,0,0,0,0,0,0,0,0,1,1,0,0,12.429220196836383,250000
0.1980287417180216,0.09644111792455802,0.016710012938685043,1.1678668310881546,0,0,0,0,0,1,0,0,0,0,0,0,0,0,0,0,0,1,0,0,0,0,0,0,0,0,0,0,0,1,0,0,0,0,0,0,0,0,0,1,0,0,1,12.834683971615659,375000
0.1980287417180216,0.09644111792455802,-0.1788437833733068,-1.1427382348800126,1,0,0,0,0,0,0,0,0,1,0,0,0,0,0,0,0,0,0,0,0,1,0,0,0,0,0,0,0,0,0,0,0,0,0,0,0,0,0,0,0,1,0,12.206077645517674,200000
0.1980287417180216,0.09644111792455802,-0.1607097220611672,0.012564298104070972,0,0,0,0,0,0,0,0,0,0,0,0,0,0,0,0,0,1,0,0,0,0,0,0,0,0,0,0,0,1,0,0,0,0,0,0,0,0,0,1,0,0,0,12.206077645517674,200000
0.1980287417180216,0.09644111792455802,0.022101220355807624,1.1678668310881546,0,1,0,0,0,0,0,0,0,0,0,0,0,0,0,0,0,1,0,0,0,0,0,0,0,0,1,0,0,0,0,0,0,0,0,0,0,0,0,1,0,0,1,12.644330802262578,310000
0.1980287417180216,0.09644111792455802,0.11473196597727746,1.1678668310881546,0,0,0,0,0,0,0,0,0,0,0,0,0,0,0,0,0,1,0,0,0,1,0,0,0,0,0,0,0,0,0,0,0,0,0,0,0,0,0,1,0,0,0,12.676079399771027,320000
0.1980287417180216,0.09644111792455802,0.022591330121000588,1.1678668310881546,1,0,0,0,0,0,0,0,1,0,0,0,0,0,0,0,0,0,0,0,0,0,0,0,0,1,0,0,0,0,0,0,0,0,0,0,0,0,0,1,0,1,0,12.498745990829315,268000
-2.9653964967435935,-1.946160087556246,-0.14698664863576427,0.012564298104070972,1,1,0,0,0,0,0,0,1,0,0,0,0,0,0,0,0,0,0,0,0,0,0,0,0,1,0,0,0,0,0,0,0,0,0,0,0,0,0,1,0,1,0,12.409017571151187,245000
-1.383683877512786,0.09644111792455802,0.01572979340829912,0.012564298104070972,0,0,0,0,0,1,0,0,1,0,0,0,0,0,0,0,0,0,0,0,0,0,0,0,0,1,0,0,0,0,0,0,0,0,0,0,0,0,0,1,0,0,1,12.889172015485954,396000
0.1980287417180216,0.09644111792455802,-0.08719325728222291,0.012564298104070972,0,1,0,0,0,0,0,0,0,0,0,0,0,1,0,0,0,0,0,0,0,0,0,1,0,0,0,0,0,0,0,0,0,0,0,0,0,0,0,1,0,0,1,12.84265212010087,378000
0.1980287417180216,0.09644111792455802,0.1166924050380493,0.012564298104070972,1,1,0,0,0,0,0,0,0,0,0,0,0,0,0,1,0,0,0,0,0,0,0,0,0,0,0,1,0,0,0,0,0,0,0,0,0,0,0,1,0,1,0,13.25339339419516,570000
0.1980287417180216,0.09644111792455802,-0.06268776902257481,0.012564298104070972,0,1,0,0,0,0,0,0,0,0,0,0,0,1,0,0,0,0,0,0,0,0,0,0,0,0,0,0,0,0,0,0,0,0,0,0,0,1,0,1,0,0,1,12.807655372286902,365000
-2.9653964967435935,-1.946160087556246,-0.20628993022411268,-1.1427382348800126,1,1,0,0,0,0,0,0,0,0,0,0,0,0,0,0,0,1,1,0,0,0,0,0,0,0,0,0,0,0,0,0,0,0,0,0,0,0,0,1,0,0,0,12.323860125621126,225000
0.1980287417180216,0.09644111792455802,0.03778473284198241,-1.1427382348800126,0,0,0,0,0,0,0,0,0,0,0,0,0,0,0,0,0,1,0,0,0,0,0,0,0,0,1,0,0,0,0,0,0,0,0,0,0,0,0,1,0,0,1,12.542544882151386,279999
0.1980287417180216,0.09644111792455802,-0.15237785605288687,-1.1427382348800126,0,0,0,1,0,0,0,0,0,0,0,0,0,0,0,0,0,1,0,0,0,1,0,0,0,0,0,0,0,0,0,0,0,0,0,0,0,0,0,0,1,0,0,11.84939770159144,139999
-1.383683877512786,-1.946160087556246,-0.20972069858046344,-1.1427382348800126,0,0,0,1,0,0,0,0,0,0,0,0,0,0,0,0,0,1,0,0,0,0,0,0,0,0,0,0,0,1,0,0,0,0,0,0,0,0,0,0,1,0,0,11.156250521031495,69999
-1.383683877512786,-1.946160087556246,-0.20972069858046344,-1.1427382348800126,0,0,0,1,0,0,0,0,0,0,0,0,0,0,0,0,0,1,0,0,0,0,0,0,0,0,0,0,0,1,0,0,0,0,0,0,0,0,0,1,0,1,0,11.350406535472453,84999
0.1980287417180216,0.09644111792455802,-0.1607097220611672,-1.1427382348800126,1,0,0,0,0,0,0,0,0,0,0,0,0,0,0,0,0,1,0,0,0,0,0,0,0,0,0,0,0,1,0,0,0,0,0,0,0,0,0,1,0,1,0,12.031725210748633,168000
0.1980287417180216,0.09644111792455802,-0.03818228076292671,-1.1427382348800126,1,0,0,0,0,0,0,0,0,0,1,0,0,0,0,0,0,0,0,0,0,0,0,0,0,0,0,0,0,1,0,0,0,0,0,0,0,0,0,1,0,0,0,12.07254696717504,175000
0.1980287417180216,0.09644111792455802,-0.09944600141204697,-1.1427382348800126,1,0,0,0,0,0,0,0,0,0,0,0,0,0,0,0,0,1,0,0,0,0,0,0,0,0,0,0,0,0,1,0,0,0,0,0,0,0,0,0,0,1,0,12.524530013005734,275000
0.1980287417180216,-1.946160087556246,-0.1607097220611672,0.012564298104070972,0,0,0,0,0,0,0,0,0,0,0,0,0,0,0,0,0,1,0,0,0,0,0,0,0,0,0,0,0,1,0,0,0,0,0,0,0,0,0,1,0,0,0,12.345838935721968,230000
-1.383683877512786,0.09644111792455802,-0.17541301501695608,0.012564298104070972,0,1,0,0,0,0,0,0,0,0,0,0,0,0,0,0,0,1,0,0,0,0,0,0,0,0,0,0,0,0,0,0,0,0,0,0,1,0,0,1,0,0,0,12.948012371209098,420000
0.1980287417180216,0.09644111792455802,0.10885064879496191,-1.1427382348800126,0,0,0,0,0,0,0,0,1,0,0,0,0,0,0,0,0,0,0,0,0,0,0,0,0,1,0,0,0,0,0,0,0,0,0,0,0,0,0,1,0,1,0,12.644330802262578,310000
0.1980287417180216,0.09644111792455802,-0.10483720882916955,-1.1427382348800126,1,0,0,0,0,0,0,0,0,0,0,0,0,0,0,0,0,1,0,0,0,0,0,0,0,0,0,0,0,0,1,0,0,0,0,0,0,0,0,0,0,0,1,12.468440756144114,260000
0.1980287417180216,0.09644111792455802,-0.05778667137064519,0.012564298104070972,0,0,0,0,0,0,0,0,0,0,0,0,0,0,0,0,0,1,0,0,0,0,0,0,0,0,0,0,0,1,0,0,0,0,0,0,0,0,0,1,0,1,0,12.388398368982115,240000
0.1980287417180216,0.09644111792455802,-0.11169874554187102,0.012564298104070972,0,0,0,0,0,0,0,0,0,0,0,0,1,0,0,0,0,0,0,0,0,0,0,0,0,0,0,0,0,1,0,0,0,0,0,0,0,0,0,1,0,0,0,12.779875885354993,355000
0.1980287417180216,0.09644111792455802,-0.08621303775183699,0.012564298104070972,0,0,0,0,0,0,0,0,0,0,0,0,0,0,0,0,0,1,0,0,0,0,0,0,0,0,0,0,0,1,0,0,0,0,0,0,0,0,0,1,0,0,1,12.54254845357358,280000
0.1980287417180216,0.09644111792455802,-0.1362042338015191,0.012564298104070972,0,0,0,0,0,0,0,0,0,0,0,0,0,1,0,0,0,0,0,0,0,0,0,0,1,0,0,0,0,0,0,0,0,0,0,0,0,0,0,1,0,0,0,12.793862088206213,360000
-1.383683877512786,0.09644111792455802,-0.13228335567997543,0.012564298104070972,0,1,0,0,0,0,0,0,0,0,0,0,1,0,0,0,0,0,0,0,0,0,0,0,0,0,0,0,0,1,0,0,0,0,0,0,0,0,0,0,1,0,0,13.056225711649638,468000
0.1980287417180216,0.09644111792455802,-0.1607097220611672,0.012564298104070972,0,0,0,0,0,0,0,0,0,0,0,0,0,0,0,0,0,1,0,0,0,0,0,0,0,0,0,0,0,1,0,0,0,0,0,0,0,0,0,1,0,0,0,11.775297421715827,130000
-1.383683877512786,-1.946160087556246,-0.12591192873246693,1.1678668310881546,1,1,0,0,0,0,0,0,0,0,0,0,0,0,0,0,0,1,0,0,0,0,0,0,0,0,0,0,0,1,0,0,0,0,0,0,0,0,0,1,0,0,0,13.270785106659046,580000
0.1980287417180216,0.09644111792455802,-0.1558086244092376,-1.1427382348800126,0,0,0,0,0,0,0,0,0,0,0,0,0,0,0,0,0,1,0,0,0,0,0,0,0,0,0,0,0,1,0,0,0,0,0,0,0,0,0,0,0,0,1,11.951186847493476,155000
0.1980287417180216,0.09644111792455802,-0.06268776902257481,0.012564298104070972,0,0,0,0,0,0,0,0,0,0,0,0,0,0,0,0,0,1,0,0,0,0,0,0,0,0,0,0,0,0,0,0,0,0,0,0,1,0,0,1,0,0,0,12.577639650232573,290000
-1.383683877512786,0.09644111792455802,-0.12444159943688803,0.012564298104070972,1,0,0,0,0,1,0,0,0,0,0,0,0,0,0,0,0,1,0,0,0,0,0,0,0,0,0,0,0,0,1,0,0,0,0,0,0,0,0,1,1,0,0,13.429849547739444,680000
0.1980287417180216,2.139042323405362,0.010338585991176536,0.012564298104070972,1,1,0,0,0,0,0,0,0,0,0,0,1,0,0,0,0,0,0,0,0,0,0,0,0,0,0,0,0,1,0,0,0,0,0,0,0,0,0,1,0,1,0,12.409017571151187,245000
-1.383683877512786,-1.946160087556246,-0.1607097220611672,-1.1427382348800126,1,0,0,1,0,0,0,0,0,1,0,0,0,0,0,0,0,0,0,0,0,0,0,0,0,0,0,0,0,1,0,0,0,0,0,0,0,0,0,1,0,0,0,12.33270970174018,227000
1.779741360948829,0.09644111792455802,-0.06268776902257481,0.012564298104070972,0,1,0,0,0,0,0,0,0,0,0,0,0,0,0,0,0,1,1,0,0,0,0,0,0,0,0,0,0,0,0,0,0,0,0,0,0,0,0,1,1,0,0,12.611541086966115,300000
0.1980287417180216,0.09644111792455802,-0.09944600141204697,0.012564298104070972,1,0,0,0,0,0,0,0,0,0,0,0,0,0,0,0,0,1,0,0,0,0,0,0,0,0,0,0,0,0,1,0,0,0,0,0,0,0,0,0,0,0,1,12.611541086966115,300000
0.1980287417180216,0.09644111792455802,0.1554110764882933,0.012564298104070972,0,1,0,0,0,0,0,0,0,1,0,0,0,0,0,0,0,0,0,0,0,0,0,0,0,0,0,0,0,1,0,0,0,0,0,0,0,0,0,1,0,1,0,12.73670383776449,340000
0.1980287417180216,0.09644111792455802,0.01376935434752727,1.1678668310881546,0,0,0,0,0,0,0,0,0,0,0,0,0,0,1,0,0,0,0,0,0,0,0,0,0,0,0,0,0,1,0,0,0,0,0,0,0,0,0,0,0,0,1,13.017005083966255,450000
0.1980287417180216,0.09644111792455802,-0.11414929436783583,0.012564298104070972,0,1,0,0,0,0,0,0,0,1,0,0,0,0,0,0,0,0,0,0,0,0,0,0,0,0,0,0,0,1,0,0,0,0,0,0,0,0,0,1,0,1,0,12.506180941677357,270000
0.1980287417180216,0.09644111792455802,0.010828695756369498,0.012564298104070972,1,1,0,0,0,0,0,0,0,1,0,0,0,0,0,0,0,0,0,0,0,0,0,0,0,0,0,0,0,1,0,0,0,0,0,0,0,0,0,1,1,0,0,12.765691290604371,350000
0.1980287417180216,0.09644111792455802,0.010828695756369498,1.1678668310881546,1,0,0,0,0,0,0,0,1,0,0,0,0,0,0,0,0,0,0,0,0,0,0,0,0,1,0,0,0,0,0,0,0,0,0,0,0,0,0,0,0,0,1,12.413090879946887,246000
0.1980287417180216,0.09644111792455802,-0.1362042338015191,-1.1427382348800126,0,0,0,1,0,0,0,0,0,0,0,0,0,0,0,0,0,1,0,0,0,0,0,0,0,0,1,0,0,0,0,0,0,0,0,0,0,0,0,1,0,0,1,11.51293546492023,100000
-2.9653964967435935,-1.946160087556246,-0.26853387040361887,-1.1427382348800126,0,0,0,0,0,1,0,0,0,1,0,0,0,0,0,0,0,0,0,0,0,0,0,0,0,0,0,0,0,1,0,0,0,0,0,0,0,0,0,1,0,1,0,12.676079399771027,320000
1.779741360948829,0.09644111792455802,-0.0783712815087496,-1.1427382348800126,0,0,0,0,0,0,0,0,1,0,0,0,0,0,0,0,0,0,0,0,0,0,0,0,0,1,0,0,0,0,0,0,0,0,0,0,0,0,0,1,0,0,1,12.292254928916668,218000
0.1980287417180216,0.09644111792455802,-0.07984161080432849,-1.1427382348800126,1,0,0,0,0,0,0,0,0,0,0,0,0,0,0,0,0,1,0,0,0,0,0,0,0,0,0,0,0,0,0,0,0,0,1,0,0,0,0,1,0,0,0,12.144202560946876,188000
0.1980287417180216,0.09644111792455802,0.10885064879496191,1.1678668310881546,1,1,0,0,0,0,0,0,0,0,0,0,0,0,0,0,0,1,0,0,0,0,0,0,0,0,0,0,0,0,0,0,0,0,0,0,1,0,0,0,0,0,1,13.049794835104816,465000
0.1980287417180216,0.09644111792455802,-0.014166902268471566,1.1678668310881546,0,0,0,0,0,0,0,0,0,0,0,0,0,0,0,0,0,1,0,0,0,0,0,0,0,0,0,0,0,1,0,0,0,0,0,0,0,0,0,1,0,0,1,12.524530013005734,275000
0.1980287417180216,0.09644111792455802,-0.1607097220611672,-1.1427382348800126,0,0,0,0,0,0,0,0,0,0,0,0,0,0,0,0,0,1,0,0,0,0,0,0,0,0,0,0,0,1,0,0,0,0,0,0,0,0,0,1,0,1,0,12.04355959836804,170000
0.1980287417180216,0.09644111792455802,0.029452866833702056,-1.1427382348800126,0,0,0,0,0,0,0,0,0,0,0,0,0,0,0,0,0,1,0,0,0,0,0,0,0,0,0,0,0,1,0,0,0,0,0,0,0,0,0,1,0,1,0,12.81584093453868,368000
0.1980287417180216,0.09644111792455802,-0.07984161080432849,-1.1427382348800126,0,0,0,0,0,1,0,0,0,0,0,0,0,0,0,0,0,1,0,0,0,0,0,0,0,0,0,0,0,1,0,0,0,0,0,0,0,0,0,1,0,0,1,13.303018546545275,599000
0.1980287417180216,0.09644111792455802,0.10885064879496191,-1.1427382348800126,0,1,0,0,0,0,0,0,0,1,0,0,0,0,0,0,0,0,0,0,0,0,0,0,0,0,0,0,0,1,0,0,0,0,0,0,0,0,0,1,1,0,0,13.120363378739663,499000
-1.383683877512786,0.09644111792455802,-0.052395463953522604,-1.1427382348800126,0,0,0,0,0,1,0,0,1,0,0,0,0,0,0,0,0,0,0,0,0,0,0,0,0,0,0,0,0,1,0,0,0,0,0,0,0,0,0,1,0,0,1,12.966880811009803,428000
-2.9653964967435935,-1.946160087556246,-0.17835367360811386,-1.1427382348800126,0,1,0,0,0,0,0,0,1,0,0,0,0,0,0,0,0,0,0,0,0,0,0,0,0,0,0,0,0,1,0,0,0,0,0,0,0,0,0,1,1,0,0,12.644330802262578,310000
0.1980287417180216,0.09644111792455802,0.10885064879496191,-1.1427382348800126,0,0,0,0,0,0,0,0,1,0,0,0,0,0,0,0,0,0,0,0,0,0,0,0,0,1,0,0,0,0,0,0,0,0,0,0,0,0,0,1,0,1,0,12.644330802262578,310000
0.1980287417180216,0.09644111792455802,0.012789134817141347,-1.1427382348800126,0,1,0,0,0,0,0,0,1,0,0,0,0,0,0,0,0,0,0,0,0,0,0,0,0,0,0,0,0,1,0,0,0,0,0,0,0,0,0,1,0,0,1,12.899222326086994,400000
-2.9653964967435935,-1.946160087556246,-0.1959976251550605,-1.1427382348800126,0,1,0,0,0,0,0,0,0,1,0,0,0,0,0,0,0,0,0,0,0,0,0,0,0,0,0,0,0,1,0,0,0,0,0,0,0,0,0,1,1,0,0,13.112315061750808,495000
0.1980287417180216,0.09644111792455802,-0.05288557371871557,0.012564298104070972,1,0,0,0,0,0,0,0,0,0,0,0,1,0,0,0,0,0,0,0,0,0,0,0,0,0,0,0,0,0,0,0,1,0,0,0,0,0,0,0,0,0,1,12.506180941677357,270000
0.1980287417180216,0.09644111792455802,-0.15727895370481648,-1.1427382348800126,0,0,0,1,0,0,0,0,1,0,0,0,0,0,0,0,0,0,0,0,0,0,0,0,0,0,0,0,0,1,0,0,0,0,0,0,0,0,0,0,0,1,0,11.813037464800539,135000
0.1980287417180216,0.09644111792455802,0.19510996746892323,-1.1427382348800126,1,1,0,0,0,0,0,0,0,0,0,0,0,0,0,0,0,1,1,0,0,0,0,0,0,0,0,0,0,0,0,0,0,0,0,0,0,0,0,1,0,0,1,13.017005083966255,450000
0.1980287417180216,0.09644111792455802,-0.12150094084573025,-1.1427382348800126,0,0,0,1,0,0,0,0,1,0,0,0,0,0,0,0,0,0,0,0,0,0,0,0,0,0,0,0,0,1,0,0,0,0,0,0,0,0,0,1,1,0,0,11.790564777297387,132000
0.1980287417180216,0.09644111792455802,0.0211210008254217,1.1678668310881546,0,0,0,0,0,0,0,0,0,0,0,0,0,0,0,0,0,1,0,0,0,1,0,0,0,0,0,0,0,0,0,0,0,0,0,0,0,0,0,1,0,0,0,12.660331092405906,315000
0.1980287417180216,0.09644111792455802,0.01818034223426393,0.012564298104070972,1,0,0,0,0,0,0,0,0,1,0,0,0,0,0,0,0,0,0,0,0,0,0,0,0,0,0,0,0,0,0,0,0,1,0,0,0,0,0,1,1,0,0,12.886643575525625,395000
-2.9653964967435935,-1.946160087556246,-0.1611998318263602,0.012564298104070972,1,0,0,0,0,1,0,0,0,0,0,0,0,0,0,1,0,0,0,0,0,0,0,0,0,0,0,1,0,0,0,0,0,0,0,0,0,0,0,1,0,0,1,13.51202289939357,738238
0.1980287417180216,0.09644111792455802,-0.11022841624629214,-1.1427382348800126,1,0,0,1,0,0,0,0,0,0,0,0,0,0,0,0,0,1,0,0,0,0,0,0,0,0,0,0,0,0,0,0,0,0,0,0,1,0,0,0,0,0,1,12.180759965737863,195000
0.1980287417180216,0.09644111792455802,0.13776712494134666,0.012564298104070972,1,1,0,0,0,0,0,0,0,0,0,0,0,0,0,0,0,1,0,0,0,0,0,0,0,0,0,0,0,0,0,0,0,0,0,0,1,0,0,0,0,1,0,13.081543466215237,480000
0.1980287417180216,0.09644111792455802,-0.051905354188329644,-1.1427382348800126,0,1,0,0,0,0,0,0,1,0,0,0,0,0,0,0,0,0,0,0,0,0,0,0,0,1,0,0,0,0,0,0,0,0,0,0,0,0,0,1,1,0,0,12.706850963741102,330000
0.1980287417180216,2.139042323405362,0.051017696502192386,1.1678668310881546,0,1,0,0,0,0,0,0,0,0,0,0,0,0,0,0,0,1,0,0,0,0,0,0,0,0,1,0,0,0,0,0,0,0,0,0,0,0,0,1,0,0,1,12.644330802262578,310000
0.1980287417180216,0.09644111792455802,0.05542868438892905,0.012564298104070972,0,1,0,0,0,0,0,0,0,0,0,0,0,0,0,0,0,1,1,0,0,0,0,0,0,0,0,0,0,0,0,0,0,0,0,0,0,0,0,1,0,0,1,12.807655372286902,365000
0.1980287417180216,0.09644111792455802,-0.1607097220611672,-1.1427382348800126,0,0,0,0,0,0,0,0,0,0,0,0,0,1,0,0,0,0,0,0,0,0,0,0,0,0,0,0,0,0,0,0,0,0,0,0,0,1,0,1,0,0,0,12.278397958261774,215000
0.1980287417180216,-1.946160087556246,-0.1607097220611672,-1.1427382348800126,1,0,0,0,0,0,0,0,0,0,0,0,0,1,0,0,0,0,0,1,0,0,0,0,0,0,0,0,0,0,0,0,0,0,0,0,0,0,0,1,0,0,0,12.07254696717504,175000
0.1980287417180216,0.09644111792455802,-0.1362042338015191,1.1678668310881546,0,0,0,0,0,0,0,0,0,0,0,0,0,0,0,0,0,1,0,0,0,0,0,0,0,0,0,0,0,0,0,0,0,0,0,0,1,0,0,1,0,0,1,12.502470376049185,269000
0.1980287417180216,0.09644111792455802,-0.06268776902257481,1.1678668310881546,0,0,0,0,0,0,0,0,0,0,0,0,0,0,0,0,0,1,0,0,0,0,0,0,0,0,0,0,0,1,0,0,0,0,0,0,0,0,0,0,0,0,1,12.574185427296195,289000
0.1980287417180216,0.09644111792455802,-0.08719325728222291,0.012564298104070972,0,0,0,0,0,0,0,0,0,0,0,0,0,1,0,0,0,0,0,0,0,0,0,0,1,0,0,0,0,0,0,0,0,0,0,0,0,0,0,1,0,0,0,12.706850963741102,330000
0.1980287417180216,0.09644111792455802,-0.06268776902257481,0.012564298104070972,0,0,0,0,0,0,0,0,0,0,0,0,0,0,0,0,0,1,0,0,0,0,0,0,0,0,0,0,0,1,0,0,0,0,0,0,0,0,0,1,1,0,0,12.59473402514672,295000
0.1980287417180216,0.09644111792455802,-0.013676792503278605,0.012564298104070972,1,0,0,0,0,0,0,0,0,0,0,0,0,1,0,0,0,0,0,0,0,0,0,0,1,0,0,0,0,0,0,0,0,0,0,0,0,0,0,1,0,0,0,12.59473402514672,295000
0.1980287417180216,0.09644111792455802,-0.07739106197836368,1.1678668310881546,0,0,0,0,0,0,0,0,0,0,0,0,0,0,0,0,0,1,0,0,0,0,0,0,0,0,0,0,0,1,0,0,0,0,0,0,0,0,0,1,0,0,0,12.608202196848836,299000
0.1980287417180216,0.09644111792455802,-0.06268776902257481,1.1678668310881546,1,0,0,0,0,0,0,0,0,0,0,0,0,0,0,0,0,1,0,0,0,0,0,0,0,0,0,0,0,1,0,0,0,0,0,0,0,0,0,1,0,0,0,12.506180941677357,270000
0.1980287417180216,0.09644111792455802,0.06131000157124459,0.012564298104070972,1,0,0,0,0,0,0,0,0,0,0,0,0,0,0,0,0,1,0,0,0,0,0,0,0,0,0,0,0,1,0,0,0,0,0,0,0,0,0,1,0,0,1,12.464587201678082,259000
0.1980287417180216,0.09644111792455802,-0.06268776902257481,1.1678668310881546,0,0,0,0,0,0,0,0,0,0,0,0,0,0,0,0,0,1,0,0,0,0,0,0,0,0,0,0,0,1,0,0,0,0,0,0,0,0,0,1,0,0,1,12.468440756144114,260000
0.1980287417180216,0.09644111792455802,-0.1362042338015191,1.1678668310881546,0,0,0,0,0,0,0,0,0,0,0,0,0,0,0,0,0,1,0,0,0,0,0,0,0,0,0,0,0,1,0,0,0,0,0,0,0,0,0,1,0,0,1,12.502470376049185,269000
0.1980287417180216,0.09644111792455802,0.07944406288338418,-1.1427382348800126,0,0,0,0,0,0,0,0,0,0,0,0,0,0,0,0,0,1,0,0,0,0,0,0,0,0,0,0,0,1,0,0,0,0,0,0,0,0,0,1,0,0,1,12.608202196848836,299000
1.779741360948829,2.139042323405362,0.027002318007737246,1.1678668310881546,1,0,0,0,0,1,0,0,0,0,0,0,0,0,0,0,0,1,0,0,0,0,0,0,0,0,0,0,0,0,0,0,0,0,1,0,0,0,0,1,0,0,1,12.6410997921206,309000
0.1980287417180216,0.09644111792455802,0.0010265004525102568,0.012564298104070972,1,0,0,0,0,0,0,0,0,0,0,0,0,0,0,0,0,1,0,0,0,0,0,0,0,0,0,0,0,1,0,0,0,0,0,0,0,0,0,1,0,1,0,12.04355959836804,170000
1.779741360948829,0.09644111792455802,0.01131880552156246,-1.1427382348800126,1,0,0,0,0,0,0,0,0,0,0,0,0,0,0,0,0,1,0,0,0,0,0,0,0,0,0,0,0,1,0,0,0,0,0,0,0,0,0,1,0,0,1,12.502470376049185,269000
0.1980287417180216,0.09644111792455802,-0.1362042338015191,0.012564298104070972,0,0,0,0,0,0,0,0,0,0,0,0,0,1,0,0,0,0,0,0,0,0,0,0,1,0,0,0,0,0,0,0,0,0,0,0,0,0,0,1,0,1,0,12.660331092405906,315000
0.1980287417180216,0.09644111792455802,-0.1607097220611672,-1.1427382348800126,0,0,0,0,0,0,0,0,0,0,0,0,0,0,0,0,0,1,0,0,0,0,0,0,0,0,0,0,0,1,0,0,0,0,0,0,0,0,0,1,0,0,1,12.144202560946876,188000
0.1980287417180216,0.09644111792455802,0.07944406288338418,1.1678668310881546,0,1,0,0,0,0,0,0,0,0,0,0,0,1,0,0,0,0,0,0,0,0,0,0,0,0,0,0,0,1,0,0,0,0,0,0,0,0,0,1,0,0,1,12.861001210669146,385000
0.1980287417180216,0.09644111792455802,-0.056316342075066306,0.012564298104070972,1,0,0,0,0,0,0,0,0,0,0,0,0,0,0,0,0,1,0,0,0,0,0,0,0,0,0,0,0,1,0,0,0,0,0,0,0,0,0,0,0,0,0,12.524530013005734,275000
0.1980287417180216,0.09644111792455802,0.09414735583917305,1.1678668310881546,1,1,0,0,0,0,0,0,0,0,0,0,0,0,0,0,0,1,0,0,0,0,0,0,0,0,0,0,0,0,0,0,0,0,0,0,1,0,0,1,0,0,0,12.886643575525625,395000
0.1980287417180216,0.09644111792455802,-0.06268776902257481,-1.1427382348800126,1,1,0,0,0,0,0,0,0,1,0,0,0,0,0,0,0,0,0,0,0,0,0,0,0,0,0,0,0,1,0,0,0,0,0,0,0,0,0,1,0,0,1,12.468440756144114,260000
1.779741360948829,0.09644111792455802,0.10100889255187452,1.1678668310881546,1,1,0,0,0,0,0,0,0,1,0,0,0,0,0,0,0,0,0,0,0,0,0,0,0,0,0,0,0,1,0,0,0,0,0,0,0,0,0,0,0,0,1,13.122365377402328,500000
0.1980287417180216,0.09644111792455802,-0.17835367360811386,0.012564298104070972,1,0,0,0,0,0,0,0,0,0,0,0,0,1,0,0,0,0,0,0,0,0,0,0,1,0,0,0,0,0,0,0,0,0,0,0,0,0,0,1,0,0,0,12.506180941677357,270000
-1.383683877512786,0.09644111792455802,-0.2734349680555485,0.012564298104070972,0,0,0,0,0,0,0,0,0,0,0,0,0,0,0,0,0,1,0,0,0,0,0,0,0,0,0,0,0,0,0,0,0,0,0,0,1,0,0,1,0,0,1,12.323860125621126,225000
0.1980287417180216,0.09644111792455802,-0.1607097220611672,-1.1427382348800126,1,0,0,0,0,0,0,0,0,1,0,0,0,0,0,0,0,0,0,0,0,0,0,0,0,0,0,0,0,1,0,0,0,0,0,0,0,0,0,0,0,0,1,11.849404844423074,140000
0.1980287417180216,0.09644111792455802,-0.1607097220611672,-1.1427382348800126,1,0,0,0,0,0,0,0,0,1,0,0,0,0,0,0,0,0,0,0,0,1,0,0,0,0,0,0,0,0,0,0,0,0,0,0,0,0,0,0,0,0,1,12.083910661257521,177000
0.1980287417180216,0.09644111792455802,-0.15237785605288687,-1.1427382348800126,0,0,0,0,0,0,0,0,0,0,0,0,0,0,0,0,0,1,0,0,0,0,0,0,0,0,0,0,0,0,0,1,0,0,0,0,0,0,0,1,1,0,0,11.918397239722838,150000
0.1980287417180216,0.09644111792455802,-0.09013391587338068,0.012564298104070972,0,0,0,0,0,0,0,0,0,0,0,0,0,0,0,0,0,1,0,0,0,0,0,0,0,0,0,0,0,1,0,0,0,0,0,0,0,0,0,1,1,0,0,11.884495917930655,145000
0.1980287417180216,0.09644111792455802,-0.05876689090103111,0.012564298104070972,1,0,0,0,0,0,0,0,0,0,0,0,0,0,0,0,0,1,1,0,0,0,0,0,0,0,0,0,0,0,0,0,0,0,0,0,0,0,0,1,0,0,1,12.570719231334277,288000
0.1980287417180216,0.09644111792455802,-0.10483720882916955,-1.1427382348800126,1,0,0,0,0,0,0,0,0,0,0,0,0,0,0,0,0,1,0,0,0,0,0,0,0,0,0,0,0,0,1,0,0,0,0,0,0,0,0,0,0,0,1,12.54254845357358,280000
0.1980287417180216,0.09644111792455802,-0.06268776902257481,0.012564298104070972,1,0,0,0,0,0,0,0,0,0,0,0,0,0,0,0,0,1,0,0,0,0,0,0,0,0,0,0,0,1,0,0,0,0,0,0,0,0,0,1,0,0,1,12.449022745701502,255000
0.1980287417180216,0.09644111792455802,-0.04651414677120706,-1.1427382348800126,1,0,0,0,0,0,0,0,0,0,0,0,0,0,0,0,0,1,1,0,0,0,0,0,0,0,0,0,0,0,0,0,0,0,0,0,0,0,0,1,1,0,0,12.367345048436391,235000
1.779741360948829,0.09644111792455802,0.10885064879496191,0.012564298104070972,1,0,0,0,0,0,0,0,0,0,0,0,0,0,0,0,0,1,0,0,0,0,0,0,0,0,0,0,0,0,0,0,0,0,1,0,0,0,0,1,0,0,0,12.700771936142122,328000
0.1980287417180216,0.09644111792455802,0.009358366460790612,0.012564298104070972,1,0,0,0,0,0,0,0,0,0,0,0,0,1,0,0,0,0,0,0,0,0,0,0,0,0,0,0,0,1,0,0,0,0,0,0,0,0,0,1,1,0,0,12.894209796826232,398000
0.1980287417180216,0.09644111792455802,-0.06268776902257481,-1.1427382348800126,1,1,0,0,0,0,0,0,0,1,0,0,0,0,0,0,0,0,0,0,0,0,0,0,0,0,0,0,0,1,0,0,0,0,0,0,0,0,0,1,0,0,1,12.468440756144114,260000
1.779741360948829,0.09644111792455802,0.10100889255187452,1.1678668310881546,1,1,0,0,0,0,0,0,0,1,0,0,0,0,0,0,0,0,0,0,0,0,0,0,0,0,0,0,0,1,0,0,0,0,0,0,0,0,0,0,0,0,1,13.122365377402328,500000
0.1980287417180216,0.09644111792455802,-0.17835367360811386,0.012564298104070972,1,0,0,0,0,0,0,0,0,0,0,0,0,1,0,0,0,0,0,0,0,0,0,0,1,0,0,0,0,0,0,0,0,0,0,0,0,0,0,1,0,0,0,12.506180941677357,270000
-1.383683877512786,0.09644111792455802,-0.2734349680555485,0.012564298104070972,0,0,0,0,0,0,0,0,0,0,0,0,0,0,0,0,0,1,0,0,0,0,0,0,0,0,0,0,0,0,0,0,0,0,0,0,1,0,0,1,0,0,1,12.323860125621126,225000
0.1980287417180216,0.09644111792455802,-0.1607097220611672,-1.1427382348800126,1,0,0,0,0,0,0,0,0,1,0,0,0,0,0,0,0,0,0,0,0,0,0,0,0,0,0,0,0,1,0,0,0,0,0,0,0,0,0,0,0,0,1,11.849404844423074,140000
0.1980287417180216,0.09644111792455802,-0.1607097220611672,-1.1427382348800126,1,0,0,0,0,0,0,0,0,1,0,0,0,0,0,0,0,0,0,0,0,1,0,0,0,0,0,0,0,0,0,0,0,0,0,0,0,0,0,0,0,0,1,12.083910661257521,177000
0.1980287417180216,0.09644111792455802,-0.09013391587338068,0.012564298104070972,0,0,0,0,0,0,0,0,0,0,0,0,0,0,0,0,0,1,0,0,0,0,0,0,0,0,0,0,0,1,0,0,0,0,0,0,0,0,0,1,1,0,0,11.884495917930655,145000
0.1980287417180216,0.09644111792455802,-0.15237785605288687,-1.1427382348800126,0,0,0,0,0,0,0,0,0,0,0,0,0,0,0,0,0,1,0,0,0,0,0,0,0,0,0,0,0,0,0,1,0,0,0,0,0,0,0,1,1,0,0,11.918397239722838,150000
0.1980287417180216,0.09644111792455802,-0.05876689090103111,0.012564298104070972,1,0,0,0,0,0,0,0,0,0,0,0,0,0,0,0,0,1,1,0,0,0,0,0,0,0,0,0,0,0,0,0,0,0,0,0,0,0,0,1,0,0,1,12.570719231334277,288000
0.1980287417180216,0.09644111792455802,-0.10483720882916955,-1.1427382348800126,1,0,0,0,0,0,0,0,0,0,0,0,0,0,0,0,0,1,0,0,0,0,0,0,0,0,0,0,0,0,1,0,0,0,0,0,0,0,0,0,0,0,1,12.54254845357358,280000
0.1980287417180216,0.09644111792455802,-0.06268776902257481,0.012564298104070972,1,0,0,0,0,0,0,0,0,0,0,0,0,0,0,0,0,1,0,0,0,0,0,0,0,0,0,0,0,1,0,0,0,0,0,0,0,0,0,1,0,0,1,12.449022745701502,255000
0.1980287417180216,0.09644111792455802,-0.04651414677120706,-1.1427382348800126,1,0,0,0,0,0,0,0,0,0,0,0,0,0,0,0,0,1,1,0,0,0,0,0,0,0,0,0,0,0,0,0,0,0,0,0,0,0,0,1,1,0,0,12.367345048436391,235000
1.779741360948829,0.09644111792455802,0.10885064879496191,0.012564298104070972,1,0,0,0,0,0,0,0,0,0,0,0,0,0,0,0,0,1,0,0,0,0,0,0,0,0,0,0,0,0,0,0,0,0,1,0,0,0,0,1,0,0,0,12.700771936142122,328000
0.1980287417180216,0.09644111792455802,0.009358366460790612,0.012564298104070972,1,0,0,0,0,0,0,0,0,0,0,0,0,1,0,0,0,0,0,0,0,0,0,0,0,0,0,0,0,1,0,0,0,0,0,0,0,0,0,1,1,0,0,12.894209796826232,398000
0.1980287417180216,0.09644111792455802,-0.16316027088713203,0.012564298104070972,0,0,0,0,0,0,0,0,0,0,0,0,0,0,0,0,0,1,0,0,0,0,0,0,0,0,0,0,0,0,1,0,0,0,0,0,0,0,0,1,0,0,1,12.04355959836804,170000
-1.383683877512786,-1.946160087556246,-0.14208555098383466,0.012564298104070972,0,0,0,0,0,1,0,0,0,0,1,0,0,0,0,0,0,0,0,0,0,0,0,0,0,0,0,0,0,1,0,0,0,0,0,0,0,0,0,1,0,0,1,12.240961875957243,207100
0.1980287417180216,0.09644111792455802,-0.06268776902257481,0.012564298104070972,0,0,0,0,0,1,0,0,1,0,0,0,0,0,0,0,0,0,0,0,0,0,0,0,0,1,0,0,0,0,0,0,0,0,0,0,0,0,0,0,0,0,1,12.75130259456002,345000
0.1980287417180216,0.09644111792455802,0.19069897958218657,1.1678668310881546,0,0,0,0,0,1,0,0,0,0,0,0,0,0,0,0,0,1,0,0,0,1,0,0,0,0,0,0,0,0,0,0,0,0,0,0,0,0,0,1,1,0,0,13.384729180332174,650000
0.1980287417180216,-1.946160087556246,-0.17345257595618424,0.012564298104070972,0,0,0,0,0,0,0,0,0,0,0,0,0,1,0,0,0,0,0,0,0,0,0,0,0,0,0,0,0,1,0,0,0,0,0,0,0,0,0,1,1,0,0,12.100717685412471,180000
0.1980287417180216,0.09644111792455802,-0.10483720882916955,-1.1427382348800126,1,0,0,0,0,0,0,0,0,0,0,0,0,0,0,0,0,1,0,0,0,0,0,0,0,0,0,0,0,0,1,0,0,0,0,0,0,0,0,0,0,1,0,12.506180941677357,270000
0.1980287417180216,0.09644111792455802,-0.03818228076292671,-1.1427382348800126,0,0,0,0,0,0,0,0,0,0,1,0,0,0,0,0,0,0,0,0,0,0,0,0,0,0,0,0,0,1,0,0,0,0,0,0,0,0,0,0,0,1,0,12.07254696717504,175000
0.1980287417180216,0.09644111792455802,0.06081989180605163,1.1678668310881546,0,0,0,0,0,0,0,0,0,0,0,0,0,0,0,0,0,1,0,0,0,0,0,0,0,0,0,0,0,1,0,0,0,0,0,0,0,0,0,1,0,0,1,12.425212191503038,249000
0.1980287417180216,0.09644111792455802,-0.03818228076292671,-1.1427382348800126,0,0,0,0,0,0,0,0,0,0,0,0,0,0,0,0,0,1,0,0,0,0,0,0,0,0,0,0,0,1,0,0,0,0,0,0,0,0,0,1,1,0,0,12.429220196836383,250000
0.1980287417180216,0.09644111792455802,-0.11169874554187102,-1.1427382348800126,0,0,0,1,0,0,0,0,1,0,0,0,0,0,0,0,0,0,0,0,0,0,0,0,0,0,0,0,0,1,0,0,0,0,0,0,0,0,0,1,0,0,1,12.031725210748633,168000
-1.383683877512786,-1.946160087556246,-0.22638443059702415,-1.1427382348800126,0,0,0,0,0,1,0,0,0,0,0,0,0,0,0,0,0,1,0,0,0,0,0,0,0,0,0,0,0,0,0,0,0,0,0,0,1,0,0,1,0,0,1,13.217675375388819,550000
-1.383683877512786,0.09644111792455802,-0.07150974479604813,1.1678668310881546,1,0,0,0,0,1,0,0,0,0,0,0,0,0,0,1,0,0,0,0,0,0,0,0,0,0,0,1,0,0,0,0,0,0,0,0,0,0,0,1,0,0,1,13.506878560321708,734450
-1.383683877512786,0.09644111792455802,0.14315833235846925,1.1678668310881546,1,0,0,0,0,1,0,0,0,0,0,0,0,0,0,1,0,0,0,0,0,0,0,0,0,0,0,1,0,0,0,0,0,0,0,0,0,0,0,0,0,0,1,13.597369473422855,804011
0.1980287417180216,0.09644111792455802,-0.08719325728222291,1.1678668310881546,0,1,0,0,0,0,0,0,0,0,1,0,0,0,0,0,0,0,0,0,0,0,0,0,0,0,0,0,0,1,0,0,0,0,0,0,0,0,0,1,0,0,1,12.73080413304066,338000
0.1980287417180216,0.09644111792455802,0.058369342980086815,-1.1427382348800126,0,0,0,0,0,0,0,0,1,0,0,0,0,0,0,0,0,0,0,0,0,0,0,0,0,0,0,0,0,1,0,0,0,0,0,0,0,0,0,1,0,0,1,12.847929163278053,380000
0.1980287417180216,0.09644111792455802,0.0353341840160176,1.1678668310881546,0,1,0,0,0,0,0,0,0,0,0,0,0,1,0,0,0,0,0,0,1,0,0,0,0,0,0,0,0,0,0,0,0,0,0,0,0,0,0,1,0,0,1,13.122365377402328,500000
0.1980287417180216,0.09644111792455802,0.15198030813194258,1.1678668310881546,0,1,0,0,0,0,0,0,0,0,0,0,0,0,0,0,0,1,0,0,0,0,0,0,0,0,1,0,0,0,0,0,0,0,0,0,0,0,0,1,0,0,1,12.628070334272698,305000
0.1980287417180216,0.09644111792455802,0.010828695756369498,-1.1427382348800126,0,0,0,0,0,0,0,0,0,0,0,0,0,0,0,0,0,1,0,0,0,0,0,0,0,0,1,0,0,0,0,0,0,0,0,0,0,0,0,1,0,0,1,12.429220196836383,250000
0.1980287417180216,0.09644111792455802,0.15198030813194258,1.1678668310881546,0,1,0,0,0,0,0,0,0,0,0,0,0,0,0,0,0,1,0,0,0,0,0,0,0,0,1,0,0,0,0,0,0,0,0,0,0,0,0,1,0,0,1,12.765691290604371,350000
0.1980287417180216,0.09644111792455802,-0.06268776902257481,0.012564298104070972,0,0,0,0,0,0,0,0,1,0,0,0,0,0,0,0,0,0,0,0,0,0,0,0,0,1,0,0,0,0,0,0,0,0,0,0,0,0,0,1,1,0,0,12.201065128819632,199000
0.1980287417180216,-1.946160087556246,-0.14600642910537837,-1.1427382348800126,0,0,0,0,0,0,0,0,0,0,0,0,0,0,0,0,0,1,0,0,0,0,0,0,0,0,0,0,0,1,0,0,0,0,0,0,0,0,0,0,0,0,1,11.385103457032141,88000
0.1980287417180216,0.09644111792455802,-0.12640203849765988,-1.1427382348800126,1,0,0,0,0,0,0,0,0,0,0,0,0,0,0,0,0,1,0,0,0,0,0,0,0,0,0,0,0,1,0,0,0,0,0,0,0,0,0,0,1,0,0,11.918397239722838,150000
0.1980287417180216,2.139042323405362,0.14168800306289037,0.012564298104070972,0,1,0,0,0,0,0,0,0,1,0,0,0,0,0,0,0,0,0,0,0,0,0,0,0,0,0,0,0,1,0,0,0,0,0,0,0,0,0,0,0,1,0,13.017005083966255,450000
0.1980287417180216,0.09644111792455802,0.10885064879496191,0.012564298104070972,0,1,0,0,0,0,0,0,1,0,0,0,0,0,0,0,0,0,0,0,0,0,0,0,0,1,0,0,0,0,0,0,0,0,0,0,0,0,0,1,1,0,0,12.847929163278053,380000
0.1980287417180216,0.09644111792455802,-0.11267896507225694,0.012564298104070972,1,1,0,0,0,0,0,0,0,1,0,0,0,0,0,0,0,0,0,0,0,1,0,0,0,0,0,0,0,0,0,0,0,0,0,0,0,0,0,0,0,1,0,12.611541086966115,300000
0.1980287417180216,0.09644111792455802,0.17452535733081884,1.1678668310881546,0,1,0,0,0,0,0,0,0,0,0,0,0,1,0,0,0,0,0,0,0,0,0,0,1,0,0,0,0,0,0,0,0,0,0,0,0,0,0,1,0,0,0,13.577254637874743,788000
0.1980287417180216,4.181643528886166,0.5617120718332589,0.012564298104070972,0,0,0,0,0,0,0,0,1,0,0,0,0,0,0,0,0,0,0,0,0,0,0,0,0,0,0,0,0,1,0,0,0,0,0,0,0,0,0,1,0,0,1,13.161586013632684,520000
0.1980287417180216,-1.946160087556246,-0.1607097220611672,-1.1427382348800126,0,0,0,0,0,0,0,0,0,0,0,0,0,1,0,0,0,0,0,0,0,0,0,0,1,0,0,0,0,0,0,0,0,0,0,0,0,0,0,1,0,0,0,12.506180941677357,270000
0.1980287417180216,0.09644111792455802,-0.1362042338015191,0.012564298104070972,0,0,0,0,0,0,0,0,0,0,0,0,0,1,0,0,0,0,0,0,0,0,0,0,1,0,0,0,0,0,0,0,0,0,0,0,0,0,0,1,0,0,0,12.604852121186608,298000
0.1980287417180216,0.09644111792455802,-0.05533612254468038,1.1678668310881546,0,1,0,0,0,0,0,0,0,0,0,0,0,0,0,1,0,0,0,0,0,0,0,0,0,0,0,1,0,0,0,0,0,0,0,0,0,0,0,1,0,0,1,12.936725126456139,415286
-1.383683877512786,0.09644111792455802,-0.11169874554187102,0.012564298104070972,1,0,0,0,0,0,0,0,0,0,0,0,0,0,0,1,0,0,0,0,0,0,0,0,0,0,0,1,0,0,0,0,0,0,0,0,0,0,0,1,0,0,1,12.560247968016562,285000
-1.383683877512786,-1.946160087556246,-0.21952289388432267,-1.1427382348800126,0,0,0,1,0,0,0,0,0,0,0,0,0,1,0,0,0,0,0,0,0,0,1,0,0,0,0,0,0,0,0,0,0,0,0,0,0,0,0,1,1,0,0,12.206077645517674,200000
-1.383683877512786,-1.946160087556246,-0.11022841624629214,-1.1427382348800126,1,0,0,0,0,1,0,0,0,0,0,0,0,0,0,0,0,1,0,0,0,0,0,0,0,0,0,0,0,0,1,0,0,0,0,0,0,0,0,1,0,0,0,13.41204494952365,668000
0.1980287417180216,0.09644111792455802,-0.06268776902257481,0.012564298104070972,0,1,0,0,0,0,0,0,0,0,0,0,0,1,0,0,0,0,0,0,0,0,0,0,0,0,0,0,0,1,0,0,0,0,0,0,0,0,0,1,1,0,0,12.449022745701502,255000
0.1980287417180216,-1.946160087556246,-0.0925844646993455,-1.1427382348800126,1,0,0,0,0,0,0,0,0,1,0,0,0,0,0,0,0,0,0,0,0,1,0,0,0,0,0,0,0,0,0,0,0,0,0,0,0,0,0,0,0,0,1,12.468440756144114,260000
0.1980287417180216,0.09644111792455802,0.014259464112720232,1.1678668310881546,1,0,0,0,0,1,0,0,0,0,0,0,0,0,0,1,0,0,0,0,0,0,0,0,0,0,0,1,0,0,0,0,0,0,0,0,0,0,0,1,0,0,1,13.051943059028227,466000
0.1980287417180216,0.09644111792455802,0.014259464112720232,1.1678668310881546,1,1,0,0,0,0,0,0,0,0,0,0,0,0,0,1,0,0,0,0,0,0,0,0,0,0,0,1,0,0,0,0,0,0,0,0,0,0,0,0,0,1,0,13.101793255659619,489819
0.1980287417180216,0.09644111792455802,-0.03622184170215486,1.1678668310881546,1,0,0,0,0,1,0,0,0,0,0,0,0,0,0,1,0,0,0,0,0,0,0,0,0,0,0,1,0,0,0,0,0,0,0,0,0,0,0,1,0,1,0,13.077786425179415,478200
0.1980287417180216,0.09644111792455802,0.06964186757952495,-1.1427382348800126,0,1,0,0,0,0,0,0,0,1,0,0,0,0,0,0,0,0,0,0,0,0,0,0,0,0,0,0,0,1,0,0,0,0,0,0,0,0,0,1,0,0,1,12.676079399771027,320000
-1.383683877512786,-1.946160087556246,-0.1362042338015191,-1.1427382348800126,1,0,0,1,0,0,0,0,1,0,0,0,0,0,0,0,0,0,0,0,0,0,0,0,0,1,0,0,0,0,0,0,0,0,0,0,0,0,0,0,1,0,0,12.100717685412471,180000
0.1980287417180216,0.09644111792455802,-0.1362042338015191,0.012564298104070972,0,0,0,0,0,0,0,0,0,0,0,0,0,1,0,0,0,0,0,0,0,0,0,0,0,0,0,0,0,1,0,0,0,0,0,0,0,0,0,1,0,0,0,12.144202560946876,188000
-2.9653964967435935,-1.946160087556246,-0.16561081971309685,-1.1427382348800126,0,0,0,0,0,0,0,0,0,0,0,0,1,0,0,0,0,0,0,0,0,0,0,0,0,0,0,0,0,1,0,0,0,0,0,0,0,0,0,1,1,0,0,11.608244735642321,110000
0.1980287417180216,0.09644111792455802,-0.08817347681260884,-1.1427382348800126,1,0,0,0,0,0,0,0,0,0,0,0,1,0,0,0,0,0,0,0,0,0,0,0,0,0,0,0,0,1,0,0,0,0,0,0,0,0,0,0,0,0,1,12.25486757159303,210000
0.1980287417180216,0.09644111792455802,0.14854953977559185,-1.1427382348800126,0,0,0,0,0,0,0,1,0,0,0,0,0,0,1,0,0,0,0,0,0,0,0,0,0,0,0,0,0,1,0,0,0,0,0,0,0,0,0,1,0,1,0,13.112315061750808,495000
-2.9653964967435935,-1.946160087556246,-0.25873167509975964,0.012564298104070972,1,1,0,0,0,0,0,0,0,0,0,0,0,0,0,0,0,1,0,0,0,0,0,0,0,0,0,0,0,0,0,0,0,0,0,0,1,0,0,1,1,0,0,12.54254845357358,280000
0.1980287417180216,0.09644111792455802,0.0598396722756657,1.1678668310881546,0,1,0,0,0,0,0,0,0,0,0,0,0,1,0,0,0,0,0,0,1,0,0,0,0,0,0,0,0,0,0,0,0,0,0,0,0,0,0,1,1,0,0,13.45883704259595,700000
0.1980287417180216,0.09644111792455802,-0.1607097220611672,-1.1427382348800126,1,0,0,0,0,0,0,0,0,1,0,0,0,0,0,0,0,0,0,0,0,0,0,0,0,0,0,0,0,1,0,0,0,0,0,0,0,0,0,1,1,0,0,12.07254696717504,175000
0.1980287417180216,2.139042323405362,0.15198030813194258,0.012564298104070972,0,1,0,0,0,0,0,0,0,0,0,0,0,1,0,0,0,0,0,1,0,0,0,0,0,0,0,0,0,0,0,0,0,0,0,0,0,0,0,1,0,0,0,13.451668563394815,695000
0.1980287417180216,0.09644111792455802,-0.1362042338015191,0.012564298104070972,0,0,0,0,0,0,0,0,0,0,0,0,0,1,0,0,0,0,0,1,0,0,0,0,0,0,0,0,0,0,0,0,0,0,0,0,0,0,0,1,1,0,0,12.765691290604371,350000
0.1980287417180216,0.09644111792455802,-0.1362042338015191,0.012564298104070972,0,0,0,0,0,0,0,0,0,0,0,0,0,1,0,0,0,0,0,1,0,0,0,0,0,0,0,0,0,0,0,0,0,0,0,0,0,0,0,1,0,0,0,12.821260987319457,370000
0.1980287417180216,0.09644111792455802,-0.08719325728222291,-1.1427382348800126,1,0,0,0,0,0,0,0,0,0,0,0,0,0,0,0,0,1,0,0,0,0,0,0,0,0,0,0,0,0,0,1,0,0,0,0,0,0,0,0,0,0,0,12.013706813470414,165000
0.1980287417180216,0.09644111792455802,0.15786162531425812,0.012564298104070972,1,1,0,0,0,0,0,0,0,0,0,0,0,0,0,0,0,1,1,0,0,0,0,0,0,0,0,0,0,0,0,0,0,0,0,0,0,0,0,1,0,0,1,12.948012371209098,420000
0.1980287417180216,0.09644111792455802,-0.025929536633102657,0.012564298104070972,0,0,0,0,0,0,0,0,0,0,0,0,0,0,0,0,0,1,0,0,0,0,0,0,0,0,0,0,0,0,0,1,0,0,0,0,0,0,0,1,0,1,0,12.81584093453868,368000
0.1980287417180216,0.09644111792455802,0.11179130738611968,1.1678668310881546,0,0,0,0,0,0,0,0,1,0,0,0,0,0,0,0,0,0,0,0,0,0,0,0,0,0,0,0,0,1,0,0,0,0,0,0,0,0,0,1,1,0,0,13.399996629152975,660000
0.1980287417180216,0.09644111792455802,-0.1313031361495895,-1.1427382348800126,1,0,0,0,0,0,0,0,1,0,0,0,0,0,0,0,0,0,0,0,0,0,0,0,0,1,0,0,0,0,0,0,0,0,0,0,0,0,0,1,0,0,1,12.07254696717504,175000
-1.383683877512786,0.09644111792455802,-0.15727895370481648,-1.1427382348800126,0,0,0,1,0,0,0,0,0,0,0,0,0,1,0,0,0,0,0,0,0,0,0,0,0,0,0,0,0,1,0,0,0,0,0,0,0,0,0,1,0,0,0,11.608244735642321,110000
0.1980287417180216,0.09644111792455802,-0.1607097220611672,-1.1427382348800126,1,0,0,0,0,0,0,0,0,1,0,0,0,0,0,0,0,0,0,0,0,0,0,0,0,0,0,0,0,1,0,0,0,0,0,0,0,0,0,0,0,0,0,12.100717685412471,180000
0.1980287417180216,0.09644111792455802,0.03582429378121056,-1.1427382348800126,0,1,0,0,0,0,0,0,0,1,0,0,0,0,0,0,0,0,0,0,0,1,0,0,0,0,0,0,0,0,0,0,0,0,0,0,0,0,0,1,1,0,0,12.604852121186608,298000
0.1980287417180216,-1.946160087556246,-0.18374488102523645,0.012564298104070972,1,0,0,1,0,0,0,0,0,0,0,0,0,1,0,0,0,0,0,0,0,0,0,0,0,0,0,0,0,1,0,0,0,0,0,0,0,0,0,1,0,0,1,12.04355959836804,170000
0.1980287417180216,0.09644111792455802,-0.06268776902257481,0.012564298104070972,0,1,0,0,0,0,0,0,0,1,0,0,0,0,0,0,0,0,0,0,0,0,0,0,0,0,0,0,0,1,0,0,0,0,0,0,0,0,0,1,0,0,0,12.847929163278053,380000
1.779741360948829,0.09644111792455802,0.06032978204085867,0.012564298104070972,1,1,0,0,0,0,0,0,0,1,0,0,0,0,0,0,0,0,0,0,0,1,0,0,0,0,0,0,0,0,0,0,0,0,0,0,0,0,0,1,0,0,0,12.994532278619134,440000
0.1980287417180216,0.09644111792455802,-0.18521521032081534,-1.1427382348800126,1,0,0,0,0,0,0,0,0,1,0,0,0,0,0,0,0,0,0,0,0,0,0,0,0,0,0,0,0,1,0,0,0,0,0,0,0,0,0,1,0,0,0,12.08954444723597,178000
0.1980287417180216,0.09644111792455802,-0.10483720882916955,0.012564298104070972,1,0,0,0,0,0,0,0,0,1,0,0,0,0,0,0,0,0,0,0,0,0,0,0,0,0,0,0,0,1,0,0,0,0,0,0,0,0,0,1,0,0,0,12.577639650232573,290000
-2.9653964967435935,-1.946160087556246,-0.18276466149485052,-1.1427382348800126,0,0,0,0,0,1,0,0,0,0,0,1,0,0,0,0,0,0,0,0,0,0,0,0,0,0,0,0,0,1,0,0,0,0,0,0,0,0,0,1,0,0,1,12.295917919903431,218800
0.1980287417180216,0.09644111792455802,0.11963306362920707,-1.1427382348800126,0,1,0,0,0,0,0,0,0,1,0,0,0,0,0,0,0,0,0,0,0,0,0,0,0,0,0,0,0,1,0,0,0,0,0,0,0,0,0,1,0,1,0,12.84265212010087,378000
0.1980287417180216,0.09644111792455802,-0.03818228076292671,1.1678668310881546,0,0,0,0,0,1,0,0,0,0,0,0,0,0,0,0,0,1,0,0,0,0,0,0,0,0,0,0,0,1,0,0,0,0,0,0,0,0,0,1,0,0,1,12.468440756144114,260000
0.1980287417180216,0.09644111792455802,-0.050925134657943724,0.012564298104070972,1,0,0,0,0,0,0,0,0,0,0,0,0,0,0,0,0,1,0,0,0,0,0,0,0,0,0,0,0,0,0,1,0,0,0,0,0,0,0,1,0,1,0,12.524530013005734,275000
0.1980287417180216,-1.946160087556246,-0.1362042338015191,-1.1427382348800126,0,0,0,1,0,0,0,0,0,0,0,0,0,0,1,0,0,0,0,0,0,0,0,0,0,0,0,0,0,1,0,0,0,0,0,0,0,0,0,1,0,1,0,12.487488878546145,265000
-1.383683877512786,-1.946160087556246,-0.051415244423136684,-1.1427382348800126,1,1,0,0,0,0,0,0,1,0,0,0,0,0,0,0,0,0,0,0,0,0,0,0,0,1,0,0,0,0,0,0,0,0,0,0,0,0,0,1,1,0,0,12.706850963741102,330000
0.1980287417180216,2.139042323405362,0.45192748443003533,2.323169364072238,0,0,0,0,0,1,0,0,0,0,0,0,0,0,0,0,0,1,0,0,0,0,0,0,0,0,0,0,0,1,0,0,0,0,0,0,0,0,0,1,1,0,0,13.017005083966255,450000
-2.9653964967435935,-1.946160087556246,-0.10189655023801178,-1.1427382348800126,1,0,0,0,1,0,0,0,0,0,0,0,1,0,0,0,0,0,0,0,0,0,0,0,0,0,0,0,0,1,0,0,0,0,0,0,0,0,0,1,0,0,0,13.017005083966255,450000
0.1980287417180216,0.09644111792455802,-0.025439426867909693,0.012564298104070972,0,0,0,0,0,0,0,0,0,0,0,0,0,0,0,0,0,1,0,0,0,0,0,0,0,0,0,0,0,0,0,0,0,0,0,0,1,0,0,0,0,0,0,12.506180941677357,270000
-1.383683877512786,0.09644111792455802,0.0598396722756657,0.012564298104070972,0,1,0,0,0,0,0,0,0,1,0,0,0,0,0,0,0,0,0,0,0,1,0,0,0,0,0,0,0,0,0,0,0,0,0,0,0,0,0,1,0,0,1,12.611541086966115,300000
1.779741360948829,0.09644111792455802,0.04121550119833314,0.012564298104070972,0,0,0,0,0,1,0,0,0,0,0,0,0,0,0,0,0,1,0,0,0,0,0,0,0,0,0,0,0,1,0,0,0,0,0,0,0,0,0,1,0,0,0,12.948012371209098,420000
0.1980287417180216,0.09644111792455802,-0.044553707710435216,0.012564298104070972,0,1,0,0,0,0,0,0,0,0,0,0,0,1,0,0,0,0,0,1,0,0,0,0,0,0,0,0,0,0,0,0,0,0,0,0,0,0,0,1,0,0,1,13.049794835104816,465000
0.1980287417180216,0.09644111792455802,0.1554110764882933,1.1678668310881546,0,1,0,0,0,0,0,0,0,0,0,0,0,1,0,0,0,0,0,0,1,0,0,0,0,0,0,0,0,0,0,0,0,0,0,0,0,0,0,1,0,0,0,13.195615697878253,538000
1.779741360948829,2.139042323405362,0.13335613705461002,-1.1427382348800126,0,0,0,0,0,0,0,0,1,0,0,0,0,0,0,0,0,0,0,0,0,0,0,0,0,1,0,0,0,0,0,0,0,0,0,0,0,0,0,1,0,1,0,12.700771936142122,328000
0.1980287417180216,0.09644111792455802,-0.044553707710435216,0.012564298104070972,0,1,0,0,0,0,0,0,0,0,0,0,0,1,0,0,0,0,0,1,0,0,0,0,0,0,0,0,0,0,0,0,0,0,0,0,0,0,0,1,0,1,0,13.017005083966255,450000
0.1980287417180216,2.139042323405362,0.15198030813194258,1.1678668310881546,0,1,0,0,0,0,0,0,0,0,0,0,0,1,0,0,0,0,0,1,0,0,0,0,0,0,0,0,0,0,0,0,0,0,0,0,0,0,0,1,0,0,0,13.527829818844937,750000
0.1980287417180216,0.09644111792455802,-0.044553707710435216,1.1678668310881546,0,1,0,0,0,0,0,0,0,0,0,0,0,1,0,0,0,0,0,1,0,0,0,0,0,0,0,0,0,0,0,0,0,0,0,0,0,0,0,1,0,0,1,13.112315061750808,495000
0.1980287417180216,0.09644111792455802,-0.013676792503278605,0.012564298104070972,1,0,0,0,0,0,0,0,0,1,0,0,0,0,0,0,0,0,0,0,0,0,0,0,0,0,0,0,0,1,0,0,0,0,0,0,0,0,0,0,0,1,0,12.779875885354993,355000
0.1980287417180216,0.09644111792455802,-0.06562842761373258,-1.1427382348800126,1,0,0,0,0,0,0,0,0,0,0,0,0,0,0,0,0,1,0,0,0,0,0,0,0,0,0,0,0,1,0,0,0,0,0,0,0,0,0,0,0,0,1,12.34148164933907,229000
0.1980287417180216,0.09644111792455802,-0.08719325728222291,0.012564298104070972,1,0,0,0,0,0,0,0,0,0,0,0,0,1,0,0,0,0,0,1,0,0,0,0,0,0,0,0,0,0,0,0,0,0,0,0,0,0,0,1,0,0,1,12.570719231334277,288000
0.1980287417180216,0.09644111792455802,-0.08719325728222291,0.012564298104070972,1,0,0,0,0,0,0,0,0,0,0,0,0,1,0,0,0,0,0,1,0,0,0,0,0,0,0,0,0,0,0,0,0,0,0,0,0,0,0,1,0,1,0,12.706850963741102,330000
0.1980287417180216,0.09644111792455802,-0.03818228076292671,0.012564298104070972,1,0,0,0,0,0,0,0,0,0,0,0,0,0,0,0,0,1,1,0,0,0,0,0,0,0,0,0,0,0,0,0,0,0,0,0,0,0,0,0,1,0,0,12.36308066783498,234000
0.1980287417180216,2.139042323405362,0.13335613705461002,1.1678668310881546,0,1,0,0,0,0,0,0,0,1,0,0,0,0,0,0,0,0,0,0,0,0,0,0,0,0,0,0,0,1,0,0,0,0,0,0,0,0,0,1,0,0,1,13.527829818844937,750000
1.779741360948829,2.139042323405362,0.2558835783528505,1.1678668310881546,0,1,0,0,0,0,0,0,0,0,0,0,1,0,0,0,0,0,0,0,0,0,0,0,0,0,0,0,0,1,0,0,0,0,0,0,0,0,0,1,0,1,0,13.652992804936396,850000
0.1980287417180216,0.09644111792455802,-0.09944600141204697,0.012564298104070972,1,0,0,0,0,0,0,0,0,0,0,0,0,0,0,0,0,1,0,0,0,0,0,0,0,0,0,0,0,0,1,0,0,0,0,0,0,0,0,0,0,1,0,12.73080413304066,338000
0.1980287417180216,0.09644111792455802,-0.13081302638439654,-1.1427382348800126,1,0,0,1,0,0,0,0,0,0,0,0,0,0,0,0,0,1,1,0,0,0,0,0,0,0,0,0,0,0,0,0,0,0,0,0,0,0,0,0,0,0,0,12.25486757159303,210000
-1.383683877512786,0.09644111792455802,-0.057296561605452226,0.012564298104070972,1,1,0,0,0,0,0,0,0,0,1,0,0,0,0,0,0,0,0,0,0,0,0,0,0,0,0,0,0,1,0,0,0,0,0,0,0,0,0,1,0,0,1,12.428820118415677,249900
0.1980287417180216,0.09644111792455802,-0.08719325728222291,0.012564298104070972,0,0,0,0,0,0,0,0,0,0,0,0,0,1,0,0,0,0,0,0,0,0,0,0,0,0,0,0,0,0,0,0,0,0,0,0,0,1,0,1,0,0,1,12.676079399771027,320000
0.1980287417180216,-1.946160087556246,-0.2048196009285338,-1.1427382348800126,1,0,0,1,0,0,0,0,0,0,0,0,0,0,0,0,0,1,0,0,0,0,0,0,0,0,0,0,0,0,0,1,0,0,0,0,0,0,0,0,0,1,0,11.918397239722838,150000
0.1980287417180216,0.09644111792455802,-0.033281183110997085,0.012564298104070972,0,0,0,0,0,0,0,0,0,0,0,0,0,0,0,0,0,1,0,0,0,0,0,0,0,0,1,0,0,0,0,0,0,0,0,0,0,0,0,1,0,1,0,12.388398368982115,240000
-1.383683877512786,-1.946160087556246,-0.17541301501695608,-1.1427382348800126,0,0,0,1,0,0,0,0,0,0,0,0,0,0,0,0,0,1,0,0,0,0,0,0,0,0,1,0,0,0,0,0,0,0,0,0,0,0,0,1,0,0,1,11.350418300109132,85000
0.1980287417180216,0.09644111792455802,0.0598396722756657,1.1678668310881546,0,1,0,0,0,0,0,0,0,1,0,0,0,0,0,0,0,0,0,0,0,0,0,0,0,0,0,0,0,1,0,0,0,0,0,0,0,0,0,1,0,1,0,12.899222326086994,400000
-2.9653964967435935,-1.946160087556246,-0.11807017248937952,0.012564298104070972,1,0,0,0,0,1,0,0,0,0,0,0,0,0,0,0,0,1,0,0,0,0,0,0,0,0,0,0,0,0,0,0,0,0,0,0,1,0,0,0,0,0,1,12.821260987319457,370000
0.1980287417180216,-1.946160087556246,-0.06758886667450444,-1.1427382348800126,1,0,0,0,0,0,0,0,0,0,0,0,0,1,0,0,0,0,0,0,1,0,0,0,0,0,0,0,0,0,0,0,0,0,0,0,0,0,0,1,0,0,1,12.388398368982115,240000
0.1980287417180216,0.09644111792455802,-0.1607097220611672,0.012564298104070972,0,0,0,0,0,0,0,0,0,0,0,0,0,1,0,0,0,0,0,0,0,0,0,0,0,0,0,0,0,0,0,0,0,0,0,0,0,1,0,1,0,0,1,12.278397958261774,215000
0.1980287417180216,0.09644111792455802,0.07454296523145457,0.012564298104070972,1,0,0,0,0,0,0,0,0,0,0,0,0,0,0,0,0,1,0,0,0,0,0,0,0,0,0,0,0,1,0,0,0,0,0,0,0,0,0,0,0,1,0,12.676079399771027,320000
3.3614539801796366,4.181643528886166,0.819509808324757,-1.1427382348800126,0,1,0,0,0,0,0,0,1,0,0,0,0,0,0,0,0,0,0,0,0,0,0,0,0,1,0,0,0,0,0,0,0,0,0,0,0,0,0,1,0,0,1,13.567050480716235,780000
0.1980287417180216,0.09644111792455802,0.01131880552156246,-1.1427382348800126,1,0,0,0,0,0,0,0,1,0,0,0,0,0,0,0,0,0,0,0,0,0,0,0,0,1,0,0,0,0,0,0,0,0,0,0,0,0,0,1,0,0,1,12.25486757159303,210000
1.779741360948829,0.09644111792455802,0.15786162531425812,1.1678668310881546,1,1,0,0,0,0,0,0,0,0,0,0,0,0,0,0,0,1,0,0,0,0,0,0,0,0,0,0,0,1,0,0,0,0,0,0,0,0,0,1,0,1,0,13.118357364036902,498000
0.1980287417180216,0.09644111792455802,-0.1362042338015191,0.012564298104070972,1,0,0,0,0,0,0,0,0,0,0,0,0,1,0,0,0,0,0,1,0,0,0,0,0,0,0,0,0,0,0,0,0,0,0,0,0,0,0,1,0,0,0,12.429220196836383,250000
0.1980287417180216,0.09644111792455802,0.019160561764649853,0.012564298104070972,0,0,0,0,0,0,0,0,0,0,0,0,0,0,0,0,0,1,0,0,0,1,0,0,0,0,0,0,0,0,0,0,0,0,0,0,0,0,0,1,0,0,1,12.691583538230217,325000
-1.383683877512786,-1.946160087556246,-0.08278226939548626,0.012564298104070972,0,0,0,0,0,1,0,0,0,0,0,0,0,0,0,0,0,1,0,0,0,0,0,0,0,0,0,0,0,1,0,0,0,0,0,0,0,0,0,0,0,1,0,13.384729180332174,650000
0.1980287417180216,0.09644111792455802,0.0534682453281572,1.1678668310881546,0,1,0,0,0,0,0,0,0,0,0,0,0,1,0,0,0,0,0,1,0,0,0,0,0,0,0,0,0,0,0,0,0,0,0,0,0,0,0,1,1,0,0,13.301347705172173,598000
0.1980287417180216,0.09644111792455802,-0.08719325728222291,1.1678668310881546,1,0,0,0,0,0,0,0,0,0,0,0,0,1,0,0,0,0,0,1,0,0,0,0,0,0,0,0,0,0,0,0,0,0,0,0,0,0,0,1,0,0,1,12.604852121186608,298000
0.1980287417180216,0.09644111792455802,-0.08719325728222291,1.1678668310881546,1,0,0,0,0,0,0,0,0,0,0,0,0,1,0,0,0,0,0,1,0,0,0,0,0,0,0,0,0,0,0,0,0,0,0,0,0,0,0,1,0,0,0,12.604852121186608,298000
0.1980287417180216,0.09644111792455802,-0.020538329215980075,1.1678668310881546,0,1,0,0,0,0,0,0,0,0,0,0,0,1,0,0,0,0,0,1,0,0,0,0,0,0,0,0,0,0,0,0,0,0,0,0,0,0,0,1,0,0,0,13.118357364036902,498000
0.1980287417180216,0.09644111792455802,-0.020538329215980075,2.323169364072238,0,1,0,0,0,0,0,0,0,0,0,0,0,1,0,0,0,0,0,1,0,0,0,0,0,0,0,0,0,0,0,0,0,0,0,0,0,0,0,1,0,0,0,13.118357364036902,498000
0.1980287417180216,0.09644111792455802,-0.023478987807137846,0.012564298104070972,1,1,0,0,0,0,0,0,0,0,0,0,0,0,0,1,0,0,0,0,0,0,0,0,0,0,0,0,0,1,0,0,0,0,0,0,0,0,0,0,1,0,0,13.139812256414922,508800
0.1980287417180216,0.09644111792455802,0.20932315065951912,0.012564298104070972,1,1,0,0,0,0,0,0,0,0,0,0,0,0,0,0,0,1,0,0,0,0,0,0,0,0,0,0,0,1,0,0,0,0,0,0,0,0,0,0,0,0,1,12.886643575525625,395000
0.1980287417180216,0.09644111792455802,0.1931495284081514,1.1678668310881546,0,1,0,0,0,0,0,0,0,0,0,0,0,0,0,0,0,1,0,0,0,0,0,0,0,0,0,0,0,0,0,0,0,0,0,0,1,0,0,1,0,0,0,13.429849547739444,680000
1.779741360948829,0.09644111792455802,0.15884184484464403,2.323169364072238,0,1,0,0,0,0,0,0,0,0,0,0,0,1,0,0,0,0,0,0,0,0,0,0,1,0,0,0,0,0,0,0,0,0,0,0,0,0,0,1,0,0,0,13.617060838751888,820000
0.1980287417180216,0.09644111792455802,0.022101220355807624,-1.1427382348800126,0,0,0,0,0,1,0,0,0,1,0,0,0,0,0,0,0,0,0,0,0,0,0,0,0,0,0,0,0,1,0,0,0,0,0,0,0,0,0,1,0,0,1,13.361381852676738,635000
-2.9653964967435935,-1.946160087556246,-0.23569651613569043,0.012564298104070972,0,0,0,0,0,0,0,0,0,1,0,0,0,0,0,0,0,0,0,0,0,0,0,0,0,0,0,0,0,1,0,0,0,0,0,0,0,0,0,1,0,0,0,12.560247968016562,285000
0.1980287417180216,0.09644111792455802,-0.050925134657943724,0.012564298104070972,1,1,0,0,0,0,0,0,0,1,0,0,0,0,0,0,0,0,0,0,0,0,0,0,0,0,0,0,0,0,0,0,0,1,0,0,0,0,0,0,0,1,0,12.777055016970678,354000
0.1980287417180216,0.09644111792455802,0.010828695756369498,-1.1427382348800126,0,0,0,0,0,0,0,0,1,0,0,0,0,0,0,0,0,0,0,0,0,0,0,0,0,0,0,0,0,1,0,0,0,0,0,0,0,0,0,1,0,0,1,12.604852121186608,298000
0.1980287417180216,0.09644111792455802,0.1554110764882933,-1.1427382348800126,0,1,0,0,0,0,0,0,0,1,0,0,0,0,0,0,0,0,0,0,0,0,0,0,0,0,0,0,0,1,0,0,0,0,0,0,0,0,0,1,0,1,0,13.180634172318978,530000
0.1980287417180216,0.09644111792455802,-0.020538329215980075,0.012564298104070972,0,1,0,0,0,0,0,0,0,0,0,0,0,0,0,0,0,1,0,0,0,1,0,0,0,0,0,0,0,0,0,0,0,0,0,0,0,0,0,0,0,1,0,12.676079399771027,320000
0.1980287417180216,0.09644111792455802,-0.015147121798857492,0.012564298104070972,0,0,0,0,0,0,0,0,0,0,0,0,0,0,0,0,0,1,0,0,0,0,0,0,0,0,0,0,0,1,0,0,0,0,0,0,0,0,0,1,0,0,1,12.429220196836383,250000
0.1980287417180216,0.09644111792455802,-0.019558109685594148,0.012564298104070972,0,1,0,0,0,0,0,0,0,1,0,0,0,0,0,0,0,0,0,0,0,0,0,0,0,0,0,0,0,1,0,0,0,0,0,0,0,0,0,0,0,1,0,12.847929163278053,380000
0.1980287417180216,0.09644111792455802,-0.07935150103913552,0.012564298104070972,0,0,0,0,0,0,0,0,0,0,0,1,0,0,0,0,0,0,0,0,0,0,0,0,0,0,0,0,0,1,0,0,0,0,0,0,0,0,1,0,0,1,0,12.206077645517674,200000
-1.383683877512786,0.09644111792455802,-0.26853387040361887,-1.1427382348800126,0,0,0,0,0,0,0,0,0,0,0,0,0,0,0,0,0,1,0,0,0,0,0,0,0,0,0,0,0,0,0,0,0,0,0,0,1,0,0,1,1,0,0,12.323860125621126,225000
0.1980287417180216,0.09644111792455802,-0.15727895370481648,-1.1427382348800126,0,0,0,0,0,1,0,0,0,0,0,0,0,0,0,0,0,0,0,0,0,0,0,0,0,0,0,0,0,0,0,0,0,0,0,0,0,0,0,1,0,0,0,12.899222326086994,400000
0.1980287417180216,0.09644111792455802,0.0598396722756657,1.1678668310881546,0,1,0,0,0,0,0,0,0,0,0,0,0,0,0,0,0,1,0,0,0,0,0,0,0,0,1,0,0,0,0,0,0,0,0,0,0,0,0,1,0,0,1,13.081543466215237,480000
0.1980287417180216,0.09644111792455802,-0.1607097220611672,-1.1427382348800126,1,0,0,1,0,0,0,0,0,0,0,0,0,0,0,0,0,1,1,0,0,0,0,0,0,0,0,0,0,0,0,0,0,0,0,0,0,0,0,1,0,0,1,12.100717685412471,180000
0.1980287417180216,0.09644111792455802,-0.06268776902257481,-1.1427382348800126,1,0,0,0,0,0,0,0,0,1,0,0,0,0,0,0,0,0,1,0,0,0,0,0,0,0,0,0,0,0,0,0,0,0,0,0,0,0,0,1,0,0,1,12.301387370778713,220000
0.1980287417180216,0.09644111792455802,-0.09552512329050326,-1.1427382348800126,1,0,0,0,0,0,0,0,0,0,0,0,0,0,0,0,0,1,0,0,0,0,0,0,0,0,0,0,0,1,0,0,0,0,0,0,0,0,0,0,0,0,1,12.04355959836804,170000
0.1980287417180216,0.09644111792455802,-0.020538329215980075,1.1678668310881546,0,1,0,0,0,0,0,0,0,0,0,0,0,1,0,0,0,0,0,1,0,0,0,0,0,0,0,0,0,0,0,0,0,0,0,0,0,0,0,1,0,0,0,13.161586013632684,520000
0.1980287417180216,0.09644111792455802,0.0534682453281572,1.1678668310881546,0,1,0,0,0,0,0,0,0,0,0,0,0,1,0,0,0,0,0,1,0,0,0,0,0,0,0,0,0,0,0,0,0,0,0,0,0,0,0,1,0,0,1,13.301347705172173,598000
0.1980287417180216,0.09644111792455802,0.1064000999689971,1.1678668310881546,0,1,0,0,0,0,0,0,0,0,0,0,0,1,0,0,0,0,0,1,0,0,0,0,0,0,0,0,0,0,0,0,0,0,0,0,0,0,0,1,0,0,0,13.45883704259595,700000
0.1980287417180216,0.09644111792455802,-0.020538329215980075,1.1678668310881546,0,1,0,0,0,0,0,0,0,0,0,0,0,1,0,0,0,0,0,1,0,0,0,0,0,0,0,0,0,0,0,0,0,0,0,0,0,0,0,1,0,0,1,13.180634172318978,530000
0.1980287417180216,0.09644111792455802,-0.04651414677120706,1.1678668310881546,1,0,0,0,0,1,0,0,0,0,0,0,0,0,0,0,0,1,0,0,0,0,0,0,0,0,0,0,0,0,0,1,0,0,0,0,0,0,0,1,0,0,1,13.102162710901053,490000
0.1980287417180216,0.09644111792455802,0.01376935434752727,1.1678668310881546,0,0,0,0,0,0,0,0,0,0,0,0,0,0,1,0,0,0,0,0,0,0,0,0,0,0,0,0,0,1,0,0,0,0,0,0,0,0,0,1,0,0,1,12.94323910384853,418000
0.1980287417180216,0.09644111792455802,-0.01024602414692787,0.012564298104070972,1,1,0,0,0,0,0,0,0,0,0,0,0,0,0,0,0,0,0,0,0,0,0,0,0,0,0,0,0,0,0,0,0,0,0,0,0,0,0,0,0,1,0,12.577639650232573,290000
0.1980287417180216,0.09644111792455802,0.09561768513475194,0.012564298104070972,0,0,0,0,0,0,0,0,0,0,0,0,1,0,0,0,0,0,0,0,0,0,0,0,0,0,0,0,0,1,0,0,0,0,0,0,0,0,0,1,1,0,0,12.807655372286902,365000
0.1980287417180216,0.09644111792455802,-0.006815255790577136,0.012564298104070972,1,1,0,0,0,0,0,0,0,0,0,0,1,0,0,0,0,0,0,0,0,0,0,0,0,0,0,0,0,1,0,0,0,0,0,0,0,0,0,1,0,0,1,12.847929163278053,380000
0.1980287417180216,0.09644111792455802,-0.025439426867909693,0.012564298104070972,1,1,0,0,0,0,0,0,0,0,0,0,0,0,0,0,0,1,0,0,0,0,0,0,0,0,0,0,0,1,0,0,0,0,0,0,0,0,0,0,0,0,1,12.676079399771027,320000
0.1980287417180216,0.09644111792455802,-0.06268776902257481,-1.1427382348800126,1,0,0,0,0,0,0,0,1,0,0,0,0,0,0,0,0,0,0,0,0,0,0,0,0,1,0,0,0,0,0,0,0,0,0,0,0,0,0,1,0,1,0,12.449022745701502,255000
0.1980287417180216,2.139042323405362,-0.05288557371871557,-1.1427382348800126,1,0,0,0,0,1,0,0,0,0,0,0,0,0,0,1,0,0,0,0,0,0,0,0,0,0,0,1,0,0,0,0,0,0,0,0,0,0,0,1,0,0,1,13.049794835104816,465000
-2.9653964967435935,-1.946160087556246,-0.06317787878776777,-1.1427382348800126,1,1,0,0,0,0,0,0,0,0,0,0,0,0,0,0,0,0,0,0,0,0,0,0,0,0,0,0,0,0,0,0,0,0,0,0,0,0,0,1,0,0,1,12.847929163278053,380000
1.779741360948829,0.09644111792455802,-0.025929536633102657,0.012564298104070972,0,0,0,0,0,0,0,0,0,0,0,0,0,0,0,0,0,1,0,0,0,1,0,0,0,0,0,0,0,0,0,0,0,0,0,0,0,0,0,0,0,1,0,12.301387370778713,220000
0.1980287417180216,0.09644111792455802,0.03631440354640352,1.1678668310881546,0,0,0,0,0,0,0,0,0,0,0,0,0,0,0,0,0,0,0,0,0,0,0,0,0,0,0,0,0,0,0,0,0,0,0,0,0,0,0,1,0,0,1,12.886643575525625,395000
-2.9653964967435935,-1.946160087556246,-0.2734349680555485,-1.1427382348800126,0,1,0,0,0,0,0,0,0,0,0,0,0,0,0,0,0,0,0,0,0,0,0,0,0,0,0,0,0,0,0,0,0,0,0,0,0,0,0,1,1,0,0,12.608202196848836,299000
0.1980287417180216,0.09644111792455802,-0.06268776902257481,0.012564298104070972,0,0,0,0,0,0,0,0,0,0,0,0,0,0,0,0,0,0,0,0,0,0,0,0,0,0,0,0,0,0,0,0,0,0,0,0,0,0,0,1,0,0,1,12.574185427296195,289000
0.1980287417180216,0.09644111792455802,-0.033281183110997085,-1.1427382348800126,1,1,0,0,0,0,0,0,0,0,0,0,0,0,0,0,0,0,0,0,0,0,0,0,0,0,0,0,0,0,0,0,0,0,0,0,0,0,0,1,0,0,1,12.793862088206213,360000
0.1980287417180216,0.09644111792455802,-0.11365918460264286,0.012564298104070972,1,0,0,0,0,0,0,0,0,0,0,0,0,0,0,0,0,1,0,0,0,0,0,0,0,0,0,0,0,1,0,0,0,0,0,0,0,0,0,0,0,1,0,12.301387370778713,220000
0.1980287417180216,0.09644111792455802,-0.08180204986510033,0.012564298104070972,1,0,0,0,0,0,0,0,0,0,0,0,0,0,0,0,0,0,0,0,0,0,0,0,0,0,0,0,0,0,0,0,0,0,0,0,0,0,0,1,0,0,1,12.449022745701502,255000
0.1980287417180216,0.09644111792455802,-0.06268776902257481,0.012564298104070972,1,0,0,0,0,0,0,0,0,0,0,0,0,0,0,0,0,0,0,0,0,0,0,0,0,0,0,0,0,0,0,0,0,0,0,0,0,0,0,1,0,0,1,12.560247968016562,285000
0.1980287417180216,0.09644111792455802,0.010828695756369498,1.1678668310881546,0,1,0,0,0,0,0,0,0,0,0,0,0,0,0,0,0,0,0,0,0,0,0,0,0,0,0,0,0,0,0,0,0,0,0,0,0,0,0,1,0,0,1,12.637858308703688,308000
0.1980287417180216,0.09644111792455802,0.010828695756369498,0.012564298104070972,0,1,0,0,0,0,0,0,0,0,0,0,0,0,0,0,0,0,0,0,0,0,0,0,0,0,0,0,0,0,0,0,0,0,0,0,0,0,0,1,0,0,0,12.608202196848836,299000
0.1980287417180216,0.09644111792455802,-0.03818228076292671,0.012564298104070972,0,0,0,0,0,0,0,0,0,0,0,0,0,0,0,0,0,0,0,0,0,0,0,0,0,0,0,0,0,0,0,0,0,0,0,0,0,0,0,1,0,0,1,12.337105293891872,228000
0.1980287417180216,0.09644111792455802,0.03631440354640352,-1.1427382348800126,0,1,0,0,0,0,0,0,0,0,0,0,0,0,0,0,0,0,0,0,0,0,0,0,0,0,0,0,0,0,0,0,0,0,0,0,0,0,0,1,0,0,0,12.858270219261092,383950
0.1980287417180216,0.09644111792455802,-0.030830634285032278,0.012564298104070972,0,0,0,0,0,0,0,0,0,1,0,0,0,0,0,0,0,0,0,0,0,0,0,0,0,0,0,0,0,1,0,0,0,0,0,0,0,0,0,1,0,1,0,12.676079399771027,320000
-1.383683877512786,-1.946160087556246,-0.18521521032081534,-1.1427382348800126,0,0,0,1,0,0,0,0,0,1,0,0,0,0,0,0,0,0,0,0,0,0,0,0,0,0,0,0,0,0,0,0,0,0,0,1,0,0,0,0,0,0,1,12.367345048436391,235000
0.1980287417180216,0.09644111792455802,-0.05288557371871557,0.012564298104070972,1,0,0,0,0,0,0,0,0,0,0,0,0,0,0,0,0,1,0,0,0,0,0,0,0,0,0,0,0,1,0,0,0,0,0,0,0,0,0,0,1,0,0,12.468440756144114,260000
0.1980287417180216,0.09644111792455802,-0.013676792503278605,-1.1427382348800126,0,0,0,0,0,0,0,0,0,0,0,0,0,0,0,0,0,1,0,0,0,0,0,0,0,0,0,0,0,1,0,0,0,0,0,0,0,0,0,0,0,0,1,12.608202196848836,299000
0.1980287417180216,0.09644111792455802,-0.06268776902257481,0.012564298104070972,0,0,0,1,0,0,0,0,1,0,0,0,0,0,0,0,0,0,0,0,0,0,0,0,0,0,0,0,0,1,0,0,0,0,0,0,0,0,0,1,0,0,1,11.951186847493476,155000
0.1980287417180216,0.09644111792455802,-0.08719325728222291,-1.1427382348800126,0,0,0,0,0,0,0,0,0,0,0,0,0,0,0,0,0,1,0,0,0,0,0,0,0,0,0,0,0,1,0,0,0,0,0,0,0,0,0,1,1,0,0,12.409017571151187,245000
0.1980287417180216,0.09644111792455802,-0.02936030498945339,0.012564298104070972,1,1,0,0,0,0,0,0,0,1,0,0,0,0,0,0,0,0,0,0,0,0,0,0,0,0,0,0,0,1,0,0,0,0,0,0,0,0,0,1,0,0,1,13.017005083966255,450000
0.1980287417180216,0.09644111792455802,-0.05778667137064519,-1.1427382348800126,0,0,0,0,0,0,0,0,0,0,0,0,0,0,0,0,0,1,0,0,0,0,0,0,0,0,0,0,0,0,0,0,0,0,0,0,1,0,0,1,1,0,0,12.577639650232573,290000
0.1980287417180216,0.09644111792455802,0.0010265004525102568,0.012564298104070972,1,0,0,0,0,0,0,0,0,0,0,0,0,0,0,0,0,1,0,0,0,0,0,0,0,0,0,0,0,0,0,1,0,0,0,0,0,0,0,1,0,1,0,12.660331092405906,315000
0.1980287417180216,0.09644111792455802,-0.03867239052811967,0.012564298104070972,0,0,0,0,0,0,0,0,0,0,0,0,1,0,0,0,0,0,0,0,0,0,0,0,0,0,0,0,0,1,0,0,0,0,0,0,0,0,0,0,0,0,1,12.133507329024972,186000
0.1980287417180216,0.09644111792455802,0.10885064879496191,0.012564298104070972,0,1,0,0,0,0,0,0,0,1,0,0,0,0,0,0,0,0,0,0,0,0,0,0,0,0,0,0,0,1,0,0,0,0,0,0,0,0,0,1,0,1,0,13.22672519452875,555000
1.779741360948829,0.09644111792455802,0.1750154670960118,0.012564298104070972,0,1,0,0,0,0,0,0,0,1,0,0,0,0,0,0,0,0,0,0,0,0,0,0,0,0,0,0,0,0,0,0,0,0,0,1,0,0,0,1,1,0,0,12.886643575525625,395000
0.1980287417180216,0.09644111792455802,-0.09797567211646808,-1.1427382348800126,1,0,0,0,0,0,0,0,0,0,0,0,0,0,0,0,0,1,0,0,0,0,0,0,0,0,0,0,0,0,0,0,0,0,0,0,1,0,0,0,0,1,0,12.524530013005734,275000
1.779741360948829,0.09644111792455802,0.18236711357390623,0.012564298104070972,1,0,0,0,0,0,0,0,0,0,0,0,0,0,0,1,0,0,0,0,0,0,0,0,0,0,0,1,0,0,0,0,0,0,0,0,0,0,0,1,1,0,0,12.936036208848487,415000
1.779741360948829,4.181643528886166,0.4146791422753702,0.012564298104070972,1,1,0,0,0,0,0,0,0,0,0,0,0,0,0,1,0,0,0,0,0,0,0,0,0,0,0,1,0,0,0,0,0,0,0,0,0,0,0,1,0,0,1,13.384729180332174,650000
0.1980287417180216,0.09644111792455802,-0.1607097220611672,0.012564298104070972,0,0,0,1,0,0,0,0,1,0,0,0,0,0,0,0,0,0,0,0,0,0,0,0,0,0,0,0,0,1,0,0,0,0,0,0,0,0,0,1,0,0,1,11.813037464800539,135000
0.1980287417180216,0.09644111792455802,-0.04945480536236484,0.012564298104070972,1,1,0,0,0,0,0,0,0,1,0,0,0,0,0,0,0,0,0,0,0,0,0,0,0,0,0,0,0,0,0,0,0,1,0,0,0,0,0,0,0,1,0,12.644330802262578,310000
0.1980287417180216,2.139042323405362,0.24804182210976314,1.1678668310881546,1,1,0,0,0,0,0,0,0,0,0,0,0,0,0,1,0,0,0,0,0,0,0,0,0,0,0,1,0,0,0,0,0,0,0,0,0,0,0,1,0,0,1,13.567050480716235,780000
0.1980287417180216,0.09644111792455802,-0.051905354188329644,0.012564298104070972,0,0,0,0,0,0,0,0,0,0,0,0,0,0,0,0,0,1,0,0,0,0,0,0,0,0,0,0,0,1,0,0,0,0,0,0,0,0,0,1,0,1,0,12.765691290604371,350000
0.1980287417180216,0.09644111792455802,-0.01220646320769972,0.012564298104070972,0,0,0,0,0,0,0,0,0,0,0,0,0,0,0,0,0,1,0,0,0,0,0,0,0,0,0,0,0,1,0,0,0,0,0,0,0,0,0,1,0,0,1,12.54254845357358,280000
0.1980287417180216,0.09644111792455802,-0.06268776902257481,0.012564298104070972,0,0,0,1,0,0,0,0,1,0,0,0,0,0,0,0,0,0,0,0,0,0,0,0,0,0,0,0,0,1,0,0,0,0,0,0,0,0,0,1,0,0,1,12.100717685412471,180000
1.779741360948829,2.139042323405362,0.18236711357390623,0.012564298104070972,0,1,0,0,0,0,0,0,0,0,0,0,0,1,0,0,0,0,0,0,0,0,0,0,0,0,0,0,0,1,0,0,0,0,0,0,0,0,0,1,0,1,0,12.969214528909768,429000
-1.383683877512786,-1.946160087556246,-0.15727895370481648,0.012564298104070972,1,0,0,0,0,0,0,0,0,1,0,0,0,0,0,0,0,0,0,0,0,1,0,0,0,0,0,0,0,0,0,0,0,0,0,0,0,0,0,0,0,0,1,12.201065128819632,199000
0.1980287417180216,0.09644111792455802,0.10149900231706747,1.1678668310881546,0,0,0,0,0,0,0,0,0,0,0,0,0,0,0,0,0,1,0,0,0,0,0,0,0,0,1,0,0,0,0,0,0,0,0,0,0,0,0,0,0,1,0,12.611541086966115,300000
0.1980287417180216,0.09644111792455802,-0.06268776902257481,0.012564298104070972,0,0,0,1,0,0,0,0,1,0,0,0,0,0,0,0,0,0,0,0,0,0,0,0,0,0,0,0,0,1,0,0,0,0,0,0,0,0,0,1,0,1,0,12.19602736016897,198000
0.1980287417180216,0.09644111792455802,0.05493857462373608,0.012564298104070972,1,1,0,0,0,0,0,0,0,0,0,0,0,0,0,1,0,0,0,0,0,0,0,0,0,0,0,1,0,0,0,0,0,0,0,0,0,0,0,1,1,0,0,13.304686600863562,600000
0.1980287417180216,0.09644111792455802,-0.1415954412186417,-1.1427382348800126,0,0,0,0,0,0,0,0,0,0,0,0,0,1,0,0,0,0,0,1,0,0,0,0,0,0,0,0,0,0,0,0,0,0,0,0,0,0,0,1,0,1,0,12.066816325306588,174000
0.1980287417180216,-1.946160087556246,-0.15727895370481648,-1.1427382348800126,1,0,0,0,0,0,0,0,0,0,0,0,0,0,0,0,0,1,0,0,0,0,0,0,0,0,0,0,0,0,0,1,0,0,0,0,0,0,0,1,0,1,0,12.100717685412471,180000
0.1980287417180216,2.139042323405362,0.38576266612898547,-1.1427382348800126,1,0,0,0,0,1,0,0,0,0,0,0,0,0,0,0,0,1,0,0,0,0,0,0,0,0,0,0,0,1,0,0,0,0,0,0,0,0,0,1,0,0,1,13.224921770781943,554000
0.1980287417180216,0.09644111792455802,-0.08817347681260884,0.012564298104070972,0,0,0,0,0,0,0,0,0,0,0,0,1,0,0,0,0,0,0,0,0,0,0,0,0,0,0,0,0,1,0,0,0,0,0,0,0,0,0,0,0,1,0,11.951186847493476,155000
-1.383683877512786,2.139042323405362,-0.11169874554187102,0.012564298104070972,0,0,0,0,0,0,0,0,0,0,0,0,0,0,0,0,0,1,0,0,0,0,0,0,0,0,1,0,0,0,0,0,0,0,0,0,0,0,0,1,0,0,1,12.180759965737863,195000
0.1980287417180216,0.09644111792455802,-0.09993611117723993,1.1678668310881546,1,0,0,0,0,1,0,0,0,1,0,0,0,0,0,0,0,0,0,0,0,1,0,0,0,0,0,0,0,0,0,0,0,0,0,0,0,0,0,1,0,0,1,13.102162710901053,490000
0.1980287417180216,0.09644111792455802,-0.0460240370060141,0.012564298104070972,0,0,0,0,0,0,0,0,0,1,0,0,0,0,0,0,0,0,0,0,0,0,0,0,0,0,0,0,0,0,0,0,0,1,0,0,0,0,0,0,0,0,1,12.721888795877375,335000
0.1980287417180216,0.09644111792455802,-0.07984161080432849,-1.1427382348800126,1,0,0,0,0,0,0,0,0,0,0,0,0,0,0,0,0,1,0,0,0,0,0,0,0,0,0,0,0,1,0,0,0,0,0,0,0,0,0,1,0,0,1,12.449022745701502,255000
0.1980287417180216,0.09644111792455802,0.15786162531425812,0.012564298104070972,1,1,0,0,0,0,0,0,0,0,0,0,0,0,0,1,0,0,0,0,0,0,0,0,0,0,0,1,0,0,0,0,0,0,0,0,0,0,0,1,0,0,1,13.267330877756825,578000
0.1980287417180216,0.09644111792455802,0.03239352542485983,0.012564298104070972,1,0,0,0,0,0,0,0,0,0,0,0,0,0,0,0,0,1,0,0,0,0,0,0,0,0,0,0,0,1,0,0,0,0,0,0,0,0,0,1,0,0,1,12.691583538230217,325000
-2.9653964967435935,-1.946160087556246,-0.25873167509975964,0.012564298104070972,0,0,0,0,0,1,0,0,0,0,0,0,0,0,0,0,0,1,0,0,0,0,0,0,0,0,0,0,0,1,0,0,0,0,0,0,0,0,0,1,0,0,1,12.206077645517674,200000
0.1980287417180216,0.09644111792455802,0.0598396722756657,0.012564298104070972,1,1,0,0,0,0,0,0,1,0,0,0,0,0,0,0,0,0,0,0,0,0,0,0,0,1,0,0,0,0,0,0,0,0,0,0,0,0,0,1,0,0,1,13.038983942375959,460000
1.779741360948829,2.139042323405362,0.16129239367060885,1.1678668310881546,0,1,0,0,0,0,0,0,0,0,0,0,0,1,0,0,0,0,0,0,0,0,0,0,0,0,0,0,0,1,0,0,0,0,0,0,0,0,0,1,0,0,1,13.47302165746721,710000
1.779741360948829,4.181643528886166,0.2857802740296212,2.323169364072238,0,1,0,0,0,0,0,0,0,0,0,0,0,1,0,0,0,0,0,0,0,0,0,0,0,0,0,0,0,1,0,0,0,0,0,0,0,0,0,1,0,0,0,13.214032390746006,548000
-2.9653964967435935,-1.946160087556246,-0.19011630797274495,0.012564298104070972,0,0,0,0,0,1,0,0,0,1,0,0,0,0,0,0,0,0,0,0,0,0,0,0,0,0,0,0,0,1,0,0,0,0,0,0,0,0,0,1,1,0,0,13.038983942375959,460000
0.1980287417180216,0.09644111792455802,0.04415615978949092,0.012564298104070972,1,1,0,0,0,0,0,0,1,0,0,0,0,0,0,0,0,0,0,0,0,0,0,0,0,1,0,0,0,0,0,0,0,0,0,0,0,0,0,1,1,0,0,13.017005083966255,450000
0.1980287417180216,0.09644111792455802,0.04415615978949092,0.012564298104070972,1,1,0,0,0,0,0,0,1,0,0,0,0,0,0,0,0,0,0,0,0,0,0,0,0,1,0,0,0,0,0,0,0,0,0,0,0,0,0,1,0,0,1,13.005831808336863,445000
0.1980287417180216,0.09644111792455802,0.0598396722756657,0.012564298104070972,1,0,0,0,0,0,0,0,1,0,0,0,0,0,0,0,0,0,0,0,0,0,0,0,0,1,0,0,0,0,0,0,0,0,0,0,0,0,0,1,1,0,0,12.793862088206213,360000
1.779741360948829,0.09644111792455802,0.2019715041816247,1.1678668310881546,0,0,0,0,0,1,0,0,1,0,0,0,0,0,0,0,0,0,0,0,0,0,0,0,0,1,0,0,0,0,0,0,0,0,0,0,0,0,0,1,0,1,0,13.060490101343552,470000
0.1980287417180216,0.09644111792455802,0.120613283159593,0.012564298104070972,0,1,0,0,0,0,0,0,0,1,0,0,0,0,0,0,0,0,0,0,0,0,0,0,0,0,0,0,0,1,0,0,0,0,0,0,0,0,0,1,0,1,0,12.873904582205107,390000
0.1980287417180216,0.09644111792455802,0.02553198871215836,0.012564298104070972,1,1,0,0,0,0,0,0,0,0,0,0,0,0,0,0,0,1,0,0,0,0,0,0,0,0,0,0,0,1,0,0,0,0,0,0,0,0,0,1,0,0,1,12.468440756144114,260000
-1.383683877512786,-1.946160087556246,-0.1415954412186417,0.012564298104070972,0,1,0,0,0,0,0,0,0,1,0,0,0,0,0,0,0,0,0,0,0,0,0,0,0,0,0,0,0,1,0,0,0,0,0,0,0,0,0,1,1,0,0,12.506180941677357,270000
0.1980287417180216,0.09644111792455802,-0.08719325728222291,0.012564298104070972,0,1,0,0,0,0,0,0,0,1,0,0,0,0,0,0,0,0,0,0,0,0,0,0,0,0,0,0,0,1,0,0,0,0,0,0,0,0,0,1,0,1,0,12.73670383776449,340000
-1.383683877512786,-1.946160087556246,-0.20972069858046344,-1.1427382348800126,0,0,0,1,0,0,0,0,0,0,0,0,0,0,0,0,0,1,0,0,0,0,0,0,0,0,0,0,0,1,0,0,0,0,0,0,0,0,0,1,1,0,0,11.082157933374816,65000
0.1980287417180216,0.09644111792455802,-0.015147121798857492,-1.1427382348800126,1,0,0,0,0,1,0,0,1,0,0,0,0,0,0,0,0,0,0,0,0,0,0,0,0,1,0,0,0,0,0,0,0,0,0,0,0,0,0,0,0,1,0,12.899222326086994,400000
-1.383683877512786,-1.946160087556246,-0.21903278411912971,-1.1427382348800126,1,0,0,1,0,0,0,0,0,1,0,0,0,0,0,0,0,0,0,0,0,0,0,0,0,0,0,0,0,1,0,0,0,0,0,0,0,0,0,0,0,0,1,12.128116509451258,185000
0.1980287417180216,0.09644111792455802,-0.1313031361495895,0.012564298104070972,1,0,0,0,0,0,0,0,0,0,0,0,0,0,0,0,0,1,0,0,0,0,0,0,0,0,0,0,0,0,1,0,0,0,0,0,0,0,0,1,0,0,0,12.54254845357358,280000
0.1980287417180216,0.09644111792455802,0.0598396722756657,0.012564298104070972,0,1,0,0,0,0,0,0,0,0,0,0,0,0,0,0,0,1,0,0,0,0,0,0,0,0,0,0,0,0,1,0,0,0,0,0,0,0,0,1,0,0,1,12.847929163278053,380000
0.1980287417180216,0.09644111792455802,-0.12052072131534433,0.012564298104070972,0,0,0,0,0,0,0,0,0,0,0,0,0,1,0,0,0,0,0,0,0,0,0,0,1,0,0,0,0,0,0,0,0,0,0,0,0,0,0,1,0,0,1,12.611541086966115,300000
-1.383683877512786,-1.946160087556246,-0.1067976478899414,1.1678668310881546,0,1,0,0,0,0,0,0,0,0,0,0,0,1,0,0,0,0,0,0,0,0,0,0,0,0,0,0,0,1,0,0,0,0,0,0,0,0,0,1,0,0,0,13.304686600863562,600000
0.1980287417180216,0.09644111792455802,0.0598396722756657,0.012564298104070972,0,1,0,0,0,0,0,0,0,1,0,0,0,0,0,0,0,0,0,0,0,0,0,0,0,0,0,0,0,1,0,0,0,0,0,0,0,0,0,1,0,0,0,12.899222326086994,400000
-1.383683877512786,0.09644111792455802,-0.06513831784853961,-1.1427382348800126,0,0,0,0,0,1,0,0,0,1,0,0,0,0,0,0,0,0,0,0,0,0,0,0,0,0,0,0,0,1,0,0,0,0,0,0,0,0,0,1,0,0,1,12.73670383776449,340000
0.1980287417180216,0.09644111792455802,-0.15727895370481648,-1.1427382348800126,0,0,0,1,0,0,0,0,1,0,0,0,0,0,0,0,0,0,0,0,0,0,0,0,0,0,0,0,0,1,0,0,0,0,0,0,0,0,0,0,1,0,0,11.813037464800539,135000
0.1980287417180216,0.09644111792455802,0.0353341840160176,1.1678668310881546,1,0,0,0,0,1,0,0,0,1,0,0,0,0,0,0,0,0,0,0,0,0,0,0,0,0,0,0,0,1,0,0,0,0,0,0,0,0,0,1,0,0,1,13.26212705890841,575000
0.1980287417180216,0.09644111792455802,0.03778473284198241,1.1678668310881546,0,0,0,0,0,0,0,0,0,0,0,0,0,0,0,0,0,1,0,0,0,0,0,0,0,0,1,0,0,0,0,0,0,0,0,0,0,0,0,0,1,0,0,12.577639650232573,290000
0.1980287417180216,0.09644111792455802,0.15786162531425812,1.1678668310881546,0,1,0,0,0,0,0,0,0,0,0,0,0,1,0,0,0,0,0,0,1,0,0,0,0,0,0,0,0,0,0,0,0,0,0,0,0,0,0,1,0,0,0,13.195615697878253,538000
0.1980287417180216,0.09644111792455802,-0.06268776902257481,0.012564298104070972,0,0,0,0,0,0,0,0,0,0,0,0,0,0,0,0,0,1,0,0,0,0,0,0,0,0,0,0,0,1,0,0,0,0,0,0,0,0,0,0,1,0,0,12.345838935721968,230000
1.779741360948829,0.09644111792455802,0.2720572006042183,0.012564298104070972,0,1,0,0,0,0,0,0,0,1,0,0,0,0,0,0,0,0,0,0,0,0,0,0,0,0,0,0,0,0,0,0,0,1,0,0,0,0,0,0,0,0,1,12.847929163278053,380000
-2.9653964967435935,-1.946160087556246,-0.25383057744783,0.012564298104070972,1,1,0,0,0,0,0,0,0,0,0,0,0,0,0,0,0,1,0,0,0,0,0,0,0,0,0,0,0,0,0,0,0,0,1,0,0,0,0,1,0,0,1,12.06105265381003,173000
0.1980287417180216,0.09644111792455802,-0.12150094084573025,-1.1427382348800126,0,0,0,1,0,0,0,0,1,0,0,0,0,0,0,0,0,0,0,0,0,0,0,0,0,0,0,0,0,1,0,0,0,0,0,0,0,0,0,1,1,0,0,11.790564777297387,132000
0.1980287417180216,0.09644111792455802,-0.013676792503278605,1.1678668310881546,0,0,0,0,0,0,0,0,0,0,0,0,0,0,0,0,0,1,0,0,0,0,0,0,0,0,0,0,0,1,0,0,0,0,0,0,0,0,0,0,1,0,0,12.468440756144114,260000
0.1980287417180216,0.09644111792455802,-0.11169874554187102,-1.1427382348800126,0,0,0,0,0,0,0,0,0,0,0,0,0,0,0,0,0,1,0,0,0,0,0,0,0,0,0,0,0,1,0,0,0,0,0,0,0,0,0,0,0,1,0,12.429220196836383,250000
-1.383683877512786,0.09644111792455802,-0.05974711043141704,0.012564298104070972,1,0,0,0,0,1,0,0,0,1,0,0,0,0,0,0,0,0,0,0,0,0,0,0,0,0,0,0,0,0,0,0,0,1,0,0,0,0,0,1,1,0,0,12.660331092405906,315000
0.1980287417180216,0.09644111792455802,-0.06268776902257481,0.012564298104070972,1,0,0,0,0,0,0,0,0,0,0,0,0,0,0,0,0,1,0,0,0,0,0,0,0,0,0,0,0,1,0,0,0,0,0,0,0,0,0,0,1,0,0,12.100717685412471,180000
0.1980287417180216,0.09644111792455802,-0.015147121798857492,1.1678668310881546,1,1,0,0,0,0,0,0,0,0,0,0,0,1,0,0,0,0,0,0,0,0,0,0,1,0,0,0,0,0,0,0,0,0,0,0,0,0,0,1,0,0,0,13.235693848424024,560000
0.1980287417180216,0.09644111792455802,-0.025929536633102657,1.1678668310881546,1,1,0,0,0,0,0,0,0,0,0,0,0,1,0,0,0,0,0,0,0,0,0,0,1,0,0,0,0,0,0,0,0,0,0,0,0,0,0,1,0,0,0,13.126357390703754,502000
-1.383683877512786,0.09644111792455802,-0.08964380610818773,1.1678668310881546,0,1,0,0,0,0,0,0,0,0,0,0,0,1,0,0,0,0,0,0,0,0,0,0,0,0,0,0,0,0,0,0,0,0,0,0,0,1,0,1,0,0,0,12.899222326086994,400000
0.1980287417180216,2.139042323405362,0.3039143353417608,1.1678668310881546,0,1,0,0,0,0,0,0,0,0,0,0,0,1,0,0,0,0,0,0,0,0,0,0,0,0,0,0,0,0,0,0,0,0,0,0,0,1,0,1,0,0,0,13.321215875492413,610000
0.1980287417180216,0.09644111792455802,0.24755171234457019,1.1678668310881546,0,0,0,0,0,1,0,0,1,0,0,0,0,0,0,0,0,0,0,0,0,0,0,0,0,0,0,0,0,1,0,0,0,0,0,0,0,0,0,1,1,0,0,13.23370616354684,558888
0.1980287417180216,0.09644111792455802,-0.11022841624629214,-1.1427382348800126,0,0,0,0,0,0,0,0,0,0,0,0,0,0,0,0,0,1,0,0,0,0,0,0,0,0,0,0,0,1,0,0,0,0,0,0,0,0,0,1,0,0,0,12.128116509451258,185000
0.1980287417180216,0.09644111792455802,0.11571218550766338,0.012564298104070972,0,0,0,0,0,1,0,0,1,0,0,0,0,0,0,0,0,0,0,0,0,0,0,0,0,1,0,0,0,0,0,0,0,0,0,0,0,0,0,1,0,0,1,13.161586013632684,520000
0.1980287417180216,0.09644111792455802,0.027002318007737246,-1.1427382348800126,1,0,0,0,0,1,0,0,0,0,0,0,0,0,0,0,0,1,0,0,0,0,0,0,0,0,0,0,0,0,0,0,0,0,1,0,0,0,0,1,0,0,0,12.577639650232573,290000
0.1980287417180216,0.09644111792455802,-0.06268776902257481,1.1678668310881546,1,0,0,0,0,0,0,0,0,0,0,0,0,0,0,0,0,1,0,0,0,0,0,0,0,0,0,0,0,1,0,0,0,0,0,0,0,0,0,1,0,0,0,12.345838935721968,230000
0.1980287417180216,0.09644111792455802,0.027002318007737246,-1.1427382348800126,1,0,0,0,0,1,0,0,0,0,0,0,0,0,0,0,0,1,0,0,0,0,0,0,0,0,0,0,0,0,0,0,0,0,1,0,0,0,0,1,0,0,0,12.577639650232573,290000
0.1980287417180216,0.09644111792455802,-0.06268776902257481,0.012564298104070972,1,1,0,0,0,0,0,0,0,1,0,0,0,0,0,0,0,0,0,0,0,1,0,0,0,0,0,0,0,0,0,0,0,0,0,0,0,0,0,1,0,0,0,13.081543466215237,480000
-1.383683877512786,0.09644111792455802,-0.1607097220611672,0.012564298104070972,1,0,0,0,0,1,0,0,0,1,0,0,0,0,0,0,0,0,0,0,0,1,0,0,0,0,0,0,0,0,0,0,0,0,0,0,0,0,0,1,1,0,0,12.847929163278053,380000
0.1980287417180216,0.09644111792455802,-0.07788117174355663,0.012564298104070972,1,0,0,0,0,1,0,0,0,1,0,0,0,0,0,0,0,0,0,0,0,1,0,0,0,0,0,0,0,0,0,0,0,0,0,0,0,0,0,1,1,0,0,12.994532278619134,440000
0.1980287417180216,0.09644111792455802,0.20687260183355433,1.1678668310881546,0,1,0,0,0,0,0,0,0,0,0,0,0,1,0,0,0,0,0,0,0,0,0,0,0,0,0,0,0,1,0,0,0,0,0,0,0,0,0,1,0,1,0,13.527829818844937,750000
0.1980287417180216,0.09644111792455802,-0.06268776902257481,1.1678668310881546,0,1,0,0,0,0,0,0,0,0,0,0,0,0,0,0,0,1,0,0,0,0,0,0,0,0,0,0,0,1,0,0,0,0,0,0,0,0,0,0,1,0,0,12.647551406590285,311000
0.1980287417180216,0.09644111792455802,-0.010736133912120832,1.1678668310881546,0,0,0,0,0,1,0,0,0,0,0,0,0,0,0,0,0,1,0,0,0,0,0,0,0,0,0,0,0,1,0,0,0,0,0,0,0,0,0,0,1,0,0,12.577639650232573,290000
0.1980287417180216,0.09644111792455802,-0.11169874554187102,1.1678668310881546,0,0,0,0,0,0,0,0,0,0,0,0,0,0,0,0,0,1,0,0,0,0,0,0,0,0,0,0,0,1,0,0,0,0,0,0,0,0,0,0,0,1,0,12.506180941677357,270000
0.1980287417180216,0.09644111792455802,0.016710012938685043,1.1678668310881546,1,1,0,0,0,0,0,0,0,0,0,0,0,1,0,0,0,0,0,0,0,0,0,1,0,0,0,0,0,0,0,0,0,0,0,0,0,0,0,1,0,0,0,13.399996629152975,660000
0.1980287417180216,2.139042323405362,0.3039143353417608,1.1678668310881546,0,1,0,0,0,0,0,0,0,0,0,0,0,1,0,0,0,0,0,0,0,0,0,0,0,0,0,0,0,0,0,0,0,0,0,0,0,1,0,1,0,0,0,13.329379172803593,615000
0.1980287417180216,0.09644111792455802,0.09169680701320823,0.012564298104070972,0,1,0,0,0,0,0,0,0,0,0,0,0,1,0,0,0,0,0,0,0,0,0,0,0,0,0,0,0,1,0,0,0,0,0,0,0,0,0,1,0,0,0,13.120363378739663,499000
1.779741360948829,0.09644111792455802,0.08973636795243639,1.1678668310881546,0,1,0,0,0,0,0,0,0,0,0,0,0,1,0,0,0,0,0,0,0,0,0,0,0,0,0,0,0,0,0,0,0,0,0,0,0,1,0,1,0,0,0,13.429849547739444,680000
0.1980287417180216,0.09644111792455802,0.08973636795243639,1.1678668310881546,0,1,0,0,0,0,0,0,0,0,0,0,0,1,0,0,0,0,0,0,0,0,0,0,0,0,0,0,0,0,0,0,0,0,0,0,0,1,0,1,0,0,0,13.377007146164305,645000
1.779741360948829,2.139042323405362,0.32940004313179483,1.1678668310881546,0,1,0,0,0,0,0,0,0,0,0,0,0,1,0,0,0,0,0,0,1,0,0,0,0,0,0,0,0,0,0,0,0,0,0,0,0,0,0,1,0,0,0,13.527829818844937,750000
0.1980287417180216,0.09644111792455802,-0.09699545258608215,0.012564298104070972,1,0,0,0,0,0,0,0,0,0,0,0,0,0,0,0,0,1,0,0,0,0,0,0,0,0,0,0,0,0,0,1,0,0,0,0,0,0,0,1,0,0,1,12.460718739865236,258000
3.3614539801796366,0.09644111792455802,0.09120669724801528,-1.1427382348800126,0,0,0,0,0,0,0,0,1,0,0,0,0,0,0,0,0,0,0,0,0,0,0,0,0,0,0,0,0,1,0,0,0,0,0,0,0,0,0,1,0,0,1,12.607827545988945,298888
0.1980287417180216,0.09644111792455802,0.02063089106022874,0.012564298104070972,0,1,0,0,0,0,0,0,0,1,0,0,0,0,0,0,0,0,0,0,0,0,0,0,0,0,0,0,0,1,0,0,0,0,0,0,0,0,0,1,0,0,0,12.706850963741102,330000
0.1980287417180216,0.09644111792455802,0.005927598104439877,1.1678668310881546,0,1,0,0,0,0,0,0,0,1,0,0,0,0,0,0,0,0,0,0,0,0,0,0,0,0,0,0,0,0,0,0,0,0,0,1,0,0,0,1,0,0,0,12.923914877701906,410000
0.1980287417180216,0.09644111792455802,-0.1607097220611672,-1.1427382348800126,0,0,0,0,0,0,0,0,0,1,0,0,0,0,0,0,0,0,0,0,0,1,0,0,0,0,0,0,0,0,0,0,0,0,0,0,0,0,0,0,0,0,1,11.982935344196433,160000
0.1980287417180216,0.09644111792455802,-0.14502620957499243,0.012564298104070972,0,0,0,0,0,0,0,0,0,0,0,0,0,0,0,0,0,1,0,0,0,0,0,0,0,0,0,0,0,1,0,0,0,0,0,0,0,0,0,0,0,0,1,12.206077645517674,200000
0.1980287417180216,0.09644111792455802,0.022591330121000588,-1.1427382348800126,1,0,0,0,0,0,0,0,1,0,0,0,0,0,0,0,0,0,0,0,0,0,0,0,0,1,0,0,0,0,0,0,0,0,0,0,0,0,0,1,0,1,0,12.608202196848836,299000
0.1980287417180216,0.09644111792455802,0.019650671529842813,1.1678668310881546,1,1,0,0,0,0,0,0,0,1,0,0,0,0,0,0,0,0,0,0,0,1,0,0,0,0,0,0,0,0,0,0,0,0,0,0,0,0,0,1,0,0,0,13.060490101343552,470000
0.1980287417180216,0.09644111792455802,0.13335613705461002,1.1678668310881546,0,1,0,0,0,0,0,0,0,1,0,0,0,0,0,0,0,0,0,0,0,1,0,0,0,0,0,0,0,0,0,0,0,0,0,0,0,0,0,1,0,0,0,13.017005083966255,450000
0.1980287417180216,2.139042323405362,0.06278033086682347,1.1678668310881546,1,1,0,0,0,0,0,0,0,1,0,0,0,0,0,0,0,0,0,0,0,1,0,0,0,0,0,0,0,0,0,0,0,0,0,0,0,0,0,1,1,0,0,13.180634172318978,530000
0.1980287417180216,0.09644111792455802,0.08434516053531381,0.012564298104070972,0,1,0,0,0,0,0,0,0,1,0,0,0,0,0,0,0,0,0,0,0,0,0,0,0,0,0,0,0,1,0,0,0,0,0,0,0,0,0,1,0,0,0,12.847929163278053,380000
-1.383683877512786,-1.946160087556246,-0.22736465012741006,-1.1427382348800126,0,0,0,1,0,0,0,0,0,0,0,0,1,0,0,0,0,0,0,0,0,0,0,0,0,0,0,0,0,1,0,0,0,0,0,0,0,0,0,1,0,0,1,11.58989576532275,108000
-2.9653964967435935,-1.946160087556246,-0.23128552824895376,-1.1427382348800126,1,1,0,0,0,0,0,0,1,0,0,0,0,0,0,0,0,0,0,0,0,0,0,0,0,0,0,0,0,1,0,0,0,0,0,0,0,0,0,1,1,0,0,12.323860125621126,225000
0.1980287417180216,0.09644111792455802,0.0353341840160176,0.012564298104070972,0,0,0,0,0,0,0,0,0,1,0,0,0,0,0,0,0,0,0,0,0,0,0,0,0,0,0,0,0,0,0,0,0,0,0,1,0,0,0,1,0,0,0,12.560247968016562,285000
-1.383683877512786,-1.946160087556246,-0.15237785605288687,-1.1427382348800126,1,0,0,0,0,0,0,0,0,0,0,0,0,0,0,1,0,0,0,0,0,0,0,0,0,0,0,1,0,0,0,0,0,0,0,0,0,0,0,1,1,0,0,12.380030154325457,238000
0.1980287417180216,0.09644111792455802,-0.06268776902257481,-1.1427382348800126,1,0,0,0,0,0,0,0,1,0,0,0,0,0,0,0,0,0,0,0,0,0,0,0,0,1,0,0,0,0,0,0,0,0,0,0,0,0,0,1,1,0,0,12.292254928916668,218000
0.1980287417180216,0.09644111792455802,-0.03818228076292671,1.1678668310881546,0,1,0,0,0,0,0,0,0,0,0,0,0,1,0,0,0,0,0,0,1,0,0,0,0,0,0,0,0,0,0,0,0,0,0,0,0,0,0,1,0,0,0,12.899222326086994,400000
0.1980287417180216,0.09644111792455802,-0.06268776902257481,-1.1427382348800126,0,0,0,0,0,0,0,0,1,0,0,0,0,0,0,0,0,0,0,0,0,0,0,0,0,0,0,0,0,1,0,0,0,0,0,0,0,0,0,1,0,1,0,12.292254928916668,218000
0.1980287417180216,0.09644111792455802,-0.03132074405022524,0.012564298104070972,0,1,0,0,0,0,0,0,0,0,0,0,1,0,0,0,0,0,0,0,0,0,0,0,0,0,0,0,0,1,0,0,0,0,0,0,0,0,0,1,0,0,1,13.194685899447341,537500
0.1980287417180216,0.09644111792455802,0.0353341840160176,1.1678668310881546,0,1,0,0,0,0,0,0,0,0,0,0,0,1,0,0,0,0,0,0,0,0,0,0,0,0,0,0,0,0,0,0,0,0,0,0,0,1,0,1,0,0,0,13.208542908506082,545000
0.1980287417180216,0.09644111792455802,0.10885064879496191,1.1678668310881546,0,1,0,0,0,0,0,0,0,0,0,0,0,1,0,0,0,0,0,0,0,0,0,0,0,0,0,0,0,0,0,0,0,0,0,0,0,1,0,1,0,0,0,13.217675375388819,550000
0.1980287417180216,0.09644111792455802,0.022591330121000588,-1.1427382348800126,1,0,0,0,0,0,0,0,1,0,0,0,0,0,0,0,0,0,0,0,0,0,0,0,0,1,0,0,0,0,0,0,0,0,0,0,0,0,0,1,0,1,0,12.608202196848836,299000
1.779741360948829,0.09644111792455802,0.14315833235846925,1.1678668310881546,0,1,0,0,0,0,0,0,0,0,0,0,0,1,0,0,0,0,0,0,0,0,0,0,0,0,0,0,0,1,0,0,0,0,0,0,0,0,0,1,0,0,0,13.415034483903348,670000
0.1980287417180216,0.09644111792455802,-0.008775694851348985,0.012564298104070972,1,0,0,0,0,0,0,0,0,0,0,0,0,0,0,0,0,1,0,0,0,0,0,0,0,0,0,0,0,0,0,0,0,0,1,0,0,0,0,1,1,0,0,12.59473402514672,295000
-2.9653964967435935,-1.946160087556246,-0.15237785605288687,1.1678668310881546,0,0,0,0,0,1,0,0,0,0,0,0,0,0,0,0,0,1,0,0,0,0,0,0,0,0,0,0,0,0,0,0,0,0,0,0,1,0,0,1,0,0,1,12.847929163278053,380000
0.1980287417180216,0.09644111792455802,0.35390553139144293,2.323169364072238,1,0,0,0,0,1,0,0,0,0,0,0,0,0,0,0,0,1,0,0,0,0,0,0,0,0,0,0,0,1,0,0,0,0,0,0,0,0,0,1,0,0,1,13.345508528717259,625000
1.779741360948829,0.09644111792455802,0.18922865028660768,0.012564298104070972,1,1,0,0,0,0,0,0,0,1,0,0,0,0,0,0,0,0,0,0,0,1,0,0,0,0,0,0,0,0,0,0,0,0,0,0,0,0,0,1,0,0,1,13.1421679654829,510000
1.779741360948829,0.09644111792455802,0.08042428241377012,0.012564298104070972,1,1,0,0,0,0,0,0,0,1,0,0,0,0,0,0,0,0,0,0,0,1,0,0,0,0,0,0,0,0,0,0,0,0,0,0,0,0,0,1,0,0,0,13.038983942375959,460000
-2.9653964967435935,-1.946160087556246,-0.21119102787604233,0.012564298104070972,0,1,0,0,0,0,0,0,0,0,0,0,0,0,0,0,0,1,0,0,0,1,0,0,0,0,0,0,0,0,0,0,0,0,0,0,0,0,0,1,1,0,0,12.676079399771027,320000
0.1980287417180216,0.09644111792455802,-0.06268776902257481,0.012564298104070972,1,1,0,0,0,0,0,0,0,1,0,0,0,0,0,0,0,0,0,0,0,1,0,0,0,0,0,0,0,0,0,0,0,0,0,0,0,0,0,1,0,0,0,13.081543466215237,480000
0.1980287417180216,0.09644111792455802,0.019650671529842813,1.1678668310881546,1,1,0,0,0,0,0,0,0,1,0,0,0,0,0,0,0,0,0,0,0,1,0,0,0,0,0,0,0,0,0,0,0,0,0,0,0,0,0,1,1,0,0,13.060490101343552,470000
1.779741360948829,0.09644111792455802,0.08042428241377012,1.1678668310881546,1,1,0,0,0,0,0,0,0,1,0,0,0,0,0,0,0,0,0,0,0,1,0,0,0,0,0,0,0,0,0,0,0,0,0,0,0,0,0,1,0,1,0,13.102162710901053,490000
-1.383683877512786,0.09644111792455802,-0.1607097220611672,0.012564298104070972,1,0,0,0,0,1,0,0,0,1,0,0,0,0,0,0,0,0,0,0,0,1,0,0,0,0,0,0,0,0,0,0,0,0,0,0,0,0,0,1,0,0,0,12.793862088206213,360000
0.1980287417180216,0.09644111792455802,-0.051905354188329644,0.012564298104070972,1,1,0,0,0,0,0,0,0,0,0,0,0,0,0,0,0,1,0,0,0,0,0,0,0,0,0,0,0,0,1,0,0,0,0,0,0,0,0,0,1,0,0,12.506180941677357,270000
-1.383683877512786,-1.946160087556246,-0.2371668454312693,-1.1427382348800126,0,0,0,0,0,0,0,0,1,0,0,0,0,0,0,0,0,0,0,0,0,0,0,0,0,0,0,0,0,1,0,0,0,0,0,0,0,0,0,1,0,0,1,12.031725210748633,168000
-2.9653964967435935,-1.946160087556246,-0.33469868870466873,-1.1427382348800126,0,0,0,0,0,1,0,0,1,0,0,0,0,0,0,0,0,0,0,0,0,0,0,0,0,1,0,0,0,0,0,0,0,0,0,0,0,0,0,1,0,0,0,12.25486757159303,210000
-1.383683877512786,0.09644111792455802,-0.15727895370481648,-1.1427382348800126,1,1,0,0,0,0,0,0,1,0,0,0,0,0,0,0,0,0,0,0,0,0,0,0,0,1,0,0,0,0,0,0,0,0,0,0,0,0,0,1,0,0,0,12.618185607609803,302000
-2.9653964967435935,12.352048350809381,-0.2523602481522511,-1.1427382348800126,0,1,0,0,0,0,0,0,1,0,0,0,0,0,0,0,0,0,0,0,0,0,0,0,0,1,0,0,0,0,0,0,0,0,0,0,0,0,0,1,0,0,0,12.25486757159303,210000
-1.383683877512786,0.09644111792455802,-0.1362042338015191,0.012564298104070972,0,1,0,0,0,0,0,0,0,0,0,0,0,1,0,0,0,0,0,0,0,0,0,0,1,0,0,0,0,0,0,0,0,0,0,0,0,0,0,1,0,0,0,13.180634172318978,530000
1.779741360948829,0.09644111792455802,0.08042428241377012,1.1678668310881546,1,1,0,0,0,0,0,0,0,1,0,0,0,0,0,0,0,0,0,0,0,1,0,0,0,0,0,0,0,0,0,0,0,0,0,0,0,0,0,1,0,1,0,13.102162710901053,490000
-1.383683877512786,0.09644111792455802,-0.1607097220611672,0.012564298104070972,1,0,0,0,0,1,0,0,0,1,0,0,0,0,0,0,0,0,0,0,0,1,0,0,0,0,0,0,0,0,0,0,0,0,0,0,0,0,0,1,0,0,0,12.793862088206213,360000
0.1980287417180216,0.09644111792455802,-0.051905354188329644,0.012564298104070972,1,1,0,0,0,0,0,0,0,0,0,0,0,0,0,0,0,1,0,0,0,0,0,0,0,0,0,0,0,0,1,0,0,0,0,0,0,0,0,0,1,0,0,12.506180941677357,270000
-1.383683877512786,-1.946160087556246,-0.2371668454312693,-1.1427382348800126,0,0,0,0,0,0,0,0,1,0,0,0,0,0,0,0,0,0,0,0,0,0,0,0,0,0,0,0,0,1,0,0,0,0,0,0,0,0,0,1,0,0,1,12.031725210748633,168000
-2.9653964967435935,-1.946160087556246,-0.33469868870466873,-1.1427382348800126,0,0,0,0,0,1,0,0,1,0,0,0,0,0,0,0,0,0,0,0,0,0,0,0,0,1,0,0,0,0,0,0,0,0,0,0,0,0,0,1,0,0,0,12.25486757159303,210000
-1.383683877512786,0.09644111792455802,-0.15727895370481648,-1.1427382348800126,1,1,0,0,0,0,0,0,1,0,0,0,0,0,0,0,0,0,0,0,0,0,0,0,0,1,0,0,0,0,0,0,0,0,0,0,0,0,0,1,0,0,0,12.618185607609803,302000
-2.9653964967435935,12.352048350809381,-0.2523602481522511,-1.1427382348800126,0,1,0,0,0,0,0,0,1,0,0,0,0,0,0,0,0,0,0,0,0,0,0,0,0,1,0,0,0,0,0,0,0,0,0,0,0,0,0,1,0,0,0,12.25486757159303,210000
-1.383683877512786,0.09644111792455802,-0.1362042338015191,0.012564298104070972,0,1,0,0,0,0,0,0,0,0,0,0,0,1,0,0,0,0,0,0,0,0,0,0,1,0,0,0,0,0,0,0,0,0,0,0,0,0,0,1,0,0,0,13.180634172318978,530000
0.1980287417180216,0.09644111792455802,0.34900443373951334,0.012564298104070972,0,0,0,0,0,0,0,0,0,0,0,0,0,0,0,0,0,1,0,0,0,0,0,0,0,0,0,0,0,1,0,0,0,0,0,0,0,0,0,1,0,1,0,13.151924121391561,515000
0.1980287417180216,0.09644111792455802,0.34900443373951334,1.1678668310881546,0,0,0,0,0,0,0,0,0,0,0,0,0,0,0,0,0,1,0,0,0,0,0,0,0,0,0,0,0,1,0,0,0,0,0,0,0,0,0,1,0,1,0,12.948012371209098,420000
0.1980287417180216,0.09644111792455802,0.0211210008254217,0.012564298104070972,0,0,0,0,0,0,0,0,0,0,0,0,0,0,0,0,0,1,0,0,0,0,0,0,0,0,0,0,0,1,0,0,0,0,0,0,0,0,0,1,0,0,1,13.166382176694869,522500
0.1980287417180216,0.09644111792455802,0.02749242777293021,1.1678668310881546,0,1,0,0,0,0,0,0,0,0,0,0,0,1,0,0,0,0,0,1,0,0,0,0,0,0,0,0,0,0,0,0,0,0,0,0,0,0,0,1,0,0,0,13.122365377402328,500000
0.1980287417180216,0.09644111792455802,-0.1362042338015191,0.012564298104070972,0,0,0,1,0,0,0,0,0,0,0,0,0,1,0,0,0,0,0,1,0,0,0,0,0,0,0,0,0,0,0,0,0,0,0,0,0,0,0,1,0,0,0,12.345838935721968,230000
0.1980287417180216,0.09644111792455802,-0.04798447606678595,0.012564298104070972,0,0,0,0,0,0,0,0,0,0,0,0,0,0,0,0,0,1,0,0,0,0,0,0,0,0,1,0,0,0,0,0,0,0,0,0,0,0,0,1,0,0,1,12.54254845357358,280000
0.1980287417180216,0.09644111792455802,-0.025439426867909693,-1.1427382348800126,0,0,0,0,0,0,0,0,1,0,0,0,0,0,0,0,0,0,0,0,0,0,0,0,0,1,0,0,0,0,0,0,0,0,0,0,0,0,0,1,1,0,0,12.896719202134523,399000
0.1980287417180216,0.09644111792455802,0.0598396722756657,1.1678668310881546,0,1,0,0,0,0,0,0,0,0,0,0,0,1,0,0,0,0,0,0,0,0,0,0,0,0,0,0,0,0,0,0,0,0,0,0,0,1,0,1,0,0,0,13.217675375388819,550000
0.1980287417180216,0.09644111792455802,0.0598396722756657,1.1678668310881546,0,1,0,0,0,0,0,0,0,0,0,0,0,1,0,0,0,0,0,0,0,0,0,0,0,0,0,0,0,0,0,0,0,0,0,0,0,1,0,1,0,0,0,13.180634172318978,530000
0.1980287417180216,0.09644111792455802,0.14462866165404814,0.012564298104070972,0,1,0,0,0,0,0,0,0,0,0,0,0,1,0,0,0,0,0,0,0,0,0,0,0,0,0,0,0,1,0,0,0,0,0,0,0,0,0,1,1,0,0,13.102162710901053,490000
0.1980287417180216,0.09644111792455802,-0.06366798855296074,-1.1427382348800126,0,0,0,1,0,0,0,0,0,0,0,0,0,1,0,0,0,0,0,0,0,0,0,0,0,0,0,0,0,1,0,0,0,0,0,0,0,0,0,1,0,0,1,11.082157933374816,65000
0.1980287417180216,0.09644111792455802,-0.1362042338015191,0.012564298104070972,0,0,0,0,0,0,0,0,0,0,0,0,0,1,0,0,0,0,0,0,0,0,0,0,1,0,0,0,0,0,0,0,0,0,0,0,0,0,0,1,0,0,1,12.706850963741102,330000
0.1980287417180216,0.09644111792455802,-0.06856908620489036,1.1678668310881546,0,1,0,0,0,0,0,0,0,0,0,0,0,1,0,0,0,0,0,1,0,0,0,0,0,0,0,0,0,0,0,0,0,0,0,0,0,0,0,1,0,0,0,12.873904582205107,390000
-1.383683877512786,-1.946160087556246,-0.2371668454312693,-1.1427382348800126,0,0,0,1,0,0,0,0,1,0,0,0,0,0,0,0,0,0,0,0,0,0,0,0,0,0,0,0,0,1,0,0,0,0,0,0,0,0,0,1,0,1,0,11.970356641102999,158000
-2.9653964967435935,-1.946160087556246,-0.12493170920208099,0.012564298104070972,1,1,0,0,0,0,0,0,0,0,0,0,0,0,0,0,0,1,0,0,0,0,0,0,0,0,0,0,0,0,0,0,0,0,0,0,1,0,0,1,0,0,1,12.676079399771027,320000
0.1980287417180216,0.09644111792455802,-0.07788117174355663,0.012564298104070972,1,0,0,0,0,1,0,0,0,1,0,0,0,0,0,0,0,0,0,0,0,1,0,0,0,0,0,0,0,0,0,0,0,0,0,0,0,0,0,1,0,0,0,12.994532278619134,440000
0.1980287417180216,0.09644111792455802,0.005927598104439877,1.1678668310881546,1,1,0,0,0,0,0,0,0,1,0,0,0,0,0,0,0,0,0,0,0,1,0,0,0,0,0,0,0,0,0,0,0,0,0,0,0,0,0,1,1,0,0,13.270785106659046,580000
0.1980287417180216,0.09644111792455802,0.06180011133643755,1.1678668310881546,1,1,0,0,0,0,0,0,0,1,0,0,0,0,0,0,0,0,0,0,0,1,0,0,0,0,0,0,0,0,0,0,0,0,0,0,0,0,0,1,1,0,0,13.1421679654829,510000
-1.383683877512786,0.09644111792455802,-0.17835367360811386,-1.1427382348800126,0,0,0,0,0,0,0,0,1,0,0,0,0,0,0,0,0,0,0,0,0,0,0,0,0,1,0,0,0,0,0,0,0,0,0,0,0,0,0,1,0,0,0,12.577639650232573,290000
0.1980287417180216,0.09644111792455802,-0.1607097220611672,-1.1427382348800126,1,0,0,0,0,0,0,0,0,0,0,0,0,1,0,0,0,0,0,0,0,0,0,1,0,0,0,0,0,0,0,0,0,0,0,0,0,0,0,1,0,0,0,12.100717685412471,180000
-1.383683877512786,-1.946160087556246,-0.2371668454312693,-1.1427382348800126,0,0,0,1,0,0,0,0,1,0,0,0,0,0,0,0,0,0,0,0,0,0,0,0,0,0,0,0,0,1,0,0,0,0,0,0,0,0,0,0,0,1,0,11.970356641102999,158000
1.779741360948829,0.09644111792455802,0.00641770786963284,1.1678668310881546,0,0,0,0,0,1,0,0,0,0,0,0,0,0,0,0,0,1,0,0,0,0,0,0,0,0,0,0,0,1,0,0,0,0,0,0,0,0,0,1,0,0,1,12.813119851828635,367000
-1.383683877512786,0.09644111792455802,-0.11512951389822175,-1.1427382348800126,0,0,0,0,1,0,0,0,0,1,0,0,0,0,0,0,0,0,0,0,0,0,0,0,0,0,0,0,0,0,0,0,0,1,0,0,0,0,0,1,1,0,0,12.765691290604371,350000
-1.383683877512786,-1.946160087556246,-0.06513831784853961,0.012564298104070972,0,0,0,0,0,1,0,0,0,0,0,0,0,0,0,0,0,1,0,0,0,0,0,0,0,0,0,0,0,0,0,1,0,0,0,0,0,0,0,1,1,0,0,12.966880811009803,428000
0.1980287417180216,2.139042323405362,0.07160230664029679,1.1678668310881546,0,0,0,0,0,1,0,0,0,0,0,0,0,0,0,0,0,1,0,0,0,0,0,0,0,0,0,0,0,0,0,0,0,0,0,0,1,0,0,1,0,1,0,13.118357364036902,498000
0.1980287417180216,0.09644111792455802,-0.07101963503085516,0.012564298104070972,1,0,0,0,0,0,0,0,0,0,0,0,0,0,0,0,0,1,0,0,0,0,0,0,0,0,1,0,0,0,0,0,0,0,0,0,0,0,0,0,0,1,0,12.031725210748633,168000
-1.383683877512786,-1.946160087556246,-0.20972069858046344,-1.1427382348800126,1,0,0,1,0,0,0,0,0,0,0,0,0,1,0,0,0,0,0,1,0,0,0,0,0,0,0,0,0,0,0,0,0,0,0,0,0,0,0,1,0,1,0,12.128116509451258,185000
0.1980287417180216,0.09644111792455802,-0.019067999920401188,-1.1427382348800126,0,0,0,0,0,0,0,0,0,0,0,0,0,0,0,0,0,1,0,0,0,0,0,0,0,0,0,0,0,1,0,0,0,0,0,0,0,0,0,1,0,0,0,12.676079399771027,320000
-2.9653964967435935,-1.946160087556246,-0.21707234505835785,-1.1427382348800126,0,0,0,0,0,1,0,0,1,0,0,0,0,0,0,0,0,0,0,0,0,0,0,0,0,1,0,0,0,0,0,0,0,0,0,0,0,0,0,1,0,0,0,12.706850963741102,330000
0.1980287417180216,0.09644111792455802,0.010828695756369498,1.1678668310881546,0,1,0,0,0,0,0,0,0,0,0,0,0,1,0,0,0,0,0,0,1,0,0,0,0,0,0,0,0,0,0,0,0,0,0,0,0,0,0,1,0,0,0,13.25339339419516,570000
0.1980287417180216,0.09644111792455802,-0.03818228076292671,0.012564298104070972,0,1,0,0,0,0,0,0,0,0,0,0,0,1,0,0,0,0,0,0,0,0,1,0,0,0,0,0,0,0,0,0,0,0,0,0,0,0,0,1,1,0,0,12.765691290604371,350000
0.1980287417180216,0.09644111792455802,-0.1362042338015191,1.1678668310881546,0,0,0,0,0,0,0,0,0,0,0,0,0,1,0,0,0,0,0,0,0,0,1,0,0,0,0,0,0,0,0,0,0,0,0,0,0,0,0,1,1,0,0,12.54254845357358,280000
-1.383683877512786,0.09644111792455802,-0.12248116037611619,1.1678668310881546,0,1,0,0,0,0,0,0,0,0,0,0,0,1,0,0,0,0,0,0,0,0,0,0,0,0,0,0,0,0,0,0,0,0,0,0,0,1,0,1,0,0,1,13.091906231773164,485000
0.1980287417180216,0.09644111792455802,-0.08719325728222291,0.012564298104070972,0,0,0,0,0,0,0,0,0,0,0,0,0,1,0,0,0,0,0,0,0,0,0,1,0,0,0,0,0,0,0,0,0,0,0,0,0,0,0,1,0,1,0,12.81584093453868,368000
0.1980287417180216,0.09644111792455802,0.019650671529842813,1.1678668310881546,1,1,0,0,0,0,0,0,0,1,0,0,0,0,0,0,0,0,0,0,0,1,0,0,0,0,0,0,0,0,0,0,0,0,0,0,0,0,0,1,1,0,0,13.195615697878253,538000
0.1980287417180216,0.09644111792455802,0.12355394175075077,1.1678668310881546,0,1,0,0,0,0,0,0,0,0,0,0,0,1,0,0,0,0,0,0,0,0,0,0,0,0,0,0,0,1,0,0,0,0,0,0,0,0,0,1,0,0,0,13.102162710901053,490000
0.1980287417180216,0.09644111792455802,-0.15727895370481648,-1.1427382348800126,0,0,0,0,0,0,0,0,0,0,0,0,0,0,0,0,0,1,0,0,0,0,0,0,0,0,0,0,0,1,0,0,0,0,0,0,0,0,0,1,0,0,1,11.951186847493476,155000
0.1980287417180216,0.09644111792455802,-0.1607097220611672,-1.1427382348800126,0,0,0,0,0,0,0,0,0,0,0,0,0,0,0,0,0,1,0,0,0,0,0,0,0,0,0,0,0,1,0,0,0,0,0,0,0,0,0,1,0,1,0,11.918397239722838,150000
0.1980287417180216,0.09644111792455802,0.13335613705461002,1.1678668310881546,0,1,0,0,0,0,0,0,0,0,0,0,0,1,0,0,0,0,0,0,0,0,0,0,1,0,0,0,0,0,0,0,0,0,0,0,0,0,0,1,0,0,0,13.500801182986649,730000
1.779741360948829,2.139042323405362,0.010828695756369498,1.1678668310881546,1,1,0,0,0,0,0,0,0,1,0,0,0,0,0,0,0,0,0,0,0,1,0,0,0,0,0,0,0,0,0,0,0,0,0,0,0,0,0,1,0,0,0,13.180634172318978,530000
0.1980287417180216,0.09644111792455802,-0.07788117174355663,0.012564298104070972,1,0,0,0,0,1,0,0,0,1,0,0,0,0,0,0,0,0,0,0,0,1,0,0,0,0,0,0,0,0,0,0,0,0,0,0,0,0,0,1,0,0,0,12.966880811009803,428000
3.3614539801796366,0.09644111792455802,-0.010736133912120832,0.012564298104070972,0,0,0,0,0,1,0,0,0,1,0,0,0,0,0,0,0,0,0,0,0,1,0,0,0,0,0,0,0,0,0,0,0,0,0,0,0,0,0,1,1,0,0,13.081543466215237,480000
0.1980287417180216,6.2242447343669705,0.7508944411977422,1.1678668310881546,0,0,0,0,0,0,0,1,1,0,0,0,0,0,0,0,0,0,0,0,0,0,0,0,0,0,0,0,0,1,0,0,0,0,0,0,0,0,0,1,0,0,0,13.455975814408239,698000
0.1980287417180216,0.09644111792455802,-0.12591192873246693,-1.1427382348800126,1,0,0,1,0,0,0,0,0,0,0,0,1,0,0,0,0,0,0,0,0,0,0,0,0,0,0,0,0,1,0,0,0,0,0,0,0,0,0,0,0,0,1,12.388398368982115,240000
0.1980287417180216,0.09644111792455802,-0.06268776902257481,-1.1427382348800126,0,0,0,0,0,0,0,0,0,0,0,0,1,0,0,0,0,0,0,0,0,0,0,0,0,0,0,0,0,1,0,0,0,0,0,0,0,0,0,1,0,0,1,12.100717685412471,180000
-1.383683877512786,-1.946160087556246,-0.23128552824895376,-1.1427382348800126,0,0,0,0,0,0,0,0,1,0,0,0,0,0,0,0,0,0,0,0,0,0,0,0,0,0,0,0,0,1,0,0,0,0,0,0,0,0,0,1,1,0,0,11.695255355062795,120000
0.1980287417180216,0.09644111792455802,-0.11169874554187102,0.012564298104070972,0,0,0,0,0,0,0,0,0,0,0,0,0,0,0,0,0,1,0,0,0,0,0,0,0,0,0,0,0,1,0,0,0,0,0,0,0,0,0,1,0,0,1,11.951186847493476,155000
0.1980287417180216,0.09644111792455802,-0.08719325728222291,0.012564298104070972,0,0,0,0,0,0,0,0,0,0,0,0,0,0,0,0,0,1,0,0,0,0,0,0,0,0,0,0,0,1,0,0,0,0,0,0,0,0,0,1,0,0,1,12.154784614286667,190000
0.1980287417180216,0.09644111792455802,0.0598396722756657,0.012564298104070972,1,1,0,0,0,0,0,0,0,1,0,0,0,0,0,0,0,0,0,0,0,0,0,0,0,0,0,0,0,1,0,0,0,0,0,0,0,0,0,1,0,1,0,12.691583538230217,325000
0.1980287417180216,0.09644111792455802,0.14805943001039887,0.012564298104070972,0,0,0,0,0,0,0,0,0,0,0,0,0,0,0,0,0,1,0,0,0,0,0,0,0,0,0,0,0,0,0,1,0,0,0,0,0,0,0,1,0,0,1,12.765691290604371,350000
0.1980287417180216,0.09644111792455802,0.3313604821925667,1.1678668310881546,0,1,0,0,0,0,0,0,0,0,0,0,0,0,1,0,0,0,0,0,0,0,0,0,0,0,0,0,0,1,0,0,0,0,0,0,0,0,0,1,0,0,1,13.444448325847754,690000
0.1980287417180216,0.09644111792455802,-0.1362042338015191,0.012564298104070972,0,0,0,0,0,0,0,0,0,0,0,0,0,1,0,0,0,0,0,1,0,0,0,0,0,0,0,0,0,0,0,0,0,0,0,0,0,0,0,1,1,0,0,12.691583538230217,325000
0.1980287417180216,0.09644111792455802,-0.1362042338015191,0.012564298104070972,0,1,0,0,0,0,0,0,0,0,0,0,0,1,0,0,0,0,0,0,0,0,0,0,0,0,0,0,0,1,0,0,0,0,0,0,0,0,0,1,0,0,0,12.487488878546145,265000
0.1980287417180216,0.09644111792455802,-0.1607097220611672,0.012564298104070972,0,0,0,0,0,0,0,0,0,0,0,0,0,1,0,0,0,0,0,0,0,0,0,0,1,0,0,0,0,0,0,0,0,0,0,0,0,0,0,1,1,0,0,12.468440756144114,260000
0.1980287417180216,0.09644111792455802,0.0010265004525102568,0.012564298104070972,0,0,0,0,0,0,0,0,0,0,0,0,0,1,0,0,0,0,0,0,0,0,1,0,0,0,0,0,0,0,0,0,0,0,0,0,0,0,0,1,0,1,0,13.122365377402328,500000
0.1980287417180216,0.09644111792455802,0.07454296523145457,1.1678668310881546,0,1,0,0,0,0,0,0,0,0,0,0,0,1,0,0,0,0,0,0,1,0,0,0,0,0,0,0,0,0,0,0,0,0,0,0,0,0,0,1,0,0,1,13.304686600863562,600000
0.1980287417180216,0.09644111792455802,-0.06268776902257481,0.012564298104070972,0,1,0,0,0,0,0,0,0,1,0,0,0,0,0,0,0,0,0,0,0,0,0,0,0,0,0,0,0,0,0,0,0,0,0,1,0,0,0,1,0,0,1,12.429220196836383,250000
0.1980287417180216,0.09644111792455802,-0.06758886667450444,1.1678668310881546,0,0,0,0,0,0,0,0,0,0,0,0,0,0,0,0,0,1,0,0,0,0,0,0,0,0,0,0,0,1,0,0,0,0,0,0,0,0,0,1,0,0,1,12.388398368982115,240000
0.1980287417180216,0.09644111792455802,0.02063089106022874,1.1678668310881546,1,1,0,0,0,0,0,0,0,0,0,0,0,0,0,0,0,1,0,0,0,0,0,0,0,0,0,0,0,0,1,0,0,0,0,0,0,0,0,1,0,0,0,12.971542813248437,430000
0.1980287417180216,0.09644111792455802,-0.1362042338015191,0.012564298104070972,0,1,0,0,0,0,0,0,0,0,0,0,0,1,0,0,0,0,0,0,1,0,0,0,0,0,0,0,0,0,0,0,0,0,0,0,0,0,0,1,1,0,0,12.409017571151187,245000
-1.383683877512786,0.09644111792455802,-0.06268776902257481,0.012564298104070972,0,0,0,0,0,1,0,0,0,1,0,0,0,0,0,0,0,0,0,0,0,0,0,0,0,0,0,0,0,1,0,0,0,0,0,0,0,0,0,1,0,0,0,13.384729180332174,650000
0.1980287417180216,0.09644111792455802,-0.008775694851348985,0.012564298104070972,1,1,0,0,0,0,0,0,0,1,0,0,0,0,0,0,0,0,0,0,0,1,0,0,0,0,0,0,0,0,0,0,0,0,0,0,0,0,0,1,1,0,0,12.873904582205107,390000
0.1980287417180216,0.09644111792455802,-0.07788117174355663,0.012564298104070972,1,0,0,0,0,1,0,0,0,1,0,0,0,0,0,0,0,0,0,0,0,1,0,0,0,0,0,0,0,0,0,0,0,0,0,0,0,0,0,1,0,0,0,12.948012371209098,420000
0.1980287417180216,0.09644111792455802,-0.07052952526566221,-1.1427382348800126,1,0,0,0,0,1,0,0,0,0,0,0,0,0,0,0,0,1,0,0,0,0,0,0,0,0,0,0,0,0,0,0,0,0,0,0,1,0,0,1,1,0,0,12.506180941677357,270000
0.1980287417180216,2.139042323405362,0.20148139441643173,-1.1427382348800126,0,0,0,0,0,1,0,0,0,0,0,0,0,0,0,0,0,1,0,0,0,0,0,0,0,0,0,0,0,0,0,1,0,0,0,0,0,0,0,1,1,0,0,12.354496960983985,232000
0.1980287417180216,0.09644111792455802,0.028472647303316133,1.1678668310881546,0,1,0,0,0,0,0,0,0,0,0,0,0,1,0,0,0,0,0,0,0,0,0,0,1,0,0,0,0,0,0,0,0,0,0,0,0,0,0,1,0,0,0,13.45883704259595,700000
0.1980287417180216,0.09644111792455802,0.0598396722756657,0.012564298104070972,1,1,0,0,0,0,0,0,0,0,0,0,0,1,0,0,0,0,0,0,0,0,0,0,1,0,0,0,0,0,0,0,0,0,0,0,0,0,0,1,0,0,0,13.589865129563993,798000
0.1980287417180216,0.09644111792455802,-0.09748556235127512,-1.1427382348800126,1,0,0,0,0,0,0,0,0,0,0,0,0,0,0,0,0,1,0,0,0,0,0,0,0,0,0,0,0,0,0,0,0,0,0,0,1,0,0,0,0,0,0,12.468440756144114,260000
1.779741360948829,0.09644111792455802,0.1799165647479414,1.1678668310881546,0,1,0,0,0,0,0,0,0,0,0,0,0,1,0,0,0,0,0,0,0,0,0,0,1,0,0,0,0,0,0,0,0,0,0,0,0,0,0,1,0,0,0,13.554147092530322,770000
0.1980287417180216,0.09644111792455802,-0.06268776902257481,-1.1427382348800126,0,0,0,0,0,0,0,0,0,0,0,0,0,0,0,0,0,1,0,0,0,0,0,0,0,0,0,0,0,1,0,0,0,0,0,0,0,0,0,0,0,0,0,12.560247968016562,285000
0.1980287417180216,0.09644111792455802,-0.07347018385681997,-1.1427382348800126,1,0,0,0,0,0,0,0,0,0,0,0,0,0,0,0,0,1,0,0,0,0,0,0,0,0,0,0,0,0,0,0,0,0,0,0,1,0,0,0,0,0,0,12.468440756144114,260000
-2.9653964967435935,0.09644111792455802,-0.1969778446854464,0.012564298104070972,0,0,0,0,0,1,0,0,0,0,0,0,0,0,0,0,0,1,0,0,0,0,0,0,0,0,0,0,0,1,0,0,0,0,0,0,0,0,0,0,0,0,1,11.904974309480183,148000
0.1980287417180216,0.09644111792455802,-0.013676792503278605,0.012564298104070972,1,0,0,0,0,0,0,0,1,0,0,0,0,0,0,0,0,0,0,0,0,0,0,0,0,0,0,0,0,1,0,0,0,0,0,0,0,0,0,0,0,1,0,12.429220196836383,250000
-1.383683877512786,0.09644111792455802,-0.10581742835955547,0.012564298104070972,1,0,0,0,0,0,0,0,0,0,0,0,0,0,0,1,0,0,0,0,0,0,0,0,0,0,0,1,0,0,0,0,0,0,0,0,0,0,0,1,0,1,0,12.73080413304066,338000
0.1980287417180216,0.09644111792455802,-0.1788437833733068,0.012564298104070972,1,0,0,1,0,0,0,0,1,0,0,0,0,0,0,0,0,0,0,0,0,0,0,0,0,0,0,0,0,1,0,0,0,0,0,0,0,0,0,0,1,0,0,11.561725152903833,105000
0.1980287417180216,2.139042323405362,0.012299025051948385,1.1678668310881546,1,1,0,0,0,0,0,0,0,1,0,0,0,0,0,0,0,0,0,0,0,0,0,0,0,0,0,0,0,1,0,0,0,0,0,0,0,0,0,0,0,0,1,13.017005083966255,450000
0.1980287417180216,0.09644111792455802,0.10885064879496191,-1.1427382348800126,1,0,0,0,0,1,0,0,1,0,0,0,0,0,0,0,0,0,0,0,0,0,0,0,0,1,0,0,0,0,0,0,0,0,0,0,0,0,0,1,0,0,1,12.861001210669146,385000
-2.9653964967435935,-1.946160087556246,-0.04798447606678595,1.1678668310881546,0,0,0,0,0,0,1,0,0,0,0,0,0,0,0,0,0,1,0,0,0,0,0,0,0,0,0,0,0,1,0,0,0,0,0,0,0,0,0,1,0,0,1,13.204866440535003,543000
0.1980287417180216,0.09644111792455802,0.23137809009320243,-1.1427382348800126,0,1,0,0,0,0,0,0,0,0,0,0,0,1,0,0,0,0,0,0,1,0,0,0,0,0,0,0,0,0,0,0,0,0,0,0,0,0,0,1,0,0,0,13.45883704259595,700000
-1.383683877512786,0.09644111792455802,-0.11120863577667806,-1.1427382348800126,1,1,0,0,0,0,0,0,0,0,0,0,0,0,0,0,0,1,0,0,0,0,0,0,0,0,0,0,0,1,0,0,0,0,0,0,0,0,0,1,0,0,0,12.676079399771027,320000
0.1980287417180216,0.09644111792455802,0.03190341565966687,-1.1427382348800126,1,1,0,0,0,0,0,0,0,0,0,0,0,0,0,0,0,1,0,0,0,0,0,0,0,0,0,0,0,0,0,0,0,0,0,0,1,0,0,0,0,0,0,12.765691290604371,350000
0.1980287417180216,0.09644111792455802,-0.0822921596302933,0.012564298104070972,0,0,0,0,0,0,0,0,0,0,0,0,0,1,0,0,0,0,0,0,0,0,0,0,0,0,0,0,0,0,0,0,0,0,0,0,0,1,0,1,0,0,1,12.570719231334277,288000
0.1980287417180216,0.09644111792455802,-0.06268776902257481,0.012564298104070972,0,1,0,0,0,0,0,0,0,0,0,0,0,1,0,0,0,0,0,0,0,0,0,1,0,0,0,0,0,0,0,0,0,0,0,0,0,0,0,1,0,1,0,12.847929163278053,380000
0.1980287417180216,0.09644111792455802,-0.1362042338015191,0.012564298104070972,1,0,0,0,0,0,0,0,0,0,0,0,0,1,0,0,0,0,0,1,0,0,0,0,0,0,0,0,0,0,0,0,0,0,0,0,0,0,0,1,0,0,1,12.429220196836383,250000
0.1980287417180216,0.09644111792455802,-0.051905354188329644,0.012564298104070972,1,0,0,0,0,0,0,0,1,0,0,0,0,0,0,0,0,0,0,0,0,0,0,0,0,0,0,0,0,1,0,0,0,0,0,0,0,0,0,1,0,1,0,12.429220196836383,250000
0.1980287417180216,0.09644111792455802,0.04856714767622758,0.012564298104070972,0,0,0,0,0,0,0,0,0,0,0,0,0,0,0,0,0,1,0,0,0,0,0,0,0,0,1,0,0,0,0,0,0,0,0,0,0,0,0,1,1,0,0,12.506180941677357,270000
0.1980287417180216,0.09644111792455802,0.07258252617068271,0.012564298104070972,0,1,0,0,0,0,0,0,0,0,0,0,0,0,1,0,0,0,0,0,0,0,0,0,0,0,0,0,0,1,0,0,0,0,0,0,0,0,0,0,0,0,1,12.80216086806413,363000
0.1980287417180216,0.09644111792455802,-0.08572292798664403,-1.1427382348800126,0,0,0,0,0,0,0,0,0,0,0,0,0,0,0,0,0,1,0,0,0,0,0,0,0,0,0,0,0,0,0,0,0,0,0,0,1,0,0,1,0,0,0,12.013706813470414,165000
0.1980287417180216,0.09644111792455802,0.25392313929207866,1.1678668310881546,0,1,0,0,0,0,0,0,1,0,0,0,0,0,0,0,0,0,0,0,0,0,0,0,0,0,0,0,0,1,0,0,0,0,0,0,0,0,0,1,1,0,0,13.301347705172173,598000
-1.383683877512786,0.09644111792455802,-0.05533612254468038,0.012564298104070972,0,1,0,0,0,0,0,0,1,0,0,0,0,0,0,0,0,0,0,0,0,0,0,0,0,0,0,0,0,1,0,0,0,0,0,0,0,0,0,1,0,0,1,12.608202196848836,299000
0.1980287417180216,0.09644111792455802,0.16472316202695958,2.323169364072238,0,1,0,0,0,0,0,0,0,0,0,0,0,1,0,0,0,0,0,0,0,0,0,0,0,0,0,0,0,0,0,0,0,0,0,0,0,1,0,1,0,0,0,13.45883704259595,700000
0.1980287417180216,0.09644111792455802,0.057389123449700895,0.012564298104070972,0,1,0,0,0,0,0,0,0,0,0,0,0,1,0,0,0,0,0,0,0,0,0,0,0,0,0,0,0,0,0,0,0,0,0,0,0,1,0,1,0,0,0,13.244582780038517,565000
0.1980287417180216,0.09644111792455802,-0.013676792503278605,0.012564298104070972,0,1,0,0,0,0,0,0,0,0,0,0,0,1,0,0,0,0,0,0,1,0,0,0,0,0,0,0,0,0,0,0,0,0,0,0,0,0,0,1,0,0,1,12.847929163278053,380000
0.1980287417180216,0.09644111792455802,-0.17835367360811386,-1.1427382348800126,1,0,0,0,0,0,0,0,0,0,0,0,0,1,0,0,0,0,0,1,0,0,0,0,0,0,0,0,0,0,0,0,0,0,0,0,0,0,0,1,0,1,0,12.128116509451258,185000
0.1980287417180216,2.139042323405362,0.3039143353417608,1.1678668310881546,0,1,0,0,0,0,0,0,0,0,0,0,0,1,0,0,0,0,0,0,0,0,0,0,0,0,0,0,0,0,0,0,0,0,0,0,0,1,0,1,0,0,1,13.329379172803593,615000
0.1980287417180216,0.09644111792455802,-0.03818228076292671,1.1678668310881546,0,1,0,0,0,0,0,0,0,0,0,0,0,1,0,0,0,0,0,0,0,0,0,0,0,0,0,0,0,0,0,0,0,0,0,0,0,1,0,1,1,0,0,13.161586013632684,520000
0.1980287417180216,0.09644111792455802,-0.1362042338015191,0.012564298104070972,0,1,0,0,0,0,0,0,0,0,0,0,0,1,0,0,0,0,0,0,1,0,0,0,0,0,0,0,0,0,0,0,0,0,0,0,0,0,0,1,0,0,1,12.706850963741102,330000
0.1980287417180216,0.09644111792455802,-0.1362042338015191,0.012564298104070972,0,0,0,0,0,0,0,0,0,0,0,0,0,1,0,0,0,0,0,0,0,0,0,0,1,0,0,0,0,0,0,0,0,0,0,0,0,0,0,1,0,0,1,12.847929163278053,380000
0.1980287417180216,0.09644111792455802,-0.06268776902257481,0.012564298104070972,0,1,0,0,0,0,0,0,0,0,0,0,0,1,0,0,0,0,0,0,0,0,1,0,0,0,0,0,0,0,0,0,0,0,0,0,0,0,0,1,0,0,1,12.73670383776449,340000
0.1980287417180216,0.09644111792455802,-0.1362042338015191,0.012564298104070972,0,0,0,0,0,0,0,0,0,0,0,0,0,0,0,0,0,1,0,0,0,0,0,0,0,0,0,0,0,0,0,0,0,0,0,0,1,0,0,1,0,0,1,11.970356641102999,158000
0.1980287417180216,2.139042323405362,0.26470555412632385,-1.1427382348800126,1,0,0,0,0,1,0,0,0,1,0,0,0,0,0,0,0,0,0,0,0,0,0,0,0,0,0,0,0,1,0,0,0,0,0,0,0,0,0,0,0,0,1,13.652992804936396,850000
1.779741360948829,0.09644111792455802,0.1441385518888552,1.1678668310881546,1,1,0,0,0,0,0,0,0,1,0,0,0,0,0,0,0,0,0,0,0,0,0,0,0,0,0,0,0,0,0,0,0,0,0,1,0,0,0,1,0,0,0,13.081543466215237,480000
0.1980287417180216,0.09644111792455802,0.14560888118443407,1.1678668310881546,0,1,0,0,0,0,0,0,0,0,0,0,0,1,0,0,0,0,0,0,0,0,0,0,0,0,0,0,0,0,0,0,0,0,0,0,0,1,0,1,0,0,0,13.304686600863562,600000
0.1980287417180216,0.09644111792455802,0.37449014152954735,1.1678668310881546,0,1,0,0,0,0,0,0,0,0,0,0,0,0,0,0,0,1,0,0,0,0,0,0,0,0,0,0,0,1,0,0,0,0,0,0,0,0,0,1,0,0,1,13.098072734013513,488000
0.1980287417180216,0.09644111792455802,0.14315833235846925,1.1678668310881546,0,1,0,0,0,0,0,0,0,0,0,0,0,1,0,0,0,0,0,0,0,0,0,0,0,0,0,0,0,0,0,0,0,0,0,0,0,1,0,1,0,0,0,13.304686600863562,600000
-2.9653964967435935,-1.946160087556246,-0.21119102787604233,0.012564298104070972,0,1,0,0,0,0,0,0,0,0,0,0,0,0,0,0,0,1,0,0,0,1,0,0,0,0,0,0,0,0,0,0,0,0,0,0,0,0,0,1,1,0,0,12.676079399771027,320000
0.1980287417180216,0.09644111792455802,0.019650671529842813,1.1678668310881546,1,1,0,0,0,0,0,0,0,1,0,0,0,0,0,0,0,0,0,0,0,1,0,0,0,0,0,0,0,0,0,0,0,0,0,0,0,0,0,1,0,0,1,13.102162710901053,490000
-2.9653964967435935,-1.946160087556246,-0.21119102787604233,0.012564298104070972,0,1,0,0,0,0,0,0,0,0,0,0,0,0,0,0,0,1,0,0,0,1,0,0,0,0,0,0,0,0,0,0,0,0,0,0,0,0,0,1,1,0,0,12.676079399771027,320000
0.1980287417180216,0.09644111792455802,0.019650671529842813,1.1678668310881546,1,1,0,0,0,0,0,0,0,1,0,0,0,0,0,0,0,0,0,0,0,1,0,0,0,0,0,0,0,0,0,0,0,0,0,0,0,0,0,1,0,0,0,13.07107218827772,475000
0.1980287417180216,0.09644111792455802,-0.08719325728222291,-1.1427382348800126,1,0,0,0,0,0,0,0,0,0,0,0,0,0,0,0,0,1,0,0,0,0,0,0,0,0,0,0,0,0,0,0,0,0,0,0,1,0,0,0,0,1,0,12.577639650232573,290000
0.1980287417180216,0.09644111792455802,0.07993417264857715,0.012564298104070972,1,1,0,0,0,0,0,0,0,1,0,0,0,0,0,0,0,0,0,0,0,0,0,0,0,0,0,0,0,1,0,0,0,0,0,0,0,0,0,0,0,1,0,12.611541086966115,300000
0.1980287417180216,0.09644111792455802,-0.06513831784853961,0.012564298104070972,1,0,0,0,0,0,0,0,0,0,0,0,0,0,0,1,0,0,0,0,0,0,0,0,0,0,0,1,0,0,0,0,0,0,0,0,0,0,0,1,0,1,0,12.487488878546145,265000
0.1980287417180216,0.09644111792455802,0.12747481987229448,0.012564298104070972,1,1,0,0,0,0,0,0,0,0,0,0,0,0,0,1,0,0,0,0,0,0,0,0,0,0,0,1,0,0,0,0,0,0,0,0,0,0,0,1,0,0,1,13.199324418540456,539999
0.1980287417180216,0.09644111792455802,-0.03818228076292671,1.1678668310881546,0,1,0,0,0,0,0,0,0,0,0,0,0,1,0,0,0,0,0,0,0,0,0,0,0,0,0,0,0,1,0,0,0,0,0,0,0,0,0,1,0,1,0,13.527829818844937,750000
-1.383683877512786,0.09644111792455802,-0.03818228076292671,1.1678668310881546,0,1,0,0,0,0,0,0,0,0,0,0,0,1,0,0,0,0,0,0,0,0,0,0,0,0,0,0,0,1,0,0,0,0,0,0,0,0,0,1,0,1,0,13.384729180332174,650000
-1.383683877512786,0.09644111792455802,0.21520446784183467,-1.1427382348800126,0,0,0,0,0,1,0,0,0,0,0,0,0,0,0,0,0,1,0,0,0,0,0,0,0,0,0,0,0,0,0,0,0,0,0,0,1,0,0,1,0,0,1,13.081543466215237,480000
0.1980287417180216,0.09644111792455802,-0.1607097220611672,-1.1427382348800126,1,0,0,0,0,0,0,0,0,1,0,0,0,0,0,0,0,0,0,0,0,0,0,0,0,0,0,0,0,1,0,0,0,0,0,0,0,0,0,1,0,0,0,12.245298166364206,208000
0.1980287417180216,0.09644111792455802,-0.06268776902257481,-1.1427382348800126,0,0,0,0,0,0,0,0,0,0,0,0,0,0,0,0,0,1,0,0,0,1,0,0,0,0,0,0,0,0,0,0,0,0,0,0,0,0,0,1,0,0,0,12.421188057397055,248000
-1.383683877512786,0.09644111792455802,0.01867045199945689,1.1678668310881546,0,1,0,0,0,0,0,0,0,0,0,0,0,1,0,0,0,0,0,0,0,0,0,0,1,0,0,0,0,0,0,0,0,0,0,0,0,0,0,1,0,0,0,13.3374763699232,620000
0.1980287417180216,0.09644111792455802,0.08679570936127862,1.1678668310881546,1,1,0,0,0,0,0,0,0,0,0,0,0,1,0,0,0,0,0,0,1,0,0,0,0,0,0,0,0,0,0,0,0,0,0,0,0,0,0,1,0,0,0,13.45883704259595,700000
0.1980287417180216,0.09644111792455802,0.06964186757952495,1.1678668310881546,0,1,0,0,0,0,0,0,0,0,0,0,0,1,0,0,0,0,0,0,0,0,0,0,0,0,0,0,0,0,0,0,0,0,0,0,0,1,0,1,0,0,1,13.180634172318978,530000
0.1980287417180216,0.09644111792455802,0.17452535733081884,1.1678668310881546,0,1,0,0,0,0,0,0,0,0,0,0,0,1,0,0,0,0,0,0,0,0,0,0,0,0,0,0,0,1,0,0,0,0,0,0,0,0,0,1,0,0,0,12.971542813248437,430000
0.1980287417180216,0.09644111792455802,-0.1313031361495895,0.012564298104070972,0,0,0,0,0,0,0,0,0,0,0,0,0,0,0,0,0,1,0,0,0,0,0,0,0,0,1,0,0,0,0,0,0,0,0,0,0,0,0,1,1,0,0,12.097936057925594,179500
0.1980287417180216,0.09644111792455802,-0.06268776902257481,-1.1427382348800126,1,0,0,0,0,0,0,0,0,0,0,0,0,0,0,0,0,1,0,0,0,0,0,0,0,0,0,0,0,0,0,1,0,0,0,0,0,0,0,0,0,1,0,12.388398368982115,240000
0.1980287417180216,0.09644111792455802,0.14609899094962703,1.1678668310881546,1,1,0,0,0,0,0,0,0,1,0,0,0,0,0,0,0,0,0,0,0,0,0,0,0,0,0,0,0,1,0,0,0,0,0,0,0,0,0,1,0,0,1,13.353476685668044,630000
0.1980287417180216,0.09644111792455802,0.010828695756369498,0.012564298104070972,1,1,0,0,0,0,0,0,0,0,0,0,0,0,0,1,0,0,0,0,0,0,0,0,0,0,0,1,0,0,0,0,0,0,0,0,0,0,0,1,0,0,1,13.102162710901053,490000
0.1980287417180216,-1.946160087556246,-0.1607097220611672,-1.1427382348800126,0,0,0,0,0,0,0,0,0,0,0,0,0,0,0,0,0,1,1,0,0,0,0,0,0,0,0,0,0,0,0,0,0,0,0,0,0,0,0,0,1,0,0,11.918397239722838,150000
0.1980287417180216,0.09644111792455802,0.09414735583917305,-1.1427382348800126,0,1,0,0,0,0,0,0,0,0,0,0,0,0,0,0,0,1,0,0,0,0,0,0,0,0,0,0,0,1,0,0,0,0,0,0,0,0,0,1,0,0,1,12.793862088206213,360000
1.779741360948829,0.09644111792455802,-0.06856908620489036,1.1678668310881546,1,0,0,0,0,0,0,0,0,0,0,0,0,0,0,0,0,1,0,0,0,0,0,0,0,0,0,0,0,0,0,0,0,0,0,0,1,0,0,0,0,0,1,12.676079399771027,320000
-1.383683877512786,0.09644111792455802,0.03778473284198241,1.1678668310881546,0,1,0,0,0,0,0,0,0,0,0,0,0,1,0,0,0,0,0,0,0,0,1,0,0,0,0,0,0,0,0,0,0,0,0,0,0,0,0,1,0,0,0,13.617060838751888,820000
0.1980287417180216,0.09644111792455802,-0.04651414677120706,-1.1427382348800126,1,0,0,0,0,1,0,0,0,0,0,0,0,0,0,0,0,1,0,0,0,0,0,0,0,0,0,0,0,0,0,1,0,0,0,0,0,0,0,1,0,0,0,12.367345048436391,235000
0.1980287417180216,0.09644111792455802,-0.0024042679038404776,-1.1427382348800126,1,1,0,0,0,0,0,0,1,0,0,0,0,0,0,0,0,0,0,0,0,0,0,0,0,1,0,0,0,0,0,0,0,0,0,0,0,0,0,1,0,0,1,12.676079399771027,320000
0.1980287417180216,0.09644111792455802,0.019650671529842813,0.012564298104070972,0,1,0,0,0,0,0,0,0,0,0,0,0,1,0,0,0,0,0,0,0,0,0,0,0,0,0,0,0,0,0,0,0,0,0,0,0,1,0,1,0,0,1,12.948012371209098,420000
0.1980287417180216,0.09644111792455802,0.1838374428694851,1.1678668310881546,0,0,0,0,0,1,0,0,0,0,0,0,0,1,0,0,0,0,0,0,0,0,1,0,0,0,0,0,0,0,0,0,0,0,0,0,0,0,0,1,0,1,0,13.444448325847754,690000
0.1980287417180216,0.09644111792455802,-0.06268776902257481,0.012564298104070972,0,1,0,0,0,0,0,0,0,0,0,0,0,1,0,0,0,0,0,0,0,0,0,1,0,0,0,0,0,0,0,0,0,0,0,0,0,0,0,1,0,1,0,12.73670383776449,340000
0.1980287417180216,0.09644111792455802,0.08679570936127862,1.1678668310881546,0,1,0,0,0,0,0,0,0,0,0,0,0,1,0,0,0,0,0,0,1,0,0,0,0,0,0,0,0,0,0,0,0,0,0,0,0,0,0,1,0,0,1,13.444448325847754,690000
-2.9653964967435935,-1.946160087556246,-0.21903278411912971,0.012564298104070972,1,0,0,0,0,1,0,0,0,0,0,0,0,0,0,0,0,1,0,0,0,0,0,0,0,0,0,0,0,0,0,0,0,0,1,0,0,0,0,1,0,0,1,12.560247968016562,285000
1.779741360948829,0.09644111792455802,0.23872973657109686,1.1678668310881546,0,1,0,0,0,0,0,0,0,1,0,0,0,0,0,0,0,0,0,0,0,1,0,0,0,0,0,0,0,0,0,0,0,0,0,0,0,0,0,1,1,0,0,13.415034483903348,670000
0.1980287417180216,2.139042323405362,0.06278033086682347,1.1678668310881546,1,1,0,0,0,0,0,0,0,1,0,0,0,0,0,0,0,0,0,0,0,1,0,0,0,0,0,0,0,0,0,0,0,0,0,0,0,0,0,1,0,0,1,13.161586013632684,520000
-1.383683877512786,0.09644111792455802,-0.07494051315239886,1.1678668310881546,1,0,0,0,0,1,0,0,0,1,0,0,0,0,0,0,0,0,0,0,0,1,0,0,0,0,0,0,0,0,0,0,0,0,0,0,0,0,0,1,0,0,0,12.936036208848487,415000
-1.383683877512786,0.09644111792455802,0.009358366460790612,0.012564298104070972,1,0,0,0,0,1,0,0,0,1,0,0,0,0,0,0,0,0,0,0,0,0,0,0,0,0,0,0,0,1,0,0,0,0,0,0,0,0,0,1,0,0,0,13.056225711649638,468000
-1.383683877512786,-1.946160087556246,-0.20972069858046344,-1.1427382348800126,1,0,0,0,0,0,0,0,0,0,0,0,0,0,0,1,0,0,0,0,0,0,0,0,0,0,0,1,0,0,0,0,0,0,0,0,0,0,0,1,0,0,1,12.154784614286667,190000
0.1980287417180216,0.09644111792455802,-0.1415954412186417,-1.1427382348800126,0,0,0,1,0,0,0,0,0,0,0,0,0,1,0,0,0,0,0,0,0,0,0,0,0,0,0,0,0,1,0,0,0,0,0,0,0,0,0,1,0,0,1,11.51293546492023,100000
0.1980287417180216,0.09644111792455802,-0.03818228076292671,-1.1427382348800126,0,0,0,0,0,0,0,0,0,0,0,0,0,1,0,0,0,0,0,0,1,0,0,0,0,0,0,0,0,0,0,0,0,0,0,0,0,0,0,1,0,0,1,12.554970929480584,283500
0.1980287417180216,0.09644111792455802,0.02798253753812317,0.012564298104070972,0,1,0,0,0,0,0,0,0,0,0,0,0,0,0,0,0,1,1,0,0,0,0,0,0,0,0,0,0,0,0,0,0,0,0,0,0,0,0,1,0,0,1,12.873904582205107,390000
0.1980287417180216,0.09644111792455802,-0.013676792503278605,1.1678668310881546,0,0,0,0,0,0,0,0,0,0,0,0,0,0,0,0,0,1,0,0,0,0,0,0,0,0,0,0,0,1,0,0,0,0,0,0,0,0,0,1,0,1,0,12.560247968016562,285000
0.1980287417180216,0.09644111792455802,-0.13375368497555432,0.012564298104070972,1,0,0,0,0,0,0,0,0,0,0,0,0,0,0,1,0,0,0,0,0,0,0,0,0,0,0,1,0,0,0,0,0,0,0,0,0,0,0,1,0,0,1,12.487488878546145,265000
0.1980287417180216,0.09644111792455802,-0.12052072131534433,-1.1427382348800126,1,0,0,0,0,0,0,0,0,0,0,0,0,0,0,1,0,0,0,0,0,0,0,0,0,0,0,1,0,0,0,0,0,0,0,0,0,0,0,1,0,0,1,12.611541086966115,300000
0.1980287417180216,0.09644111792455802,-0.08719325728222291,0.012564298104070972,0,0,0,0,0,0,0,0,0,0,0,0,0,1,0,0,0,0,0,0,0,0,0,0,1,0,0,0,0,0,0,0,0,0,0,0,0,0,0,1,0,0,0,12.706850963741102,330000
0.1980287417180216,-1.946160087556246,-0.1607097220611672,-1.1427382348800126,1,1,0,0,0,0,0,0,0,0,0,0,0,0,0,0,0,1,0,0,0,0,0,0,0,0,0,0,0,1,0,0,0,0,0,0,0,0,0,0,0,0,0,11.849404844423074,140000
1.779741360948829,2.139042323405362,0.2558835783528505,1.1678668310881546,0,1,0,0,0,0,0,0,0,0,0,0,0,1,0,0,0,0,0,0,0,0,0,0,0,0,0,0,0,1,0,0,0,0,0,0,0,0,0,1,0,0,0,13.527829818844937,750000
1.779741360948829,4.181643528886166,0.30489455487214673,1.1678668310881546,0,1,0,0,0,0,0,0,0,0,0,0,0,1,0,0,0,0,0,0,0,0,0,0,0,0,0,0,0,1,0,0,0,0,0,0,0,0,0,1,0,1,0,13.577254637874743,788000
0.1980287417180216,0.09644111792455802,-0.08719325728222291,0.012564298104070972,0,1,0,0,0,0,0,0,0,0,0,0,0,1,0,0,0,0,0,0,0,0,0,0,0,0,0,0,0,1,0,0,0,0,0,0,0,0,0,1,0,0,1,12.948012371209098,420000
0.1980287417180216,0.09644111792455802,-0.08719325728222291,1.1678668310881546,0,1,0,0,0,0,0,0,0,0,0,0,0,1,0,0,0,0,0,0,0,0,0,0,0,0,0,0,0,1,0,0,0,0,0,0,0,0,0,1,0,1,0,13.081543466215237,480000
0.1980287417180216,0.09644111792455802,0.15884184484464403,1.1678668310881546,0,1,0,0,0,0,0,0,0,0,0,0,0,0,0,0,0,1,0,0,0,0,0,0,0,0,0,0,0,1,0,0,0,0,0,0,0,0,0,1,0,0,1,13.06685278163674,473000
0.1980287417180216,2.139042323405362,0.24755171234457019,1.1678668310881546,0,1,0,0,0,0,0,0,0,0,0,0,0,1,0,0,0,0,0,0,0,0,0,0,0,0,0,0,0,1,0,0,0,0,0,0,0,0,0,1,0,0,1,13.541075028051122,760000
0.1980287417180216,0.09644111792455802,-0.06856908620489036,1.1678668310881546,0,1,0,0,0,0,0,0,0,0,0,0,0,1,0,0,0,0,0,1,0,0,0,0,0,0,0,0,0,0,0,0,0,0,0,0,0,0,0,1,1,0,0,12.899222326086994,400000
0.1980287417180216,0.09644111792455802,-0.04308337841485633,0.012564298104070972,1,0,0,0,0,0,0,0,0,0,0,0,0,1,0,0,0,0,0,1,0,0,0,0,0,0,0,0,0,0,0,0,0,0,0,0,0,0,0,1,0,0,1,12.873904582205107,390000
0.1980287417180216,0.09644111792455802,-0.08719325728222291,0.012564298104070972,0,1,0,0,0,0,0,0,0,0,0,0,0,1,0,0,0,0,0,0,1,0,0,0,0,0,0,0,0,0,0,0,0,0,0,0,0,0,0,1,0,0,0,13.304686600863562,600000
1.779741360948829,0.09644111792455802,0.1505099788363637,1.1678668310881546,0,1,0,0,0,0,0,0,0,0,0,0,0,1,0,0,0,0,0,0,0,0,0,0,0,0,0,0,0,1,0,0,0,0,0,0,0,0,0,1,0,0,1,12.899222326086994,400000
0.1980287417180216,0.09644111792455802,-0.06268776902257481,0.012564298104070972,0,1,0,0,0,0,0,0,0,0,0,0,0,1,0,0,0,0,0,0,0,0,0,1,0,0,0,0,0,0,0,0,0,0,0,0,0,0,0,1,0,1,0,12.847929163278053,380000
0.1980287417180216,0.09644111792455802,0.07454296523145457,1.1678668310881546,0,1,0,0,0,0,0,0,0,0,0,0,0,1,0,0,0,0,0,0,0,0,1,0,0,0,0,0,0,0,0,0,0,0,0,0,0,0,0,1,0,1,0,13.617060838751888,820000
1.779741360948829,0.09644111792455802,0.1789363452175555,1.1678668310881546,0,1,0,0,0,0,0,0,0,0,0,0,0,1,0,0,0,0,0,0,0,0,1,0,0,0,0,0,0,0,0,0,0,0,0,0,0,0,0,1,1,0,0,13.39239204133378,655000
0.1980287417180216,0.09644111792455802,-0.1607097220611672,-1.1427382348800126,0,0,0,1,0,0,0,0,0,0,0,0,0,0,0,0,0,1,0,0,0,0,0,0,0,0,0,0,0,1,0,0,0,0,0,0,0,0,0,1,0,1,0,11.813037464800539,135000
0.1980287417180216,0.09644111792455802,-0.1607097220611672,-1.1427382348800126,0,0,0,1,0,0,0,0,0,0,0,0,0,0,0,0,0,1,0,0,0,0,0,0,0,0,0,0,0,1,0,0,0,0,0,0,0,0,0,1,0,1,0,11.884495917930655,145000
0.1980287417180216,0.09644111792455802,-0.15727895370481648,-1.1427382348800126,0,0,0,0,0,0,0,0,0,0,0,0,0,0,0,0,0,1,0,0,0,0,0,0,0,0,0,0,0,1,0,0,0,0,0,0,0,0,0,1,0,1,0,11.951186847493476,155000
-1.383683877512786,-1.946160087556246,-0.18521521032081534,0.012564298104070972,1,1,0,0,0,0,0,0,0,0,0,0,0,0,0,1,0,0,0,0,0,0,0,0,0,0,0,1,0,0,0,0,0,0,0,0,0,0,0,1,0,0,1,12.310437165348775,222000
0.1980287417180216,0.09644111792455802,-0.1607097220611672,-1.1427382348800126,1,0,0,0,0,0,0,0,0,0,0,0,0,0,0,0,0,1,0,0,0,1,0,0,0,0,0,0,0,0,0,0,0,0,0,0,0,0,0,1,1,0,0,11.951186847493476,155000
0.1980287417180216,0.09644111792455802,-0.04063282958889152,0.012564298104070972,1,0,0,0,0,0,0,0,0,0,0,0,0,0,0,0,0,1,0,0,0,0,0,0,0,0,0,0,0,0,0,0,0,0,1,0,0,0,0,1,0,1,0,12.421188057397055,248000
1.779741360948829,0.09644111792455802,0.2328484193887813,-1.1427382348800126,0,0,0,0,0,1,0,0,1,0,0,0,0,0,0,0,0,0,0,0,0,0,0,0,0,1,0,0,0,0,0,0,0,0,0,0,0,0,0,1,1,0,0,12.834683971615659,375000
0.1980287417180216,2.139042323405362,0.029452866833702056,1.1678668310881546,1,0,0,0,0,1,0,0,0,0,0,0,0,0,0,1,0,0,0,0,0,0,0,0,0,0,0,1,0,0,0,0,0,0,0,0,0,0,0,1,0,0,1,13.304686600863562,600000
0.1980287417180216,0.09644111792455802,-0.06268776902257481,0.012564298104070972,0,0,0,1,0,0,0,0,1,0,0,0,0,0,0,0,0,0,0,0,0,0,0,0,0,1,0,0,0,0,0,0,0,0,0,0,0,0,0,1,1,0,0,12.19602736016897,198000
0.1980287417180216,0.09644111792455802,-0.11169874554187102,0.012564298104070972,0,0,0,0,0,0,0,0,0,0,0,0,0,1,0,0,0,0,0,0,0,0,0,0,0,0,0,0,0,1,0,0,0,0,0,0,0,0,0,1,0,0,1,12.421188057397055,248000
0.1980287417180216,0.09644111792455802,-0.1362042338015191,0.012564298104070972,1,1,0,0,0,0,0,0,0,0,0,0,0,1,0,0,0,0,0,0,0,0,0,0,1,0,0,0,0,0,0,0,0,0,0,0,0,0,0,1,1,0,0,12.868763195921677,388000
0.1980287417180216,0.09644111792455802,0.0353341840160176,1.1678668310881546,0,1,0,0,0,0,0,0,0,0,0,0,0,1,0,0,0,0,0,0,0,0,1,0,0,0,0,0,0,0,0,0,0,0,0,0,0,0,0,1,0,1,0,12.896719202134523,399000
0.1980287417180216,0.09644111792455802,0.13335613705461002,1.1678668310881546,0,1,0,0,0,0,0,0,0,0,0,0,0,1,0,0,0,0,0,0,0,0,0,0,0,0,0,0,0,1,0,0,0,0,0,0,0,0,0,1,0,0,0,13.429849547739444,680000
0.1980287417180216,0.09644111792455802,0.22745721197165872,-1.1427382348800126,0,1,0,0,0,0,0,0,0,0,0,0,0,1,0,0,0,0,0,0,0,0,0,0,0,0,0,0,0,1,0,0,0,0,0,0,0,0,0,1,0,0,1,12.73670383776449,340000
1.779741360948829,0.09644111792455802,0.15786162531425812,1.1678668310881546,0,1,0,0,0,0,0,0,0,0,0,0,0,1,0,0,0,0,0,0,0,0,0,0,0,0,0,0,0,1,0,0,0,0,0,0,0,0,0,1,0,0,0,13.500801182986649,730000
0.1980287417180216,-1.946160087556246,-0.1362042338015191,-1.1427382348800126,1,0,0,0,0,0,0,0,0,0,0,0,0,0,0,1,0,0,0,0,0,0,0,0,0,0,0,0,0,1,0,0,0,0,0,0,0,0,1,0,0,1,0,11.849404844423074,140000
0.1980287417180216,0.09644111792455802,0.22745721197165872,1.1678668310881546,0,1,0,0,0,0,0,0,0,0,0,0,0,0,0,0,0,1,0,0,0,0,0,0,0,0,0,0,0,1,0,0,0,0,0,0,0,0,0,1,0,0,1,13.3374763699232,620000
0.1980287417180216,0.09644111792455802,-0.06268776902257481,0.012564298104070972,0,1,0,0,0,0,0,0,0,0,0,0,0,1,0,0,0,0,0,1,0,0,0,0,0,0,0,0,0,0,0,0,0,0,0,0,0,0,0,1,1,0,0,12.821260987319457,370000
0.1980287417180216,0.09644111792455802,0.07454296523145457,1.1678668310881546,0,1,0,0,0,0,0,0,0,0,0,0,0,1,0,0,0,0,0,0,0,0,1,0,0,0,0,0,0,0,0,0,0,0,0,0,0,0,0,1,0,1,0,13.617060838751888,820000
1.779741360948829,0.09644111792455802,0.1789363452175555,1.1678668310881546,0,1,0,0,0,0,0,0,0,0,0,0,0,1,0,0,0,0,0,0,0,0,1,0,0,0,0,0,0,0,0,0,0,0,0,0,0,0,0,1,1,0,0,13.39239204133378,655000
0.1980287417180216,0.09644111792455802,-0.1607097220611672,-1.1427382348800126,0,0,0,1,0,0,0,0,0,0,0,0,0,0,0,0,0,1,0,0,0,0,0,0,0,0,0,0,0,1,0,0,0,0,0,0,0,0,0,1,0,1,0,11.813037464800539,135000
0.1980287417180216,0.09644111792455802,-0.1607097220611672,-1.1427382348800126,0,0,0,1,0,0,0,0,0,0,0,0,0,0,0,0,0,1,0,0,0,0,0,0,0,0,0,0,0,1,0,0,0,0,0,0,0,0,0,1,0,1,0,11.884495917930655,145000
0.1980287417180216,0.09644111792455802,-0.15727895370481648,-1.1427382348800126,0,0,0,0,0,0,0,0,0,0,0,0,0,0,0,0,0,1,0,0,0,0,0,0,0,0,0,0,0,1,0,0,0,0,0,0,0,0,0,1,0,1,0,11.951186847493476,155000
-1.383683877512786,-1.946160087556246,-0.18521521032081534,0.012564298104070972,1,1,0,0,0,0,0,0,0,0,0,0,0,0,0,1,0,0,0,0,0,0,0,0,0,0,0,1,0,0,0,0,0,0,0,0,0,0,0,1,0,0,1,12.310437165348775,222000
0.1980287417180216,0.09644111792455802,-0.1607097220611672,-1.1427382348800126,1,0,0,0,0,0,0,0,0,0,0,0,0,0,0,0,0,1,0,0,0,1,0,0,0,0,0,0,0,0,0,0,0,0,0,0,0,0,0,1,1,0,0,11.951186847493476,155000
0.1980287417180216,0.09644111792455802,-0.04063282958889152,0.012564298104070972,1,0,0,0,0,0,0,0,0,0,0,0,0,0,0,0,0,1,0,0,0,0,0,0,0,0,0,0,0,0,0,0,0,0,1,0,0,0,0,1,0,1,0,12.421188057397055,248000
1.779741360948829,0.09644111792455802,0.2328484193887813,-1.1427382348800126,0,0,0,0,0,1,0,0,1,0,0,0,0,0,0,0,0,0,0,0,0,0,0,0,0,1,0,0,0,0,0,0,0,0,0,0,0,0,0,1,1,0,0,12.834683971615659,375000
0.1980287417180216,2.139042323405362,0.029452866833702056,1.1678668310881546,1,0,0,0,0,1,0,0,0,0,0,0,0,0,0,1,0,0,0,0,0,0,0,0,0,0,0,1,0,0,0,0,0,0,0,0,0,0,0,1,0,0,1,13.304686600863562,600000
0.1980287417180216,0.09644111792455802,-0.06268776902257481,0.012564298104070972,0,0,0,1,0,0,0,0,1,0,0,0,0,0,0,0,0,0,0,0,0,0,0,0,0,1,0,0,0,0,0,0,0,0,0,0,0,0,0,1,1,0,0,12.19602736016897,198000
0.1980287417180216,0.09644111792455802,-0.11169874554187102,0.012564298104070972,0,0,0,0,0,0,0,0,0,0,0,0,0,1,0,0,0,0,0,0,0,0,0,0,0,0,0,0,0,1,0,0,0,0,0,0,0,0,0,1,0,0,1,12.421188057397055,248000
0.1980287417180216,0.09644111792455802,-0.1362042338015191,0.012564298104070972,1,1,0,0,0,0,0,0,0,0,0,0,0,1,0,0,0,0,0,0,0,0,0,0,1,0,0,0,0,0,0,0,0,0,0,0,0,0,0,1,1,0,0,12.868763195921677,388000
0.1980287417180216,0.09644111792455802,0.0353341840160176,1.1678668310881546,0,1,0,0,0,0,0,0,0,0,0,0,0,1,0,0,0,0,0,0,0,0,1,0,0,0,0,0,0,0,0,0,0,0,0,0,0,0,0,1,0,1,0,12.896719202134523,399000
0.1980287417180216,0.09644111792455802,0.13335613705461002,1.1678668310881546,0,1,0,0,0,0,0,0,0,0,0,0,0,1,0,0,0,0,0,0,0,0,0,0,0,0,0,0,0,1,0,0,0,0,0,0,0,0,0,1,0,0,0,13.429849547739444,680000
0.1980287417180216,0.09644111792455802,0.22745721197165872,-1.1427382348800126,0,1,0,0,0,0,0,0,0,0,0,0,0,1,0,0,0,0,0,0,0,0,0,0,0,0,0,0,0,1,0,0,0,0,0,0,0,0,0,1,0,0,1,12.73670383776449,340000
1.779741360948829,0.09644111792455802,0.15786162531425812,1.1678668310881546,0,1,0,0,0,0,0,0,0,0,0,0,0,1,0,0,0,0,0,0,0,0,0,0,0,0,0,0,0,1,0,0,0,0,0,0,0,0,0,1,0,0,0,13.500801182986649,730000
0.1980287417180216,-1.946160087556246,-0.1362042338015191,-1.1427382348800126,1,0,0,0,0,0,0,0,0,0,0,0,0,0,0,1,0,0,0,0,0,0,0,0,0,0,0,0,0,1,0,0,0,0,0,0,0,0,1,0,0,1,0,11.849404844423074,140000
0.1980287417180216,0.09644111792455802,0.22745721197165872,1.1678668310881546,0,1,0,0,0,0,0,0,0,0,0,0,0,0,0,0,0,1,0,0,0,0,0,0,0,0,0,0,0,1,0,0,0,0,0,0,0,0,0,1,0,0,1,13.3374763699232,620000
0.1980287417180216,0.09644111792455802,-0.06268776902257481,0.012564298104070972,0,1,0,0,0,0,0,0,0,0,0,0,0,1,0,0,0,0,0,1,0,0,0,0,0,0,0,0,0,0,0,0,0,0,0,0,0,0,0,1,1,0,0,12.821260987319457,370000
0.1980287417180216,0.09644111792455802,-0.1362042338015191,-1.1427382348800126,0,0,0,0,0,0,0,0,0,0,0,0,0,0,0,0,0,1,0,0,0,0,0,0,0,0,0,0,0,1,0,0,0,0,0,0,0,0,0,1,1,0,0,11.350418300109132,85000
-1.383683877512786,0.09644111792455802,-0.12003061155015138,0.012564298104070972,1,1,0,0,0,0,0,0,0,0,0,0,0,0,0,0,0,1,0,0,0,0,0,0,0,0,0,0,0,0,0,0,0,0,0,0,1,0,0,0,0,0,0,12.468440756144114,260000
0.1980287417180216,0.09644111792455802,0.12502427104632965,1.1678668310881546,0,1,0,0,0,0,0,0,0,0,0,0,0,1,0,0,0,0,0,0,0,0,0,0,0,0,0,0,0,0,0,0,0,0,0,0,0,1,0,1,0,0,0,13.301347705172173,598000
0.1980287417180216,0.09644111792455802,-0.1362042338015191,0.012564298104070972,0,0,0,0,0,0,0,0,0,0,0,0,0,1,0,0,0,0,0,0,0,0,1,0,0,0,0,0,0,0,0,0,0,0,0,0,0,0,0,1,1,0,0,12.765691290604371,350000
0.1980287417180216,0.09644111792455802,-0.06268776902257481,1.1678668310881546,1,1,0,0,0,0,0,0,0,0,0,0,0,1,0,0,0,0,0,0,1,0,0,0,0,0,0,0,0,0,0,0,0,0,0,0,0,0,0,1,0,0,1,12.891694078557842,397000
0.1980287417180216,0.09644111792455802,-0.1362042338015191,1.1678668310881546,0,1,0,0,0,0,0,0,0,0,0,0,0,1,0,0,0,0,0,0,0,0,1,0,0,0,0,0,0,0,0,0,0,0,0,0,0,0,0,1,0,1,0,12.793862088206213,360000
0.1980287417180216,2.139042323405362,0.3039143353417608,1.1678668310881546,0,1,0,0,0,0,0,0,0,0,0,0,0,1,0,0,0,0,0,0,0,0,0,0,0,0,0,0,0,0,0,0,0,0,0,0,0,1,0,1,0,0,1,13.437175577097312,685000
0.1980287417180216,0.09644111792455802,-0.11169874554187102,0.012564298104070972,1,1,0,0,0,0,0,0,0,1,0,0,0,0,0,0,0,0,0,0,0,1,0,0,0,0,0,0,0,0,0,0,0,0,0,0,0,0,0,0,0,1,0,12.611541086966115,300000
0.1980287417180216,0.09644111792455802,0.03778473284198241,0.012564298104070972,0,1,0,0,0,0,0,0,0,0,0,0,0,1,0,0,0,0,0,0,0,0,0,0,0,0,0,0,0,0,0,0,0,0,0,0,0,1,0,1,0,0,0,12.948012371209098,420000
0.1980287417180216,0.09644111792455802,-0.05974711043141704,0.012564298104070972,0,1,0,0,0,0,0,0,0,0,0,0,0,0,0,0,0,1,0,0,0,0,0,0,0,0,0,0,0,1,0,0,0,0,0,0,0,0,0,1,0,1,0,12.345838935721968,230000
0.1980287417180216,-1.946160087556246,-0.13277346544516838,-1.1427382348800126,0,0,0,1,0,0,0,0,0,0,0,0,0,0,0,0,0,1,0,0,0,0,0,0,0,0,1,0,0,0,0,0,0,0,0,0,0,0,0,0,0,0,1,11.918397239722838,150000
0.1980287417180216,0.09644111792455802,-0.006325146025384174,-1.1427382348800126,1,1,0,0,0,0,0,0,0,0,0,0,0,0,0,0,0,1,0,0,0,1,0,0,0,0,0,0,0,0,0,0,0,0,0,0,0,0,0,1,0,0,1,12.449022745701502,255000
0.1980287417180216,0.09644111792455802,0.10885064879496191,0.012564298104070972,0,1,0,0,0,0,0,0,0,0,0,0,0,1,0,0,0,0,0,0,0,0,1,0,0,0,0,0,0,0,0,0,0,0,0,0,0,0,0,1,0,0,0,12.966880811009803,428000
0.1980287417180216,0.09644111792455802,0.14560888118443407,1.1678668310881546,0,1,0,0,0,0,0,0,0,0,0,0,0,1,0,0,0,0,0,0,0,0,0,0,0,0,0,0,0,0,0,0,0,0,0,0,0,1,0,1,0,0,0,13.304686600863562,600000
0.1980287417180216,0.09644111792455802,0.1696242596788892,-1.1427382348800126,0,0,0,0,0,0,0,0,1,0,0,0,0,0,0,0,0,0,0,0,0,0,0,0,0,0,0,0,0,1,0,0,0,0,0,0,0,0,0,1,0,1,0,12.556733038263905,284000
0.1980287417180216,0.09644111792455802,0.04807703791103461,-1.1427382348800126,0,1,0,0,0,0,0,0,0,0,0,0,0,1,0,0,0,0,0,0,0,0,0,0,0,0,0,0,0,0,0,0,0,0,0,0,0,1,0,1,0,1,0,13.161586013632684,520000
0.1980287417180216,0.09644111792455802,0.010828695756369498,1.1678668310881546,0,0,0,0,0,1,0,0,0,0,0,0,0,1,0,0,0,0,0,1,0,0,0,0,0,0,0,0,0,0,0,0,0,0,0,0,0,0,0,1,0,0,1,12.971542813248437,430000
0.1980287417180216,0.09644111792455802,-0.020538329215980075,1.1678668310881546,0,1,0,0,0,0,0,0,0,0,0,0,0,1,0,0,0,0,0,1,0,0,0,0,0,0,0,0,0,0,0,0,0,0,0,0,0,0,0,1,0,0,1,13.180634172318978,530000
0.1980287417180216,0.09644111792455802,-0.06268776902257481,0.012564298104070972,0,0,0,0,0,0,0,0,0,0,0,0,0,1,0,0,0,0,0,0,1,0,0,0,0,0,0,0,0,0,0,0,0,0,0,0,0,0,0,1,1,0,0,12.73670383776449,340000
0.1980287417180216,0.09644111792455802,0.0598396722756657,3.4784718970563215,0,1,0,0,0,0,0,0,0,0,0,0,0,1,0,0,0,0,0,0,0,0,0,0,0,0,0,0,0,0,0,0,0,0,0,0,0,1,0,1,1,0,0,13.3374763699232,620000
0.1980287417180216,0.09644111792455802,-0.06709875690931147,0.012564298104070972,0,0,0,0,0,0,0,0,0,1,0,0,0,0,0,0,0,0,0,0,0,0,0,0,0,0,0,0,0,1,0,0,0,0,0,0,0,0,0,1,1,0,0,12.676079399771027,320000
0.1980287417180216,0.09644111792455802,0.046116598850262765,0.012564298104070972,0,1,0,0,0,0,0,0,0,0,0,0,0,0,0,0,0,1,0,0,0,0,0,0,0,0,0,0,0,0,0,1,0,0,0,0,0,0,0,1,0,1,0,12.873904582205107,390000
0.1980287417180216,0.09644111792455802,-0.14600642910537837,0.012564298104070972,1,1,0,0,0,0,0,0,0,0,0,0,0,1,0,0,0,0,0,0,0,0,0,0,0,0,0,0,0,1,0,0,0,0,0,0,0,0,0,1,0,0,0,12.409017571151187,245000
0.1980287417180216,-1.946160087556246,-0.12640203849765988,0.012564298104070972,1,0,0,0,0,0,0,0,0,1,0,0,0,0,0,0,0,0,0,0,0,0,0,0,0,0,0,0,0,1,0,0,0,0,0,0,0,0,0,0,1,0,0,12.25486757159303,210000
0.1980287417180216,0.09644111792455802,-0.008775694851348985,0.012564298104070972,0,0,0,0,0,0,0,0,0,0,0,0,0,0,0,0,0,1,0,0,0,0,0,0,0,0,0,0,0,1,0,0,0,0,0,0,0,0,0,1,1,0,0,12.6410997921206,309000
0.1980287417180216,-1.946160087556246,-0.17835367360811386,-1.1427382348800126,0,0,0,1,0,0,0,0,0,0,0,0,0,1,0,0,0,0,0,1,0,0,0,0,0,0,0,0,0,0,0,0,0,0,0,0,0,0,0,1,1,0,0,11.775297421715827,130000
0.1980287417180216,0.09644111792455802,-0.11856028225457249,0.012564298104070972,0,0,0,0,0,0,0,0,0,0,0,0,0,0,0,0,0,1,0,0,0,0,0,0,0,0,0,0,0,0,0,0,0,0,0,0,1,0,0,1,0,0,1,12.429220196836383,250000
0.1980287417180216,0.09644111792455802,-0.1362042338015191,0.012564298104070972,0,0,0,0,0,0,0,0,0,0,0,0,0,1,0,0,0,0,0,0,0,0,0,0,1,0,0,0,0,0,0,0,0,0,0,0,0,0,0,1,0,1,0,12.81584093453868,368000
0.1980287417180216,0.09644111792455802,0.06621109922317421,1.1678668310881546,1,1,0,0,0,0,0,0,0,0,0,0,0,1,0,0,0,0,0,0,0,0,1,0,0,0,0,0,0,0,0,0,0,0,0,0,0,0,0,1,1,0,0,13.353476685668044,630000
0.1980287417180216,0.09644111792455802,0.05199791603257831,0.012564298104070972,1,1,0,0,0,0,0,0,0,0,0,0,0,1,0,0,0,0,0,0,1,0,0,0,0,0,0,0,0,0,0,0,0,0,0,0,0,0,0,1,0,1,0,13.321215875492413,610000
0.1980287417180216,0.09644111792455802,-0.1362042338015191,0.012564298104070972,0,0,0,0,0,0,0,0,0,0,0,0,0,1,0,0,0,0,0,0,0,0,0,1,0,0,0,0,0,0,0,0,0,0,0,0,0,0,0,1,0,0,0,12.971542813248437,430000
0.1980287417180216,2.139042323405362,0.12747481987229448,-1.1427382348800126,0,1,0,0,0,0,0,0,0,0,0,0,0,0,0,0,0,1,0,0,0,0,0,0,0,0,0,0,0,0,0,0,0,0,1,0,0,0,0,1,0,0,0,12.886643575525625,395000
-1.383683877512786,0.09644111792455802,-0.009755914381734909,-1.1427382348800126,0,0,0,0,0,1,0,0,1,0,0,0,0,0,0,0,0,0,0,0,0,0,0,0,0,1,0,0,0,0,0,0,0,0,0,0,0,0,0,1,0,0,1,13.038983942375959,460000
1.779741360948829,0.09644111792455802,0.30489455487214673,1.1678668310881546,0,1,0,0,0,0,0,0,0,0,0,0,0,1,0,0,0,0,0,1,0,0,0,0,0,0,0,0,0,0,0,0,0,0,0,0,0,0,0,1,0,0,0,13.180634172318978,530000
0.1980287417180216,0.09644111792455802,-0.07739106197836368,-1.1427382348800126,0,0,0,0,0,0,0,0,0,0,0,0,0,0,0,0,0,1,0,0,0,0,0,0,0,0,0,0,0,1,0,0,0,0,0,0,0,0,0,1,0,0,0,12.345838935721968,230000
0.1980287417180216,0.09644111792455802,0.13335613705461002,0.012564298104070972,0,1,0,0,0,0,0,0,0,0,0,0,0,1,0,0,0,0,0,0,0,0,0,0,0,0,0,0,0,1,0,0,0,0,0,0,0,0,0,1,0,0,0,13.366095129723817,638000
-1.383683877512786,-1.946160087556246,-0.18913608844235902,1.1678668310881546,1,0,0,1,0,0,0,0,0,0,0,0,0,0,0,0,0,1,0,0,0,0,0,0,0,0,0,0,0,0,0,0,0,0,0,0,1,0,0,1,1,0,0,12.04355959836804,170000
0.1980287417180216,0.09644111792455802,-0.050925134657943724,0.012564298104070972,1,1,0,0,0,0,0,0,0,1,0,0,0,0,0,0,0,0,0,0,0,0,0,0,0,0,0,0,0,0,0,0,0,1,0,0,0,0,0,0,1,0,0,12.777055016970678,354000
0.1980287417180216,0.09644111792455802,-0.06268776902257481,-1.1427382348800126,1,0,0,0,0,0,0,0,0,0,0,0,0,0,0,0,0,1,0,0,0,0,0,0,0,0,0,0,0,0,0,0,0,0,0,0,1,0,0,0,0,1,0,12.449022745701502,255000
0.1980287417180216,0.09644111792455802,-0.07003941550046924,-1.1427382348800126,1,0,0,0,0,0,0,0,0,0,0,0,0,0,0,0,0,1,0,0,0,0,0,0,0,0,0,0,0,0,0,0,0,0,0,0,1,0,0,0,0,1,0,12.25486757159303,210000
0.1980287417180216,-1.946160087556246,-0.1362042338015191,0.012564298104070972,0,0,0,1,0,0,0,0,0,0,0,0,0,1,0,0,0,0,0,1,0,0,0,0,0,0,0,0,0,0,0,0,0,0,0,0,0,0,0,1,0,0,1,11.775297421715827,130000
0.1980287417180216,0.09644111792455802,-0.09993611117723993,0.012564298104070972,1,0,0,0,0,1,0,0,0,1,0,0,0,0,0,0,0,0,0,0,0,1,0,0,0,0,0,0,0,0,0,0,0,0,0,0,0,0,0,1,0,0,1,13.180634172318978,530000
0.1980287417180216,0.09644111792455802,-0.1607097220611672,0.012564298104070972,0,0,0,1,0,0,0,0,1,0,0,0,0,0,0,0,0,0,0,0,0,0,0,0,0,0,0,0,0,1,0,0,0,0,0,0,0,0,0,0,1,0,0,11.884495917930655,145000
0.1980287417180216,0.09644111792455802,-0.08376248892587218,-1.1427382348800126,0,0,0,0,0,0,0,0,1,0,0,0,0,0,0,0,0,0,0,0,0,0,0,0,0,0,0,0,0,1,0,0,0,0,0,0,0,0,0,0,1,0,0,12.745488641595722,343000
0.1980287417180216,0.09644111792455802,0.0044572688088609915,-1.1427382348800126,0,0,0,0,0,0,0,0,0,0,0,0,0,0,0,0,0,1,0,0,0,0,0,0,0,0,1,0,0,0,0,0,0,0,0,0,0,0,0,1,0,0,0,12.34148164933907,229000
0.1980287417180216,0.09644111792455802,-0.11022841624629214,-1.1427382348800126,0,0,0,1,0,0,0,0,1,0,0,0,0,0,0,0,0,0,0,0,0,0,0,0,0,0,0,0,0,1,0,0,0,0,0,0,0,0,0,1,1,0,0,12.25486757159303,210000
0.1980287417180216,0.09644111792455802,-0.06268776902257481,0.012564298104070972,0,0,0,0,0,0,0,0,0,0,0,0,0,0,0,0,0,1,0,0,0,0,0,0,0,0,0,0,0,1,0,0,0,0,0,0,0,0,0,1,0,0,1,12.733168193349542,338800
0.1980287417180216,0.09644111792455802,-0.06268776902257481,0.012564298104070972,0,0,0,0,0,0,0,0,0,0,0,0,0,0,0,0,0,1,0,0,0,0,0,0,0,0,0,0,0,1,0,0,0,0,0,0,0,0,0,1,0,1,0,12.793862088206213,360000
0.1980287417180216,0.09644111792455802,0.04758692814584165,0.012564298104070972,1,1,0,0,0,0,0,0,0,0,0,0,0,0,0,1,0,0,0,0,0,0,0,0,0,0,0,1,0,0,0,0,0,0,0,0,0,0,0,0,0,0,1,12.971540487669746,429999
0.1980287417180216,0.09644111792455802,0.010828695756369498,0.012564298104070972,1,1,0,0,0,0,0,0,0,0,0,0,0,0,0,1,0,0,0,0,0,0,0,0,0,0,0,1,0,0,0,0,0,0,0,0,0,0,0,1,0,0,1,13.102160670086809,489999
-1.383683877512786,-1.946160087556246,-0.20972069858046344,-1.1427382348800126,0,0,0,0,0,0,0,0,0,0,0,0,0,1,0,0,0,0,0,1,0,0,0,0,0,0,0,0,0,0,0,0,0,0,0,0,0,0,0,1,0,0,1,11.970356641102999,158000
-2.9653964967435935,0.09644111792455802,0.04023528166794722,0.012564298104070972,0,1,0,0,0,0,0,0,0,0,0,0,0,1,0,0,0,0,0,0,0,0,0,0,0,0,0,0,0,1,0,0,0,0,0,0,0,0,0,1,0,1,0,13.081543466215237,480000
0.1980287417180216,0.09644111792455802,-0.05925700066622407,-1.1427382348800126,0,0,0,0,0,1,0,0,0,0,0,0,0,0,0,0,0,1,0,0,0,0,0,0,0,0,0,0,0,1,0,0,0,0,0,0,0,0,0,1,1,0,0,12.660331092405906,315000
-2.9653964967435935,-1.946160087556246,-0.2048196009285338,-1.1427382348800126,0,0,0,0,0,1,0,0,0,1,0,0,0,0,0,0,0,0,0,0,0,0,0,0,0,0,0,0,0,1,0,0,0,0,0,0,0,0,0,1,1,0,0,12.868763195921677,388000
0.1980287417180216,0.09644111792455802,-0.11169874554187102,0.012564298104070972,0,0,0,0,0,0,0,0,0,0,0,0,0,1,0,0,0,0,0,0,1,0,0,0,0,0,0,0,0,0,0,0,0,0,0,0,0,0,0,1,0,1,0,12.73670383776449,340000
0.1980287417180216,0.09644111792455802,-0.11169874554187102,0.012564298104070972,0,0,0,0,0,0,0,0,0,0,0,0,0,1,0,0,0,0,0,0,1,0,0,0,0,0,0,0,0,0,0,0,0,0,0,0,0,0,0,1,0,1,0,12.73670383776449,340000
0.1980287417180216,0.09644111792455802,-0.11169874554187102,0.012564298104070972,0,0,0,0,0,0,0,0,0,0,0,0,0,1,0,0,0,0,0,0,0,0,0,1,0,0,0,0,0,0,0,0,0,0,0,0,0,0,0,1,0,0,1,12.644330802262578,310000
0.1980287417180216,-1.946160087556246,-0.1362042338015191,-1.1427382348800126,0,0,0,0,0,0,0,0,0,0,0,0,0,0,0,0,0,1,0,0,0,0,0,0,0,0,0,0,0,1,0,0,0,0,0,0,0,0,0,1,0,1,0,11.918397239722838,150000
-1.383683877512786,0.09644111792455802,-0.098955891646854,1.1678668310881546,0,1,0,0,0,0,0,0,0,0,0,0,0,1,0,0,0,0,0,0,0,0,0,0,0,0,0,0,0,0,0,0,0,0,0,0,0,1,0,1,0,0,0,12.989976472461,438000
0.1980287417180216,0.09644111792455802,-0.11169874554187102,1.1678668310881546,0,1,0,0,0,0,0,0,0,0,0,0,0,1,0,0,0,0,0,0,0,0,1,0,0,0,0,0,0,0,0,0,0,0,0,0,0,0,0,1,0,0,1,12.807655372286902,365000
-2.9653964967435935,-1.946160087556246,-0.18913608844235902,0.012564298104070972,0,1,0,0,0,0,0,0,0,0,0,0,1,0,0,0,0,0,0,0,0,0,0,0,0,0,0,0,0,1,0,0,0,0,0,0,0,0,0,1,0,0,1,12.971542813248437,430000
0.1980287417180216,0.09644111792455802,0.07454296523145457,1.1678668310881546,0,1,0,0,0,0,0,0,0,0,0,0,0,1,0,0,0,0,0,0,0,0,0,0,0,0,0,0,0,1,0,0,0,0,0,0,0,0,0,1,0,0,0,13.038983942375959,460000
-1.383683877512786,0.09644111792455802,-0.06170754949218889,1.1678668310881546,0,0,0,0,0,1,0,0,0,1,0,0,0,0,0,0,0,0,0,0,0,0,0,0,0,0,0,0,0,1,0,0,0,0,0,0,0,0,0,1,0,1,0,13.399996629152975,660000
0.1980287417180216,0.09644111792455802,0.04268583049391203,1.1678668310881546,0,0,0,0,0,1,0,0,0,0,0,0,0,0,0,0,0,1,0,0,0,0,0,0,0,0,0,0,0,0,0,0,0,0,1,0,0,0,0,1,0,0,1,12.884108726347916,394000
0.1980287417180216,-1.946160087556246,-0.18521521032081534,0.012564298104070972,1,0,0,1,0,0,0,0,0,0,0,0,0,0,0,0,0,1,0,0,0,0,0,0,0,0,0,0,0,1,0,0,0,0,0,0,0,0,0,1,0,0,1,11.951186847493476,155000
0.1980287417180216,0.09644111792455802,-0.1607097220611672,0.012564298104070972,1,0,0,0,0,0,0,0,0,0,0,0,0,0,0,0,0,1,0,0,0,0,0,0,0,0,0,0,0,0,0,1,0,0,0,0,0,0,0,1,1,0,0,11.759793355371237,128000
0.1980287417180216,0.09644111792455802,-0.12640203849765988,0.012564298104070972,1,1,0,0,0,0,0,0,0,0,0,0,0,0,0,0,0,1,0,0,0,0,0,0,0,0,0,0,0,0,0,1,0,0,0,0,0,0,0,1,0,0,1,12.278397958261774,215000
0.1980287417180216,-1.946160087556246,-0.21462179623239305,0.012564298104070972,1,0,0,0,0,0,0,0,0,0,0,0,0,0,0,0,0,1,0,0,0,0,0,0,0,0,0,0,0,0,0,1,0,0,0,0,0,0,0,1,0,0,1,11.884495917930655,145000
1.779741360948829,0.09644111792455802,0.17305502803523995,-1.1427382348800126,0,1,0,0,0,0,0,0,0,1,0,0,0,0,0,0,0,0,0,0,0,0,0,0,0,0,0,0,0,0,0,0,0,0,0,1,0,0,0,1,0,0,0,12.847929163278053,380000
0.1980287417180216,0.09644111792455802,-0.08719325728222291,-1.1427382348800126,1,0,0,0,0,0,0,0,0,1,0,0,0,0,0,0,0,0,1,0,0,0,0,0,0,0,0,0,0,0,0,0,0,0,0,0,0,0,0,0,0,0,0,12.468440756144114,260000
0.1980287417180216,0.09644111792455802,-0.1362042338015191,1.1678668310881546,0,0,0,0,0,0,0,0,0,0,0,0,0,1,0,0,0,0,0,0,0,0,0,1,0,0,0,0,0,0,0,0,0,0,0,0,0,0,0,1,0,0,0,12.779875885354993,355000
0.1980287417180216,0.09644111792455802,0.0598396722756657,3.4784718970563215,0,1,0,0,0,0,0,0,0,0,0,0,0,1,0,0,0,0,0,0,0,0,0,0,0,0,0,0,0,0,0,0,0,0,0,0,0,1,0,1,1,0,0,13.353476685668044,630000
0.1980287417180216,0.09644111792455802,-0.11169874554187102,0.012564298104070972,0,0,0,0,0,0,0,0,0,0,0,0,0,1,0,0,0,0,0,1,0,0,0,0,0,0,0,0,0,0,0,0,0,0,0,0,0,0,0,1,1,0,0,12.706850963741102,330000
0.1980287417180216,0.09644111792455802,0.15786162531425812,1.1678668310881546,0,1,0,0,0,0,0,0,0,0,0,0,0,1,0,0,0,0,0,0,1,0,0,0,0,0,0,0,0,0,0,0,0,0,0,0,0,0,0,1,0,0,0,13.176853456625999,528000
0.1980287417180216,0.09644111792455802,-0.1362042338015191,0.012564298104070972,0,0,0,0,0,0,0,0,0,0,0,0,0,1,0,0,0,0,0,0,0,0,0,0,0,0,0,0,0,1,0,0,0,0,0,0,0,0,0,1,0,0,1,12.765691290604371,350000
0.1980287417180216,0.09644111792455802,-0.06268776902257481,0.012564298104070972,0,0,0,0,0,0,0,0,0,0,0,0,0,1,0,0,0,0,0,0,0,0,0,0,1,0,0,0,0,0,0,0,0,0,0,0,0,0,0,1,0,0,1,12.971542813248437,430000
0.1980287417180216,0.09644111792455802,-0.14600642910537837,0.012564298104070972,0,0,0,0,0,0,0,0,0,0,0,0,0,1,0,0,0,0,0,0,0,0,1,0,0,0,0,0,0,0,0,0,0,0,0,0,0,0,0,1,1,0,0,12.75130259456002,345000
0.1980287417180216,0.09644111792455802,-0.1362042338015191,0.012564298104070972,0,1,0,0,0,0,0,0,0,0,0,0,0,1,0,0,0,0,0,0,0,0,0,0,0,0,0,0,0,1,0,0,0,0,0,0,0,0,0,1,0,0,1,12.676079399771027,320000
-1.383683877512786,0.09644111792455802,-0.098955891646854,1.1678668310881546,0,1,0,0,0,0,0,0,0,0,0,0,0,1,0,0,0,0,0,0,0,0,0,0,0,0,0,0,0,0,0,0,0,0,0,0,0,1,0,1,1,0,0,13.017005083966255,450000
1.779741360948829,2.139042323405362,0.2558835783528505,0.012564298104070972,0,1,0,0,0,0,0,0,0,0,0,0,0,1,0,0,0,0,0,0,0,0,1,0,0,0,0,0,0,0,0,0,0,0,0,0,0,0,0,1,0,1,0,13.567050480716235,780000
0.1980287417180216,0.09644111792455802,0.10885064879496191,1.1678668310881546,0,1,0,0,0,0,0,0,0,0,0,0,0,1,0,0,0,0,0,0,0,0,0,0,0,0,0,0,0,0,0,0,0,0,0,0,0,1,0,1,0,0,0,13.217675375388819,550000
0.1980287417180216,0.09644111792455802,0.03778473284198241,1.1678668310881546,0,0,0,0,0,0,0,0,0,0,0,0,0,0,0,0,0,1,0,0,0,0,0,0,0,0,1,0,0,0,0,0,0,0,0,0,0,0,0,1,1,0,0,12.54254845357358,280000
1.779741360948829,0.09644111792455802,0.010828695756369498,-1.1427382348800126,0,0,0,0,0,0,0,0,0,0,0,0,0,1,0,0,0,0,0,1,0,0,0,0,0,0,0,0,0,0,0,0,0,0,0,0,0,0,0,1,1,0,0,12.793862088206213,360000
4.943166599410444,10.309447145328578,1.56790741977441,2.323169364072238,0,1,0,0,0,0,0,0,0,0,0,0,0,0,0,0,0,1,0,0,0,1,0,0,0,0,0,0,0,0,0,0,0,0,0,0,0,0,0,1,0,0,0,13.527829818844937,750000
0.1980287417180216,0.09644111792455802,-0.04161304911927744,-1.1427382348800126,1,1,0,0,0,0,0,0,0,0,0,0,0,1,0,0,0,0,0,0,0,0,0,0,0,0,0,0,0,1,0,0,0,0,0,0,0,0,0,1,0,0,1,12.748399843328054,344000
0.1980287417180216,0.09644111792455802,-0.1362042338015191,0.012564298104070972,1,0,0,0,0,0,0,0,0,0,0,0,0,1,0,0,0,0,0,1,0,0,0,0,0,0,0,0,0,0,0,0,0,0,0,0,0,0,0,1,0,0,1,12.506180941677357,270000
0.1980287417180216,0.09644111792455802,-0.030830634285032278,0.012564298104070972,0,1,0,0,0,0,0,0,0,0,0,0,0,0,0,0,0,1,0,0,0,0,0,0,0,0,0,0,0,1,0,0,0,0,0,0,0,0,0,1,0,1,0,12.948012371209098,420000
0.1980287417180216,0.09644111792455802,-0.1362042338015191,0.012564298104070972,0,0,0,0,0,0,0,0,0,0,0,0,0,1,0,0,0,0,0,1,0,0,0,0,0,0,0,0,0,0,0,0,0,0,0,0,0,0,0,1,0,0,1,12.847929163278053,380000
0.1980287417180216,0.09644111792455802,-0.0783712815087496,0.012564298104070972,0,0,0,0,0,0,0,0,0,0,0,0,0,0,0,0,0,1,0,0,0,1,0,0,0,0,0,0,0,0,0,0,0,0,0,0,0,0,0,0,1,0,0,12.345838935721968,230000
0.1980287417180216,0.09644111792455802,-0.020538329215980075,0.012564298104070972,0,1,0,0,0,0,0,0,0,0,0,0,0,0,0,0,0,1,0,0,0,1,0,0,0,0,0,0,0,0,0,0,0,0,0,0,0,0,0,0,0,1,0,12.449022745701502,255000
0.1980287417180216,0.09644111792455802,-0.06758886667450444,0.012564298104070972,0,0,0,0,0,0,0,0,0,0,0,0,0,0,0,0,0,1,1,0,0,0,0,0,0,0,0,0,0,0,0,0,0,0,0,0,0,0,0,0,1,0,0,12.206077645517674,200000
0.1980287417180216,0.09644111792455802,-0.08719325728222291,1.1678668310881546,0,0,0,0,0,0,0,0,0,0,0,0,0,1,0,0,0,0,0,0,1,0,0,0,0,0,0,0,0,0,0,0,0,0,0,0,0,0,0,1,0,0,0,12.861001210669146,385000
0.1980287417180216,0.09644111792455802,0.002006719982896181,0.012564298104070972,0,1,0,0,0,0,0,0,0,1,0,0,0,0,0,0,0,0,0,0,0,0,0,0,0,0,0,0,0,1,0,0,0,0,0,0,0,0,0,1,0,0,0,12.873904582205107,390000
0.1980287417180216,0.09644111792455802,0.008378146930404687,0.012564298104070972,0,0,0,0,0,0,0,0,0,1,0,0,0,0,0,0,0,0,0,0,0,0,0,0,0,0,0,0,0,1,0,0,0,0,0,0,0,0,0,1,0,0,0,12.788291058675025,358000
-1.383683877512786,0.09644111792455802,0.010828695756369498,0.012564298104070972,1,1,0,0,0,0,0,0,0,1,0,0,0,0,0,0,0,0,0,0,0,0,0,0,0,0,0,0,0,1,0,0,0,0,0,0,0,0,0,1,0,0,1,12.873904582205107,390000
-1.383683877512786,0.09644111792455802,0.10443966090822525,-1.1427382348800126,1,0,0,0,0,0,0,0,1,0,0,0,0,0,0,0,0,0,0,0,0,0,0,0,0,1,0,0,0,0,0,0,0,0,0,0,0,0,0,1,0,0,1,12.948012371209098,420000
-1.383683877512786,-1.946160087556246,-0.23422618684011154,0.012564298104070972,0,0,0,0,0,0,0,0,0,0,0,0,0,1,0,0,0,0,0,0,0,0,0,0,1,0,0,0,0,0,0,0,0,0,0,0,0,0,0,1,0,0,0,12.128116509451258,185000
-2.9653964967435935,-1.946160087556246,-0.16806136853906165,0.012564298104070972,0,1,0,0,0,0,0,0,0,1,0,0,0,0,0,0,0,0,0,0,0,0,0,0,0,0,0,0,0,1,0,0,0,0,0,0,0,0,0,1,0,1,0,13.429849547739444,680000
-2.9653964967435935,-1.946160087556246,-0.23422618684011154,-1.1427382348800126,0,0,0,0,0,1,0,0,0,0,0,0,0,0,0,0,0,0,0,0,0,0,0,0,0,0,0,0,0,0,0,0,0,0,0,0,0,0,0,1,0,0,1,12.971542813248437,430000
0.1980287417180216,2.139042323405362,0.07160230664029679,1.1678668310881546,0,0,0,0,0,1,0,0,0,0,0,0,0,0,0,0,0,1,0,0,0,0,0,0,0,0,0,0,0,0,0,0,0,0,0,0,1,0,0,1,1,0,0,13.122365377402328,500000
-2.9653964967435935,-1.946160087556246,-0.24990969932628632,0.012564298104070972,0,1,0,0,0,0,0,0,0,0,0,0,0,0,0,0,0,0,0,0,0,0,0,0,0,0,0,0,0,0,0,0,0,0,0,0,0,0,0,1,0,0,0,13.217675375388819,550000
1.779741360948829,2.139042323405362,0.32694949430583004,1.1678668310881546,0,1,0,0,0,0,0,0,0,0,0,0,0,0,0,0,0,0,0,0,0,0,0,0,0,0,0,0,0,0,0,0,0,0,0,0,0,0,0,1,0,0,0,13.132315688453556,505000
0.1980287417180216,0.09644111792455802,-0.03622184170215486,0.012564298104070972,0,0,0,0,0,0,0,0,0,0,0,0,0,0,0,0,0,0,0,0,0,0,0,0,0,0,0,0,0,0,0,0,0,0,0,0,0,0,0,1,0,0,0,12.611541086966115,300000
0.1980287417180216,0.09644111792455802,0.08042428241377012,0.012564298104070972,0,1,0,0,0,0,0,0,0,0,0,0,0,0,0,0,0,0,0,0,0,0,0,0,0,0,0,0,0,0,0,0,0,0,0,0,0,0,0,1,0,0,0,12.765691290604371,350000
-1.383683877512786,0.09644111792455802,-0.03622184170215486,0.012564298104070972,0,0,0,0,0,1,0,0,0,0,0,0,0,0,0,0,0,0,0,0,0,0,0,0,0,0,0,0,0,0,0,0,0,0,0,0,0,0,0,1,0,1,0,13.377007146164305,645000
0.1980287417180216,0.09644111792455802,0.10885064879496191,-1.1427382348800126,0,1,0,0,0,0,0,0,0,0,0,0,0,0,0,0,0,0,0,0,0,0,0,0,0,0,0,0,0,0,0,0,0,0,0,0,0,0,0,1,1,0,0,13.25339339419516,570000
0.1980287417180216,0.09644111792455802,0.26519566389151683,0.012564298104070972,0,1,0,0,0,0,0,0,0,0,0,0,0,0,0,0,0,0,0,0,0,0,0,0,0,0,0,0,0,0,0,0,0,0,0,0,0,0,0,1,0,0,0,13.3374763699232,620000
0.1980287417180216,0.09644111792455802,6.627310525861357,0.012564298104070972,0,0,0,0,0,0,0,0,0,0,0,0,0,1,0,0,0,0,0,0,0,0,1,0,0,0,0,0,0,0,0,0,0,0,0,0,0,0,0,1,0,0,0,13.345508528717259,625000
0.1980287417180216,0.09644111792455802,-0.030340524519839315,0.012564298104070972,0,1,0,0,0,0,0,0,0,0,0,0,0,0,0,0,0,0,0,0,0,0,0,0,0,0,0,0,0,0,0,0,0,0,0,0,0,0,0,1,0,0,0,12.899222326086994,400000
0.1980287417180216,0.09644111792455802,0.11571218550766338,-1.1427382348800126,0,0,0,0,0,1,0,0,1,0,0,0,0,0,0,0,0,0,0,0,0,0,0,0,0,1,0,0,0,0,0,0,0,0,0,0,0,0,0,1,0,0,1,13.161586013632684,520000
0.1980287417180216,0.09644111792455802,-0.09160424516895957,0.012564298104070972,0,0,0,0,0,0,0,0,0,0,0,0,0,0,0,0,0,1,0,0,0,0,0,0,0,0,1,0,0,0,0,0,0,0,0,0,0,0,0,1,0,0,0,12.301387370778713,220000
0.1980287417180216,0.09644111792455802,-0.06268776902257481,-1.1427382348800126,0,0,0,0,0,0,0,0,0,0,0,0,0,1,0,0,0,0,0,0,0,0,0,0,0,0,0,0,0,1,0,0,0,0,0,0,0,0,0,1,0,0,0,12.948012371209098,420000
0.1980287417180216,0.09644111792455802,0.0598396722756657,1.1678668310881546,1,1,0,0,0,0,0,0,0,0,0,0,0,1,0,0,0,0,0,0,0,0,0,1,0,0,0,0,0,0,0,0,0,0,0,0,0,0,0,1,1,0,0,13.45883704259595,700000
4.943166599410444,4.181643528886166,0.5229934003830149,1.1678668310881546,1,1,0,0,0,0,0,0,1,0,0,0,0,0,0,0,0,0,0,0,0,0,0,0,0,0,0,0,0,1,0,0,0,0,0,0,0,0,0,1,1,0,0,13.081543466215237,480000
-1.383683877512786,2.139042323405362,-0.011226243677313794,-1.1427382348800126,0,0,0,0,0,0,0,0,0,0,0,0,0,0,0,0,0,1,0,0,0,0,0,0,0,0,0,0,0,1,0,0,0,0,0,0,0,0,0,0,0,1,0,12.577639650232573,290000
-1.383683877512786,0.09644111792455802,-0.0783712815087496,2.323169364072238,0,1,0,0,0,0,0,0,0,0,0,0,0,0,0,0,1,0,0,0,0,0,0,0,0,0,0,0,1,0,0,0,0,0,0,0,0,0,0,1,1,0,0,13.161586013632684,520000
-1.383683877512786,-1.946160087556246,-0.18521521032081534,0.012564298104070972,1,0,0,0,0,0,0,0,0,0,0,0,0,1,0,0,0,0,0,0,0,0,0,0,1,0,0,0,0,0,0,0,0,0,0,0,0,0,0,1,0,1,0,12.301387370778713,220000
0.1980287417180216,-1.946160087556246,-0.1607097220611672,0.012564298104070972,1,0,0,0,0,0,0,0,0,0,0,0,0,0,0,0,0,1,0,0,0,0,0,0,0,0,0,0,0,0,1,0,0,0,0,0,0,0,0,1,0,1,0,12.04355959836804,170000
-2.9653964967435935,-1.946160087556246,-0.25873167509975964,-1.1427382348800126,0,1,0,0,0,0,0,0,0,1,0,0,0,0,0,0,0,0,0,0,0,0,0,0,0,0,0,0,0,1,0,0,0,0,0,0,0,0,0,1,0,0,0,12.971542813248437,430000
0.1980287417180216,0.09644111792455802,-0.04651414677120706,0.012564298104070972,1,0,0,0,0,0,0,0,0,0,0,0,0,0,0,0,0,1,0,0,0,0,0,0,0,0,0,0,0,0,0,0,0,0,0,0,1,0,0,1,0,0,0,12.560247968016562,285000
0.1980287417180216,0.09644111792455802,-0.016617451094436377,-1.1427382348800126,0,0,0,0,0,0,0,0,0,0,0,0,0,0,0,0,0,1,0,0,0,0,0,0,0,0,0,0,0,0,1,0,0,0,0,0,0,0,0,1,0,0,0,12.611541086966115,300000
0.1980287417180216,0.09644111792455802,0.13335613705461002,-1.1427382348800126,0,1,0,0,0,0,0,0,0,0,0,0,0,0,0,0,0,1,0,0,0,0,0,0,0,0,1,0,0,0,0,0,0,0,0,0,0,0,0,1,0,0,0,12.700771936142122,328000
0.1980287417180216,0.09644111792455802,0.11963306362920707,0.012564298104070972,0,1,0,0,0,0,0,0,0,1,0,0,0,0,0,0,0,0,0,0,0,0,0,0,0,0,0,0,0,1,0,0,0,0,0,0,0,0,0,1,0,0,0,12.81584093453868,368000
0.1980287417180216,0.09644111792455802,-0.07101963503085516,0.012564298104070972,1,0,0,0,0,0,0,0,0,0,0,0,0,0,0,0,0,1,1,0,0,0,0,0,0,0,0,0,0,0,0,0,0,0,0,0,0,0,0,0,1,0,0,12.577639650232573,290000
1.779741360948829,0.09644111792455802,0.1750154670960118,0.012564298104070972,0,1,0,0,0,0,0,0,0,1,0,0,0,0,0,0,0,0,0,0,0,0,0,0,0,0,0,0,0,0,0,0,0,0,0,1,0,0,0,1,0,0,1,12.886643575525625,395000
0.1980287417180216,0.09644111792455802,-0.11169874554187102,0.012564298104070972,0,0,0,0,0,0,0,0,0,0,0,0,0,1,0,0,0,0,0,1,0,0,0,0,0,0,0,0,0,0,0,0,0,0,0,0,0,0,0,1,1,0,0,12.706850963741102,330000
0.1980287417180216,0.09644111792455802,0.13531657611538186,1.1678668310881546,0,1,0,0,0,0,0,0,0,0,0,0,0,1,0,0,0,0,0,0,0,0,0,0,1,0,0,0,0,0,0,0,0,0,0,0,0,0,0,1,1,0,0,13.541075028051122,760000
0.1980287417180216,0.09644111792455802,0.13531657611538186,1.1678668310881546,0,1,0,0,0,0,0,0,0,0,0,0,0,1,0,0,0,0,0,0,0,0,0,0,1,0,0,0,0,0,0,0,0,0,0,0,0,0,0,1,0,0,1,13.623139877437296,825000
0.1980287417180216,0.09644111792455802,0.010828695756369498,1.1678668310881546,0,0,0,0,0,1,0,0,0,0,0,0,0,1,0,0,0,0,0,1,0,0,0,0,0,0,0,0,0,0,0,0,0,0,0,0,0,0,0,1,1,0,0,12.923914877701906,410000
-2.9653964967435935,-1.946160087556246,-0.18913608844235902,0.012564298104070972,0,1,0,0,0,0,0,0,0,0,0,0,1,0,0,0,0,0,0,0,0,0,0,0,0,0,0,0,0,1,0,0,0,0,0,0,0,0,0,1,0,0,1,12.971542813248437,430000
0.1980287417180216,0.09644111792455802,-0.0925844646993455,0.012564298104070972,0,0,0,0,0,0,0,0,0,0,0,0,0,0,0,0,0,1,0,0,0,0,0,0,0,0,0,0,0,1,0,0,0,0,0,0,0,0,0,1,0,1,0,11.982935344196433,160000
0.1980287417180216,0.09644111792455802,0.13776712494134666,0.012564298104070972,0,0,0,0,0,0,0,0,0,0,0,0,0,0,0,0,0,1,0,0,0,0,0,0,0,0,1,0,0,0,0,0,0,0,0,0,0,0,0,0,1,0,0,12.959846800844963,425000
1.779741360948829,2.139042323405362,0.18579788193025695,1.1678668310881546,1,1,0,0,0,0,0,0,0,0,0,0,0,0,0,0,0,1,1,0,0,0,0,0,0,0,0,0,0,0,0,0,0,0,0,0,0,0,0,0,0,0,0,13.28787951079572,590000
0.1980287417180216,0.09644111792455802,-0.1067976478899414,-1.1427382348800126,1,0,0,0,0,0,0,0,0,0,0,0,0,0,0,0,0,1,0,0,0,0,0,0,0,0,0,0,0,1,0,0,0,0,0,0,0,0,0,0,0,1,0,12.170450649220749,193000
3.3614539801796366,4.181643528886166,0.6445406221508695,1.1678668310881546,0,1,0,0,0,0,0,0,0,0,0,0,0,0,0,0,0,1,0,0,0,0,0,0,0,0,0,0,0,0,0,1,0,0,0,0,0,0,0,1,1,0,0,13.212205909556012,547000
-2.9653964967435935,-1.946160087556246,-0.2141316864672001,0.012564298104070972,0,0,0,0,0,1,0,0,0,0,0,0,1,0,0,0,0,0,0,0,0,0,0,0,0,0,0,0,0,1,0,0,0,0,0,0,0,0,0,1,0,0,0,12.899222326086994,400000
0.1980287417180216,0.09644111792455802,0.01621990317349208,-1.1427382348800126,0,0,0,0,0,0,0,0,0,0,0,0,0,0,0,0,0,1,0,0,0,0,0,0,0,0,1,0,0,0,0,0,0,0,0,0,0,0,0,1,0,1,0,12.644330802262578,310000
0.1980287417180216,0.09644111792455802,-0.1362042338015191,0.012564298104070972,0,0,0,0,0,0,0,0,0,0,0,0,0,1,0,0,0,0,0,0,0,0,0,0,1,0,0,0,0,0,0,0,0,0,0,0,0,0,0,1,1,0,0,12.524530013005734,275000
-1.383683877512786,0.09644111792455802,-0.1362042338015191,-1.1427382348800126,1,0,0,0,0,0,0,0,0,0,0,0,0,1,0,0,0,0,0,1,0,0,0,0,0,0,0,0,0,0,0,0,0,0,0,0,0,0,0,1,0,1,0,12.449022745701502,255000
0.1980287417180216,0.09644111792455802,-0.08719325728222291,1.1678668310881546,1,0,0,0,0,0,0,0,0,0,0,0,0,1,0,0,0,0,0,0,0,0,0,1,0,0,0,0,0,0,0,0,0,0,0,0,0,0,0,1,1,0,0,12.847929163278053,380000
0.1980287417180216,0.09644111792455802,-0.1362042338015191,0.012564298104070972,0,1,0,0,0,0,0,0,0,0,0,0,0,1,0,0,0,0,0,0,0,0,1,0,0,0,0,0,0,0,0,0,0,0,0,0,0,0,0,1,0,1,0,12.59473402514672,295000
0.1980287417180216,0.09644111792455802,-0.03818228076292671,0.012564298104070972,0,1,0,0,0,0,0,0,0,0,0,0,0,1,0,0,0,0,0,0,0,0,1,0,0,0,0,0,0,0,0,0,0,0,0,0,0,0,0,1,1,0,0,13.122365377402328,500000
0.1980287417180216,0.09644111792455802,-0.06268776902257481,0.012564298104070972,0,1,0,0,0,0,0,0,0,0,0,0,0,1,0,0,0,0,0,0,0,0,0,1,0,0,0,0,0,0,0,0,0,0,0,0,0,0,0,1,0,1,0,12.793862088206213,360000
-1.383683877512786,-1.946160087556246,-0.20972069858046344,0.012564298104070972,1,0,0,1,0,0,0,0,1,0,0,0,0,0,0,0,0,0,0,0,0,0,0,0,0,1,0,0,0,0,0,0,0,0,0,0,0,0,0,1,0,1,0,11.976665770490767,159000
0.1980287417180216,0.09644111792455802,-0.10189655023801178,0.012564298104070972,1,0,0,0,0,0,0,0,1,0,0,0,0,0,0,0,0,0,0,0,0,0,0,0,0,0,0,0,0,1,0,0,0,0,0,0,0,0,0,0,0,0,1,11.982935344196433,160000
0.1980287417180216,0.09644111792455802,-0.06268776902257481,0.012564298104070972,0,0,0,0,0,0,0,0,0,0,0,0,0,0,0,0,0,1,0,0,0,0,0,0,0,0,0,0,0,0,0,0,0,0,0,0,1,0,0,1,0,0,0,12.59473402514672,295000
0.1980287417180216,0.09644111792455802,-0.044553707710435216,1.1678668310881546,0,1,0,0,0,0,0,0,0,0,0,0,0,1,0,0,0,0,0,1,0,0,0,0,0,0,0,0,0,0,0,0,0,0,0,0,0,0,0,1,0,1,0,13.081543466215237,480000
1.779741360948829,0.09644111792455802,0.03778473284198241,1.1678668310881546,1,0,0,0,0,0,0,0,0,1,0,0,0,0,0,0,0,0,0,0,0,0,0,0,0,0,0,0,0,1,0,0,0,0,0,0,0,0,0,1,1,0,0,12.959846800844963,425000
0.1980287417180216,0.09644111792455802,-0.013676792503278605,-1.1427382348800126,1,0,0,0,0,0,0,0,1,0,0,0,0,0,0,0,0,0,0,0,0,0,0,0,0,0,0,0,0,1,0,0,0,0,0,0,0,0,0,1,1,0,0,12.570719231334277,288000
0.1980287417180216,0.09644111792455802,0.04268583049391203,-1.1427382348800126,0,1,0,0,0,0,0,0,0,0,0,0,0,0,0,0,0,1,0,0,0,0,0,0,0,0,0,0,0,1,0,0,0,0,0,0,0,0,0,1,0,0,0,12.948012371209098,420000
1.779741360948829,0.09644111792455802,0.0353341840160176,0.012564298104070972,1,1,0,0,0,0,0,0,0,1,0,0,0,0,0,0,0,0,0,0,0,0,0,0,0,0,0,0,0,1,0,0,0,0,0,0,0,0,0,1,0,0,0,12.873904582205107,390000
0.1980287417180216,0.09644111792455802,-0.08719325728222291,-1.1427382348800126,1,0,0,0,0,0,0,0,0,1,0,0,0,0,0,0,0,0,0,0,0,0,0,0,0,0,0,0,0,1,0,0,0,0,0,0,0,0,0,0,0,0,0,12.388398368982115,240000
0.1980287417180216,0.09644111792455802,0.08532538006569973,-1.1427382348800126,1,1,0,0,0,0,0,0,0,1,0,0,0,0,0,0,0,0,0,0,0,0,0,0,0,0,0,0,0,1,0,0,0,0,0,0,0,0,0,1,0,0,0,13.112315061750808,495000
0.1980287417180216,0.09644111792455802,-0.030830634285032278,0.012564298104070972,1,0,0,0,0,0,0,0,0,0,0,0,0,0,0,0,0,1,1,0,0,0,0,0,0,0,0,0,0,0,0,0,0,0,0,0,0,0,0,0,1,0,0,12.560247968016562,285000
0.1980287417180216,0.09644111792455802,-0.06268776902257481,0.012564298104070972,1,0,0,0,0,0,0,0,0,0,0,0,0,1,0,0,0,0,0,0,0,0,0,1,0,0,0,0,0,0,0,0,0,0,0,0,0,0,0,1,1,0,0,12.779875885354993,355000
0.1980287417180216,0.09644111792455802,-0.06268776902257481,0.012564298104070972,0,1,0,0,0,0,0,0,0,0,0,0,0,1,0,0,0,0,0,0,0,0,0,1,0,0,0,0,0,0,0,0,0,0,0,0,0,0,0,1,0,0,1,12.793862088206213,360000
0.1980287417180216,2.139042323405362,0.10885064879496191,-1.1427382348800126,0,1,0,0,0,0,0,0,0,1,0,0,0,0,0,0,0,0,0,0,0,0,0,0,0,0,0,0,0,0,0,0,0,1,0,0,0,0,0,1,0,0,1,13.182519183461475,531000
0.1980287417180216,2.139042323405362,0.10885064879496191,2.323169364072238,0,1,0,0,0,0,0,0,0,1,0,0,0,0,0,0,0,0,0,0,0,0,0,0,0,0,0,0,0,0,0,0,0,1,0,0,0,0,0,1,1,0,0,13.184400648021263,532000
0.1980287417180216,0.09644111792455802,-0.1607097220611672,-1.1427382348800126,0,0,0,0,0,0,0,0,0,0,0,0,0,1,0,0,0,0,0,0,0,0,0,0,1,0,0,0,0,0,0,0,0,0,0,0,0,0,0,1,0,0,1,12.429220196836383,250000
0.1980287417180216,0.09644111792455802,-0.1362042338015191,-1.1427382348800126,0,0,0,0,0,0,0,0,0,0,0,0,0,1,0,0,0,0,0,0,0,0,0,0,1,0,0,0,0,0,0,0,0,0,0,0,0,0,0,1,0,1,0,12.468440756144114,260000
0.1980287417180216,0.09644111792455802,-0.019067999920401188,2.323169364072238,0,1,0,0,0,0,0,0,0,0,0,0,0,1,0,0,0,0,0,1,0,0,0,0,0,0,0,0,0,0,0,0,0,0,0,0,0,0,0,1,1,0,0,13.118357364036902,498000
0.1980287417180216,0.09644111792455802,-0.0822921596302933,1.1678668310881546,1,0,0,0,0,0,0,0,0,0,0,0,0,1,0,0,0,0,0,0,0,0,0,1,0,0,0,0,0,0,0,0,0,0,0,0,0,0,0,1,1,0,0,12.923914877701906,410000
0.1980287417180216,2.139042323405362,0.10885064879496191,2.323169364072238,0,1,0,0,0,0,0,0,0,1,0,0,0,0,0,0,0,0,0,0,0,0,0,0,0,0,0,0,0,0,0,0,0,1,0,0,0,0,0,1,0,1,0,13.181577122048536,530500
0.1980287417180216,0.09644111792455802,-0.06268776902257481,-1.1427382348800126,1,0,0,0,0,0,0,0,0,0,0,0,0,0,0,0,0,1,1,0,0,0,0,0,0,0,0,0,0,0,0,0,0,0,0,0,0,0,0,0,0,0,1,12.54254845357358,280000
-1.383683877512786,0.09644111792455802,-0.08719325728222291,-1.1427382348800126,0,0,0,0,0,1,0,0,0,1,0,0,0,0,0,0,0,0,0,0,0,0,0,0,0,0,0,0,0,1,0,0,0,0,0,0,0,0,0,1,0,0,0,12.91164481522143,405000
0.1980287417180216,0.09644111792455802,0.14315833235846925,0.012564298104070972,0,1,0,0,0,0,0,0,0,1,0,0,0,0,0,0,0,0,0,0,0,0,0,0,0,0,0,0,0,0,0,0,0,0,0,1,0,0,0,1,0,0,0,12.706850963741102,330000
0.1980287417180216,0.09644111792455802,-0.1607097220611672,-1.1427382348800126,0,0,0,0,0,0,0,0,0,0,0,0,0,0,0,0,0,1,0,0,0,0,0,0,0,0,1,0,0,0,0,0,0,0,0,0,0,0,0,0,0,0,1,11.982935344196433,160000
0.1980287417180216,0.09644111792455802,0.15786162531425812,1.1678668310881546,0,0,0,0,0,1,0,0,0,1,0,0,0,0,0,0,0,0,0,0,0,0,0,0,0,0,0,0,0,0,0,1,0,0,0,0,0,0,0,1,0,0,1,13.527829818844937,750000
0.1980287417180216,0.09644111792455802,-0.1607097220611672,-1.1427382348800126,0,0,0,0,0,0,0,0,0,0,0,0,0,0,0,0,0,1,0,0,0,0,0,0,0,0,0,0,0,1,0,0,0,0,0,0,0,0,0,0,0,0,1,12.180759965737863,195000
-2.9653964967435935,-1.946160087556246,-0.2459888212047426,-1.1427382348800126,0,0,0,0,0,0,0,0,1,0,0,0,0,0,0,0,0,0,0,0,0,0,0,0,0,1,0,0,0,0,0,0,0,0,0,0,0,0,0,1,0,0,1,12.345838935721968,230000
0.1980287417180216,0.09644111792455802,0.09904845349110267,-1.1427382348800126,1,0,0,0,0,0,0,0,1,0,0,0,0,0,0,0,0,0,0,0,0,0,0,0,0,1,0,0,0,0,0,0,0,0,0,0,0,0,0,1,0,1,0,12.959846800844963,425000
0.1980287417180216,0.09644111792455802,-0.19942839351141123,-1.1427382348800126,0,0,0,1,0,0,0,0,1,0,0,0,0,0,0,0,0,0,0,0,0,0,0,0,0,0,0,0,0,1,0,0,0,0,0,0,0,0,0,1,1,0,0,11.350418300109132,85000
-1.383683877512786,-1.946160087556246,-0.1607097220611672,0.012564298104070972,0,1,0,0,0,0,0,0,0,0,0,0,0,1,0,0,0,0,0,0,0,0,0,0,1,0,0,0,0,0,0,0,0,0,0,0,0,0,0,1,0,0,1,13.056225711649638,468000
-1.383683877512786,-1.946160087556246,-0.18521521032081534,0.012564298104070972,0,0,0,0,0,1,0,0,0,0,0,0,0,1,0,0,0,0,0,0,0,0,1,0,0,0,0,0,0,0,0,0,0,0,0,0,0,0,0,1,1,0,0,13.081543466215237,480000
0.1980287417180216,0.09644111792455802,-0.1607097220611672,-1.1427382348800126,0,0,0,0,0,0,0,0,0,0,0,0,0,1,0,0,0,0,0,0,0,0,0,0,1,0,0,0,0,0,0,0,0,0,0,0,0,0,0,1,0,0,1,12.429220196836383,250000
0.1980287417180216,0.09644111792455802,-0.1607097220611672,0.012564298104070972,0,0,0,0,0,0,0,0,0,0,0,0,0,1,0,0,0,0,0,0,0,0,0,0,1,0,0,0,0,0,0,0,0,0,0,0,0,0,0,1,1,0,0,12.577639650232573,290000
0.1980287417180216,0.09644111792455802,-0.1415954412186417,-1.1427382348800126,0,0,0,0,0,0,0,0,0,0,0,0,0,0,0,0,0,1,0,0,0,1,0,0,0,0,0,0,0,0,0,0,0,0,0,0,0,0,0,1,0,0,1,12.128116509451258,185000
0.1980287417180216,0.09644111792455802,0.005927598104439877,0.012564298104070972,0,0,0,0,0,0,0,0,1,0,0,0,0,0,0,0,0,0,0,0,0,0,0,0,0,0,0,0,0,1,0,0,0,0,0,0,0,0,0,1,0,0,1,12.791080452981857,359000
-2.9653964967435935,-1.946160087556246,-0.17590312478214903,0.012564298104070972,1,0,0,0,0,1,0,0,0,1,0,0,0,0,0,0,0,0,0,0,0,1,0,0,0,0,0,0,0,0,0,0,0,0,0,0,0,0,0,1,1,0,0,12.611541086966115,300000
0.1980287417180216,0.09644111792455802,0.13335613705461002,1.1678668310881546,0,1,0,0,0,0,0,0,0,0,0,0,0,1,0,0,0,0,0,0,0,0,0,0,0,0,0,0,0,0,0,0,0,0,0,0,0,1,0,1,1,0,0,13.304686600863562,600000
0.1980287417180216,0.09644111792455802,-0.025929536633102657,-1.1427382348800126,0,0,0,0,0,0,0,0,0,0,0,0,0,0,0,0,0,1,0,0,0,0,0,0,0,0,0,0,0,0,0,0,0,0,1,0,0,0,0,1,0,0,0,12.706850963741102,330000
0.1980287417180216,0.09644111792455802,-0.029850414754646355,-1.1427382348800126,1,0,0,0,0,1,0,0,0,1,0,0,0,0,0,0,0,0,0,0,0,1,0,0,0,0,0,0,0,0,0,0,0,0,0,0,0,0,0,1,0,0,0,12.994532278619134,440000
0.1980287417180216,0.09644111792455802,-0.08033172056952144,-1.1427382348800126,0,0,0,0,0,0,0,0,0,0,0,0,0,0,0,0,0,1,0,0,0,0,0,0,0,0,0,0,0,1,0,0,0,0,0,0,0,0,0,1,0,0,0,12.144202560946876,188000
0.1980287417180216,0.09644111792455802,0.03631440354640352,-1.1427382348800126,0,0,0,0,0,0,0,0,0,0,0,0,0,0,0,0,0,1,0,0,0,1,0,0,0,0,0,0,0,0,0,0,0,0,0,0,0,0,0,1,0,0,0,12.54254845357358,280000
0.1980287417180216,0.09644111792455802,0.0353341840160176,-1.1427382348800126,1,0,0,0,0,0,0,0,0,0,0,0,0,0,0,0,0,1,0,0,0,0,0,0,0,0,0,0,0,1,0,0,0,0,0,0,0,0,0,1,0,0,0,12.524530013005734,275000
0.1980287417180216,0.09644111792455802,-0.06268776902257481,-1.1427382348800126,1,0,0,0,0,0,0,0,0,0,0,0,0,0,0,0,0,1,0,0,0,0,0,0,0,0,0,0,0,0,0,0,0,0,1,0,0,0,0,1,0,0,0,12.04355959836804,170000
0.1980287417180216,0.09644111792455802,0.010828695756369498,1.1678668310881546,0,1,0,0,0,0,0,0,0,0,0,0,0,1,0,0,0,0,0,0,0,0,0,0,0,0,0,0,0,0,0,0,0,0,0,0,0,1,0,1,0,0,1,13.25339339419516,570000
0.1980287417180216,0.09644111792455802,0.0598396722756657,1.1678668310881546,0,1,0,0,0,0,0,0,0,0,0,0,0,1,0,0,0,0,0,0,0,0,0,0,0,0,0,0,0,0,0,0,0,0,0,0,0,1,0,1,1,0,0,13.270785106659046,580000
0.1980287417180216,0.09644111792455802,-0.11169874554187102,0.012564298104070972,0,0,0,0,0,0,0,0,0,0,0,0,0,1,0,0,0,0,0,0,1,0,0,0,0,0,0,0,0,0,0,0,0,0,0,0,0,0,0,1,1,0,0,12.73670383776449,340000
0.1980287417180216,0.09644111792455802,0.04023528166794722,1.1678668310881546,0,1,0,0,0,0,0,0,0,0,0,0,0,1,0,0,0,0,0,0,0,0,0,0,1,0,0,0,0,0,0,0,0,0,0,0,0,0,0,1,0,0,1,13.081543466215237,480000
0.1980287417180216,0.09644111792455802,-0.08719325728222291,0.012564298104070972,0,0,0,0,0,0,0,0,0,0,0,0,0,1,0,0,0,0,0,0,0,0,0,0,1,0,0,0,0,0,0,0,0,0,0,0,0,0,0,1,1,0,0,12.84265212010087,378000
0.1980287417180216,0.09644111792455802,-0.1362042338015191,0.012564298104070972,0,0,0,0,0,0,0,0,0,0,0,0,0,1,0,0,0,0,0,0,0,0,0,0,1,0,0,0,0,0,0,0,0,0,0,0,0,0,0,1,0,1,0,12.81584093453868,368000
0.1980287417180216,0.09644111792455802,-0.1362042338015191,0.012564298104070972,0,0,0,0,0,0,0,0,0,0,0,0,0,1,0,0,0,0,0,1,0,0,0,0,0,0,0,0,0,0,0,0,0,0,0,0,0,0,0,1,0,0,1,12.54254845357358,280000
-1.383683877512786,0.09644111792455802,-0.08719325728222291,0.012564298104070972,1,0,0,0,0,1,0,0,0,0,0,0,1,0,0,0,0,0,0,0,0,0,0,0,0,0,0,0,0,1,0,0,0,0,0,0,0,0,0,1,0,0,1,12.91164481522143,405000
0.1980287417180216,0.09644111792455802,0.022101220355807624,1.1678668310881546,0,1,0,0,0,0,0,0,0,0,0,0,0,0,0,0,0,1,0,0,0,0,0,0,0,0,1,0,0,0,0,0,0,0,0,0,0,0,0,1,0,0,1,12.611541086966115,300000
0.1980287417180216,0.09644111792455802,0.022101220355807624,1.1678668310881546,0,1,0,0,0,0,0,0,0,0,0,0,0,0,0,0,0,1,0,0,0,0,0,0,0,0,1,0,0,0,0,0,0,0,0,0,0,0,0,1,0,0,1,12.611541086966115,300000
0.1980287417180216,0.09644111792455802,0.04415615978949092,-1.1427382348800126,0,0,0,0,0,0,0,0,0,0,0,0,0,0,0,0,0,1,0,0,0,0,0,0,0,0,0,0,0,0,0,1,0,0,0,0,0,0,0,1,0,0,0,12.676079399771027,320000
0.1980287417180216,0.09644111792455802,0.11914295386401412,-1.1427382348800126,0,1,0,0,0,0,0,0,0,0,0,0,0,0,0,0,0,1,1,0,0,0,0,0,0,0,0,0,0,0,0,0,0,0,0,0,0,0,0,1,0,0,0,12.73670383776449,340000
0.1980287417180216,0.09644111792455802,-0.13081302638439654,-1.1427382348800126,1,0,0,0,0,0,0,0,0,0,0,0,0,0,0,0,0,1,1,0,0,0,0,0,0,0,0,0,0,0,0,0,0,0,0,0,0,0,0,0,0,0,1,12.25486757159303,210000
0.1980287417180216,0.09644111792455802,-0.08719325728222291,0.012564298104070972,0,1,0,0,0,0,0,0,0,1,0,0,0,0,0,0,0,0,0,0,0,0,0,0,0,0,0,0,0,1,0,0,0,0,0,0,0,0,0,1,0,0,1,12.75130259456002,345000
0.1980287417180216,0.09644111792455802,-0.08719325728222291,0.012564298104070972,0,1,0,0,0,0,0,0,0,1,0,0,0,0,0,0,0,0,0,0,0,0,0,0,0,0,0,0,0,1,0,0,0,0,0,0,0,0,0,1,0,0,1,12.75130259456002,345000
0.1980287417180216,0.09644111792455802,-0.11022841624629214,-1.1427382348800126,0,0,0,0,0,0,0,0,0,0,0,0,0,0,0,0,0,1,0,0,0,1,0,0,0,0,0,0,0,0,0,0,0,0,0,0,0,0,0,1,1,0,0,12.345838935721968,230000
0.1980287417180216,0.09644111792455802,-0.1362042338015191,-1.1427382348800126,0,0,0,1,0,0,0,0,0,0,0,0,0,1,0,0,0,0,0,1,0,0,0,0,0,0,0,0,0,0,0,0,0,0,0,0,0,0,0,1,0,1,0,11.695255355062795,120000
1.779741360948829,0.09644111792455802,0.13335613705461002,0.012564298104070972,1,0,0,0,0,1,0,0,0,0,0,0,1,0,0,0,0,0,0,0,0,0,0,0,0,0,0,0,0,1,0,0,0,0,0,0,0,0,0,1,0,0,1,12.899222326086994,400000
-1.383683877512786,-1.946160087556246,-0.20972069858046344,-1.1427382348800126,0,0,0,0,0,0,0,0,0,0,0,0,0,1,0,0,0,0,0,0,0,0,0,0,0,0,0,0,0,1,0,0,0,0,0,0,0,0,0,1,0,0,1,12.04355959836804,170000
0.1980287417180216,0.09644111792455802,-0.03818228076292671,1.1678668310881546,0,1,0,0,0,0,0,0,0,0,0,0,0,1,0,0,0,0,0,0,1,0,0,0,0,0,0,0,0,0,0,0,0,0,0,0,0,0,0,1,0,1,0,13.081543466215237,480000
1.779741360948829,0.09644111792455802,0.2558835783528505,1.1678668310881546,0,1,0,0,0,0,0,0,0,0,0,0,0,1,0,0,0,0,0,0,0,0,1,0,0,0,0,0,0,0,0,0,0,0,0,0,0,0,0,1,1,0,0,13.567050480716235,780000
0.1980287417180216,0.09644111792455802,0.1064000999689971,0.012564298104070972,0,1,0,0,0,0,0,0,0,0,0,0,0,1,0,0,0,0,0,0,0,0,0,0,0,0,0,0,0,1,0,0,0,0,0,0,0,0,0,1,1,0,0,13.118357364036902,498000
1.779741360948829,0.09644111792455802,0.010828695756369498,1.1678668310881546,1,0,0,0,0,0,0,0,0,1,0,0,0,0,0,0,0,0,0,0,0,0,0,0,0,0,0,0,0,1,0,0,0,0,0,0,0,0,0,0,0,0,0,12.899222326086994,400000
-1.383683877512786,0.09644111792455802,-0.0886635865778018,0.012564298104070972,1,1,0,0,0,0,0,0,1,0,0,0,0,0,0,0,0,0,0,0,0,0,0,0,0,1,0,0,0,0,0,0,0,0,0,0,0,0,0,1,0,0,0,12.850005947166268,380790
-2.9653964967435935,-1.946160087556246,-0.33469868870466873,0.012564298104070972,0,0,0,0,0,1,0,0,1,0,0,0,0,0,0,0,0,0,0,0,0,0,0,0,0,1,0,0,0,0,0,0,0,0,0,0,0,0,0,1,0,0,0,12.388398368982115,240000
-2.9653964967435935,-1.946160087556246,-0.21707234505835785,-1.1427382348800126,1,0,0,0,0,1,0,0,0,0,0,0,0,0,0,0,0,1,0,0,0,0,0,0,0,0,0,0,0,1,0,0,0,0,0,0,0,0,0,0,0,0,0,12.345838935721968,230000
0.1980287417180216,0.09644111792455802,-0.1362042338015191,-1.1427382348800126,1,0,0,0,0,0,0,0,0,1,0,0,0,0,0,0,0,0,0,0,0,1,0,0,0,0,0,0,0,0,0,0,0,0,0,0,0,0,0,0,0,0,0,12.345838935721968,230000
0.1980287417180216,0.09644111792455802,-0.013676792503278605,-1.1427382348800126,0,0,0,0,0,0,0,0,0,0,0,0,0,0,0,0,0,1,0,0,0,0,0,0,0,0,0,0,0,1,0,0,0,0,0,0,0,0,0,1,0,0,0,12.487488878546145,265000
0.1980287417180216,0.09644111792455802,-0.03426140264138301,-1.1427382348800126,1,1,0,0,0,0,0,0,0,1,0,0,0,0,0,0,0,0,0,0,0,0,0,0,0,0,0,0,0,1,0,0,0,0,0,0,0,0,0,0,0,0,0,12.948012371209098,420000
0.1980287417180216,0.09644111792455802,-0.06758886667450444,-1.1427382348800126,0,0,0,0,0,0,0,0,0,0,0,0,0,0,0,0,0,1,0,0,0,0,0,0,0,0,0,0,0,1,0,0,0,0,0,0,0,0,0,1,0,0,0,12.821260987319457,370000
3.3614539801796366,6.2242447343669705,0.42742199617038723,2.323169364072238,0,1,0,0,0,0,0,0,0,1,0,0,0,0,0,0,0,0,0,0,0,0,0,0,0,0,0,0,0,1,0,0,0,0,0,0,0,0,0,1,0,1,0,13.589865129563993,798000
0.1980287417180216,0.09644111792455802,-0.020538329215980075,1.1678668310881546,0,1,0,0,0,0,0,0,0,0,0,0,0,1,0,0,0,0,0,1,0,0,0,0,0,0,0,0,0,0,0,0,0,0,0,0,0,0,0,1,0,0,1,13.25339339419516,570000
0.1980287417180216,0.09644111792455802,-0.0744504033872059,0.012564298104070972,0,0,0,0,0,0,0,0,0,0,0,0,0,1,0,0,0,0,0,0,0,0,0,0,0,0,0,0,0,1,0,0,0,0,0,0,0,0,0,1,0,1,0,12.966880811009803,428000
0.1980287417180216,0.09644111792455802,-0.06268776902257481,0.012564298104070972,0,1,0,0,0,0,0,0,0,0,0,0,0,1,0,0,0,0,0,0,0,0,0,0,1,0,0,0,0,0,0,0,0,0,0,0,0,0,0,1,0,0,1,12.847929163278053,380000
0.1980287417180216,0.09644111792455802,0.010828695756369498,1.1678668310881546,0,1,0,0,0,0,0,0,0,0,0,0,0,1,0,0,0,0,0,0,1,0,0,0,0,0,0,0,0,0,0,0,0,0,0,0,0,0,0,1,0,0,1,13.112315061750808,495000
0.1980287417180216,0.09644111792455802,0.15786162531425812,0.012564298104070972,0,0,0,0,0,0,0,0,0,0,0,0,0,1,0,0,0,0,0,0,0,0,0,0,1,0,0,0,0,0,0,0,0,0,0,0,0,0,0,1,0,0,1,12.899222326086994,400000
0.1980287417180216,0.09644111792455802,-0.08719325728222291,1.1678668310881546,1,0,0,0,0,0,0,0,0,0,0,0,0,1,0,0,0,0,0,0,0,0,0,1,0,0,0,0,0,0,0,0,0,0,0,0,0,0,0,1,1,0,0,12.847929163278053,380000
0.1980287417180216,0.09644111792455802,-0.015147121798857492,1.1678668310881546,1,1,0,0,0,0,0,0,0,0,0,0,0,1,0,0,0,0,0,0,0,0,0,0,1,0,0,0,0,0,0,0,0,0,0,0,0,0,0,1,0,1,0,13.161586013632684,520000
0.1980287417180216,0.09644111792455802,-0.019558109685594148,0.012564298104070972,0,1,0,0,0,0,0,0,0,0,0,0,0,0,0,0,0,1,0,0,0,1,0,0,0,0,0,0,0,0,0,0,0,0,0,0,0,0,0,1,1,0,0,12.669809806411457,318000
0.1980287417180216,-1.946160087556246,-0.1533580755832728,0.012564298104070972,0,0,0,0,0,0,0,0,0,0,0,0,0,1,0,0,0,0,0,0,0,0,0,0,1,0,0,0,0,0,0,0,0,0,0,0,0,0,0,1,1,0,0,12.868763195921677,388000
-1.383683877512786,0.09644111792455802,-0.08719325728222291,0.012564298104070972,0,0,0,0,0,1,0,0,0,1,0,0,0,0,0,0,0,0,1,0,0,0,0,0,0,0,0,0,0,0,0,0,0,0,0,0,0,0,0,1,1,0,0,13.592368256649284,800000
-1.383683877512786,0.09644111792455802,-0.10238666000320473,1.1678668310881546,0,1,0,0,0,0,0,0,1,0,0,0,0,0,0,0,0,0,0,0,0,0,0,0,0,0,0,0,0,1,0,0,0,0,0,0,0,0,0,1,0,0,1,12.847929163278053,380000
0.1980287417180216,0.09644111792455802,-0.06268776902257481,-1.1427382348800126,0,0,0,0,0,0,0,0,0,0,0,1,0,0,0,0,0,0,0,0,0,0,0,0,0,0,0,0,0,1,0,0,0,0,0,0,0,0,0,0,0,1,0,12.013706813470414,165000
0.1980287417180216,0.09644111792455802,-0.06268776902257481,1.1678668310881546,0,0,0,0,0,1,0,0,0,1,0,0,0,0,0,0,0,0,0,0,0,0,0,0,0,0,0,0,0,0,0,0,0,1,0,0,0,0,0,1,1,0,0,12.971542813248437,430000
0.1980287417180216,0.09644111792455802,-0.1607097220611672,-1.1427382348800126,1,0,0,0,0,0,0,0,0,0,0,0,0,0,0,0,0,1,0,0,0,0,0,0,0,0,0,0,0,1,0,0,0,0,0,0,0,0,0,0,1,0,0,11.082157933374816,65000
0.1980287417180216,0.09644111792455802,-0.11169874554187102,0.012564298104070972,0,0,0,0,0,0,0,0,0,0,0,0,0,1,0,0,0,0,0,0,0,0,0,0,1,0,0,0,0,0,0,0,0,0,0,0,0,0,0,1,1,0,0,12.672949516558306,319000
0.1980287417180216,2.139042323405362,0.23137809009320243,1.1678668310881546,0,1,0,0,0,0,0,0,0,0,0,0,0,1,0,0,0,0,0,0,1,0,0,0,0,0,0,0,0,0,0,0,0,0,0,0,0,0,0,1,0,1,0,13.592368256649284,800000
1.779741360948829,2.139042323405362,0.23137809009320243,1.1678668310881546,0,1,0,0,0,0,0,0,0,0,0,0,0,1,0,0,0,0,0,0,1,0,0,0,0,0,0,0,0,0,0,0,0,0,0,0,0,0,0,1,0,1,0,13.45883704259595,700000
0.1980287417180216,2.139042323405362,0.32940004313179483,1.1678668310881546,0,1,0,0,0,0,0,0,0,0,0,0,0,1,0,0,0,0,0,0,1,0,0,0,0,0,0,0,0,0,0,0,0,0,0,0,0,0,0,1,1,0,0,13.527829818844937,750000
0.1980287417180216,2.139042323405362,0.23137809009320243,1.1678668310881546,0,1,0,0,0,0,0,0,0,0,0,0,0,1,0,0,0,0,0,0,1,0,0,0,0,0,0,0,0,0,0,0,0,0,0,0,0,0,0,1,0,0,1,13.527829818844937,750000
0.1980287417180216,0.09644111792455802,0.029452866833702056,-1.1427382348800126,0,0,0,0,0,0,0,0,1,0,0,0,0,0,0,0,0,0,0,0,0,0,0,0,0,0,0,0,0,1,0,0,0,0,0,0,0,0,0,1,0,0,1,12.948012371209098,420000
0.1980287417180216,0.09644111792455802,0.16423305226176663,3.4784718970563215,0,0,0,0,0,1,0,0,0,0,0,0,0,0,0,0,0,1,0,0,0,0,0,0,0,0,0,0,0,0,0,0,0,0,0,0,1,0,0,0,0,1,0,13.244582780038517,565000
0.1980287417180216,0.09644111792455802,-0.1362042338015191,0.012564298104070972,0,0,0,0,0,0,0,0,0,0,0,0,0,1,0,0,0,0,0,0,0,0,1,0,0,0,0,0,0,0,0,0,0,0,0,0,0,0,0,1,0,1,0,12.793862088206213,360000
1.779741360948829,2.139042323405362,0.32940004313179483,1.1678668310881546,0,1,0,0,0,0,0,0,0,0,0,0,0,1,0,0,0,0,0,0,1,0,0,0,0,0,0,0,0,0,0,0,0,0,0,0,0,0,0,1,0,0,1,13.527829818844937,750000
0.1980287417180216,0.09644111792455802,0.16423305226176663,3.4784718970563215,0,0,0,0,0,1,0,0,0,0,0,0,0,0,0,0,0,1,0,0,0,0,0,0,0,0,0,0,0,0,0,0,0,0,0,0,1,0,0,0,0,1,0,13.244582780038517,565000
1.779741360948829,2.139042323405362,0.32940004313179483,1.1678668310881546,0,1,0,0,0,0,0,0,0,0,0,0,0,1,0,0,0,0,0,0,1,0,0,0,0,0,0,0,0,0,0,0,0,0,0,0,0,0,0,1,0,0,1,13.527829818844937,750000
0.1980287417180216,0.09644111792455802,-0.1362042338015191,0.012564298104070972,0,0,0,0,0,0,0,0,0,0,0,0,0,1,0,0,0,0,0,0,0,0,1,0,0,0,0,0,0,0,0,0,0,0,0,0,0,0,0,1,0,1,0,12.793862088206213,360000
-1.383683877512786,-1.946160087556246,-0.23422618684011154,-1.1427382348800126,0,0,0,0,0,0,0,0,0,0,0,0,0,1,0,0,0,0,0,0,0,0,0,0,1,0,0,0,0,0,0,0,0,0,0,0,0,0,0,1,0,0,1,12.128116509451258,185000
0.1980287417180216,0.09644111792455802,-0.1362042338015191,0.012564298104070972,0,0,0,1,0,0,0,0,0,0,0,0,0,1,0,0,0,0,0,0,1,0,0,0,0,0,0,0,0,0,0,0,0,0,0,0,0,0,0,1,0,1,0,12.706850963741102,330000
0.1980287417180216,0.09644111792455802,0.0598396722756657,0.012564298104070972,0,1,0,0,0,0,0,0,0,0,0,0,0,1,0,0,0,0,0,0,0,0,0,0,1,0,0,0,0,0,0,0,0,0,0,0,0,0,0,1,0,1,0,13.369225017834633,640000
0.1980287417180216,0.09644111792455802,0.010828695756369498,0.012564298104070972,0,1,0,0,0,0,0,0,0,0,0,0,0,1,0,0,0,0,0,0,0,0,0,0,0,0,0,0,0,0,0,0,0,0,0,0,0,1,0,1,1,0,0,12.847929163278053,380000
0.1980287417180216,0.09644111792455802,-0.1362042338015191,-1.1427382348800126,0,0,0,0,0,0,0,0,0,0,0,0,0,1,0,0,0,0,0,0,0,0,0,0,1,0,0,0,0,0,0,0,0,0,0,0,0,0,0,1,0,0,1,12.468440756144114,260000
1.779741360948829,0.09644111792455802,0.04121550119833314,0.012564298104070972,0,0,0,0,0,1,0,0,0,0,0,0,0,0,0,0,0,1,0,0,0,0,0,0,0,0,0,0,0,1,0,0,0,0,0,0,0,0,0,1,0,1,0,12.948012371209098,420000
0.1980287417180216,0.09644111792455802,-0.1362042338015191,-1.1427382348800126,0,0,0,0,0,0,0,0,0,0,0,0,0,0,1,0,0,0,0,0,0,0,0,0,0,0,0,0,0,1,0,0,0,0,0,0,0,0,0,0,0,0,1,12.506180941677357,270000
0.1980287417180216,4.181643528886166,0.2558835783528505,1.1678668310881546,0,1,0,0,0,0,0,0,0,0,0,0,0,1,0,0,0,0,0,0,0,0,0,0,0,0,0,0,0,1,0,0,0,0,0,0,0,0,0,1,1,0,0,13.484226240787052,718000
0.1980287417180216,0.09644111792455802,-0.0019141581386475156,-1.1427382348800126,1,1,0,0,0,0,0,0,0,0,0,0,0,0,0,0,0,1,0,0,0,0,0,0,0,0,0,0,0,1,0,0,0,0,0,0,0,0,0,1,0,0,0,12.345838935721968,230000
0.1980287417180216,0.09644111792455802,-0.1607097220611672,-1.1427382348800126,1,0,0,0,0,0,0,0,0,1,0,0,0,0,0,0,0,0,0,0,0,1,0,0,0,0,0,0,0,0,0,0,0,0,0,0,0,0,0,0,0,0,0,11.918397239722838,150000
0.1980287417180216,0.09644111792455802,-0.09405479399492438,-1.1427382348800126,0,0,0,0,0,0,0,0,0,0,0,0,0,0,0,0,0,1,0,0,0,0,0,0,0,0,0,0,0,1,0,0,0,0,0,0,0,0,0,0,0,0,0,11.918397239722838,150000
0.1980287417180216,2.139042323405362,0.07454296523145457,1.1678668310881546,0,1,0,0,0,0,0,0,0,0,0,0,0,1,0,0,0,0,0,0,1,0,0,0,0,0,0,0,0,0,0,0,0,0,0,0,0,0,0,1,0,0,1,13.304686600863562,600000
0.1980287417180216,0.09644111792455802,-0.06268776902257481,0.012564298104070972,0,1,0,0,0,0,0,0,0,0,0,0,0,1,0,0,0,0,0,0,0,0,0,1,0,0,0,0,0,0,0,0,0,0,0,0,0,0,0,1,0,1,0,12.73670383776449,340000
-2.9653964967435935,-1.946160087556246,-0.28127672429863587,0.012564298104070972,0,0,0,0,0,1,0,0,0,0,0,0,0,1,0,0,0,0,0,0,0,0,0,0,1,0,0,0,0,0,0,0,0,0,0,0,0,0,0,1,0,0,1,13.001327306361068,443000
1.779741360948829,2.139042323405362,0.23137809009320243,1.1678668310881546,0,1,0,0,0,0,0,0,0,0,0,0,0,1,0,0,0,0,0,0,0,0,0,0,1,0,0,0,0,0,0,0,0,0,0,0,0,0,0,1,1,0,0,13.652992804936396,850000
0.1980287417180216,0.09644111792455802,0.15884184484464403,1.1678668310881546,0,1,0,0,0,0,0,0,0,0,0,0,0,1,0,0,0,0,0,0,0,0,0,0,1,0,0,0,0,0,0,0,0,0,0,0,0,0,0,1,0,0,1,13.592368256649284,800000
0.1980287417180216,0.09644111792455802,0.13335613705461002,-1.1427382348800126,0,1,0,0,0,0,0,0,0,1,0,0,0,0,0,0,0,0,0,0,0,0,0,0,0,0,0,0,0,1,0,0,0,0,0,0,0,0,0,1,0,0,0,13.023649611968253,453000
1.779741360948829,2.139042323405362,0.2593143467092013,-1.1427382348800126,0,1,0,0,0,0,0,0,0,1,0,0,0,0,0,0,0,0,0,0,0,0,0,0,0,0,0,0,0,0,0,0,0,1,0,0,0,0,0,0,0,0,0,12.886643575525625,395000
0.1980287417180216,0.09644111792455802,0.09414735583917305,-1.1427382348800126,0,1,0,0,0,0,0,0,0,0,0,0,0,0,0,0,0,1,0,0,0,0,0,0,0,0,0,0,0,1,0,0,0,0,0,0,0,0,0,1,1,0,0,12.793862088206213,360000
0.1980287417180216,0.09644111792455802,0.09904845349110267,1.1678668310881546,0,1,0,0,0,0,0,0,0,0,0,0,0,1,0,0,0,0,0,0,0,0,0,0,0,0,0,0,0,0,0,0,0,0,0,0,0,1,0,1,1,0,0,13.270785106659046,580000
0.1980287417180216,0.09644111792455802,0.058369342980086815,-1.1427382348800126,0,1,0,0,0,0,0,0,1,0,0,0,0,0,0,0,0,0,0,0,0,0,0,0,0,0,0,0,0,1,0,0,0,0,0,0,0,0,0,1,0,0,1,12.847929163278053,380000
0.1980287417180216,2.139042323405362,0.3039143353417608,1.1678668310881546,0,1,0,0,0,0,0,0,0,0,0,0,0,1,0,0,0,0,0,0,0,0,0,0,0,0,0,0,0,0,0,0,0,0,0,0,0,1,0,1,0,0,0,13.321215875492413,610000
0.1980287417180216,0.09644111792455802,-0.03524162217176893,0.012564298104070972,1,0,0,0,0,0,0,0,1,0,0,0,0,0,0,0,0,0,0,0,0,0,0,0,0,1,0,0,0,0,0,0,0,0,0,0,0,0,0,1,1,0,0,12.388398368982115,240000
0.1980287417180216,0.09644111792455802,0.14560888118443407,1.1678668310881546,0,1,0,0,0,0,0,0,0,0,0,0,0,1,0,0,0,0,0,0,0,0,0,0,0,0,0,0,0,0,0,0,0,0,0,0,0,1,0,1,1,0,0,13.28448392755959,588000
0.1980287417180216,0.09644111792455802,0.05248802579777127,-1.1427382348800126,0,0,0,0,0,0,0,0,0,0,0,0,0,0,0,0,0,1,0,0,0,0,0,0,0,0,1,0,0,0,0,0,0,0,0,0,0,0,0,1,0,0,1,12.669809806411457,318000
0.1980287417180216,0.09644111792455802,0.13335613705461002,1.1678668310881546,0,1,0,0,0,0,0,0,0,0,0,0,0,0,0,0,0,1,0,0,0,0,0,0,0,0,1,0,0,0,0,0,0,0,0,0,0,0,0,0,1,0,0,13.161586013632684,520000
0.1980287417180216,0.09644111792455802,-0.03818228076292671,1.1678668310881546,0,1,0,0,0,0,0,0,0,0,0,0,0,1,0,0,0,0,0,0,0,0,0,0,0,0,0,0,0,0,0,0,0,0,0,0,0,1,0,1,0,0,1,13.161586013632684,520000
0.1980287417180216,0.09644111792455802,0.10002867302148859,1.1678668310881546,0,1,0,0,0,0,0,0,0,0,0,0,0,1,0,0,0,0,0,0,0,0,0,0,0,0,0,0,0,0,0,0,0,0,0,0,0,1,0,1,0,0,1,13.102162710901053,490000
0.1980287417180216,0.09644111792455802,0.1554110764882933,1.1678668310881546,0,1,0,0,0,0,0,0,0,0,0,0,0,1,0,0,0,0,0,0,1,0,0,0,0,0,0,0,0,0,0,0,0,0,0,0,0,0,0,1,0,0,1,13.171155446333852,525000
0.1980287417180216,0.09644111792455802,0.010828695756369498,1.1678668310881546,0,1,0,0,0,0,0,0,0,0,0,0,0,1,0,0,0,0,0,0,0,0,0,0,0,0,0,0,0,1,0,0,0,0,0,0,0,0,0,1,0,1,0,13.122365377402328,500000
0.1980287417180216,0.09644111792455802,0.13335613705461002,-1.1427382348800126,0,1,0,0,0,0,0,0,0,0,0,0,0,0,0,0,0,1,0,0,0,0,0,0,0,0,1,0,0,0,0,0,0,0,0,0,0,0,0,0,0,0,0,13.060490101343552,470000
-1.383683877512786,0.09644111792455802,-0.0822921596302933,-1.1427382348800126,0,0,0,0,0,1,0,0,1,0,0,0,0,0,0,0,0,0,0,0,0,0,0,0,0,1,0,0,0,0,0,0,0,0,0,0,0,0,0,1,0,0,0,12.604852121186608,298000
0.1980287417180216,0.09644111792455802,0.15982206437502997,1.1678668310881546,0,1,0,0,0,0,0,0,0,0,0,0,0,1,0,0,0,0,0,0,1,0,0,0,0,0,0,0,0,0,0,0,0,0,0,0,0,0,0,1,1,0,0,13.195615697878253,538000
0.1980287417180216,0.09644111792455802,0.11816273433362819,1.1678668310881546,0,1,0,0,0,0,0,0,0,0,0,0,0,1,0,0,0,0,0,0,0,0,0,0,0,0,0,0,0,1,0,0,0,0,0,0,0,0,0,1,1,0,0,13.610944619216111,815000
0.1980287417180216,2.139042323405362,0.3039143353417608,1.1678668310881546,0,1,0,0,0,0,0,0,0,0,0,0,0,1,0,0,0,0,0,0,0,0,0,0,0,0,0,0,0,0,0,0,0,0,0,0,0,1,0,1,1,0,0,13.45883704259595,700000
0.1980287417180216,0.09644111792455802,-0.11169874554187102,0.012564298104070972,1,0,0,0,0,0,0,0,0,0,0,0,0,1,0,0,0,0,0,1,0,0,0,0,0,0,0,0,0,0,0,0,0,0,0,0,0,0,0,1,0,0,1,12.367345048436391,235000
0.1980287417180216,0.09644111792455802,-0.04308337841485633,0.012564298104070972,1,0,0,0,0,0,0,0,0,0,0,0,0,1,0,0,0,0,0,1,0,0,0,0,0,0,0,0,0,0,0,0,0,0,0,0,0,0,0,1,0,1,0,12.873904582205107,390000
8.10659183787206,2.139042323405362,0.4543780332560002,1.1678668310881546,0,1,0,0,0,0,0,0,0,0,0,0,0,0,0,0,0,1,0,0,0,0,0,0,0,0,1,0,0,0,0,0,0,0,0,0,0,0,0,1,0,0,1,13.527829818844937,750000
1.779741360948829,2.139042323405362,0.250002261170535,1.1678668310881546,0,1,0,0,0,0,0,0,0,0,0,0,0,0,0,0,0,1,0,0,0,0,0,0,0,0,1,0,0,0,0,0,0,0,0,0,0,0,0,1,0,0,1,13.279368835614243,585000
0.1980287417180216,0.09644111792455802,-0.07052952526566221,0.012564298104070972,0,0,0,0,0,0,0,0,0,0,0,0,0,0,0,0,0,1,0,0,0,0,0,0,0,0,0,0,0,1,0,0,0,0,0,0,0,0,0,0,1,0,0,11.982935344196433,160000
-1.383683877512786,-1.946160087556246,-0.2048196009285338,-1.1427382348800126,1,0,0,1,0,0,0,0,0,1,0,0,0,0,0,0,0,0,0,0,0,0,0,0,0,0,0,0,0,0,0,0,0,0,0,1,0,0,0,1,0,0,1,11.91170829631447,149000
0.1980287417180216,0.09644111792455802,-0.06268776902257481,-1.1427382348800126,0,0,0,0,0,0,0,0,0,0,0,0,0,0,0,0,0,1,1,0,0,0,0,0,0,0,0,0,0,0,0,0,0,0,0,0,0,0,0,0,0,0,0,12.54254845357358,280000
0.1980287417180216,0.09644111792455802,0.010828695756369498,-1.1427382348800126,0,0,0,0,0,0,0,0,0,0,0,0,0,0,0,0,0,1,0,0,0,0,0,0,0,0,0,0,0,0,0,0,0,0,0,0,1,0,0,1,0,0,0,12.429220196836383,250000
0.1980287417180216,0.09644111792455802,0.038274842607175376,-1.1427382348800126,1,1,0,0,0,0,0,0,0,1,0,0,0,0,0,0,0,0,0,0,0,0,0,0,0,0,0,0,0,1,0,0,0,0,0,0,0,0,0,1,0,0,0,12.765688433465597,349999
0.1980287417180216,0.09644111792455802,-0.04798447606678595,-1.1427382348800126,0,0,0,0,0,0,0,0,0,0,0,0,0,0,0,0,0,1,0,0,0,0,0,0,0,0,0,0,0,0,0,1,0,0,0,0,0,0,0,1,0,0,0,12.847929163278053,380000
0.1980287417180216,0.09644111792455802,0.03043308636408798,-1.1427382348800126,1,0,0,0,0,1,0,0,0,1,0,0,0,0,0,0,0,0,0,0,0,0,0,0,0,0,0,0,0,0,0,0,0,0,0,1,0,0,0,1,0,0,0,12.899222326086994,400000
0.1980287417180216,0.09644111792455802,-0.06758886667450444,-1.1427382348800126,0,0,0,0,0,1,0,0,0,0,0,0,0,0,0,0,0,1,0,0,0,0,0,0,0,0,0,0,0,0,0,0,0,0,0,0,1,0,0,1,0,0,0,12.793862088206213,360000
0.1980287417180216,2.139042323405362,0.11375174644689152,1.1678668310881546,1,1,0,0,0,0,0,0,0,0,0,0,0,0,0,0,0,1,0,0,0,0,0,0,0,0,0,0,0,1,0,0,0,0,0,0,0,0,0,1,0,0,0,12.894209796826232,398000
0.1980287417180216,0.09644111792455802,0.015239683643106157,1.1678668310881546,1,0,0,0,0,1,0,0,0,1,0,0,0,0,0,0,0,0,0,0,0,0,0,0,0,0,0,0,0,0,0,0,0,1,0,0,0,0,0,1,1,0,0,12.84529412258351,379000
0.1980287417180216,0.09644111792455802,-0.1362042338015191,0.012564298104070972,0,0,0,0,0,0,0,0,0,0,0,0,0,1,0,0,0,0,0,1,0,0,0,0,0,0,0,0,0,0,0,0,0,0,0,0,0,0,0,1,1,0,0,12.765691290604371,350000
0.1980287417180216,0.09644111792455802,0.08679570936127862,1.1678668310881546,1,1,0,0,0,0,0,0,0,0,0,0,0,1,0,0,0,0,0,0,1,0,0,0,0,0,0,0,0,0,0,0,0,0,0,0,0,0,0,1,0,0,1,13.429849547739444,680000
-2.9653964967435935,-1.946160087556246,-0.22589432083183117,1.1678668310881546,0,1,0,0,0,0,0,0,0,0,0,0,0,1,0,0,0,0,0,0,0,0,1,0,0,0,0,0,0,0,0,0,0,0,0,0,0,0,0,1,0,0,1,13.500801182986649,730000
0.1980287417180216,0.09644111792455802,-0.019067999920401188,2.323169364072238,0,1,0,0,0,0,0,0,0,0,0,0,0,1,0,0,0,0,0,1,0,0,0,0,0,0,0,0,0,0,0,0,0,0,0,0,0,0,0,1,1,0,0,13.118357364036902,498000
0.1980287417180216,0.09644111792455802,-0.06268776902257481,1.1678668310881546,0,1,0,0,0,0,0,0,0,0,0,0,0,1,0,0,0,0,0,1,0,0,0,0,0,0,0,0,0,0,0,0,0,0,0,0,0,0,0,1,0,1,0,12.847929163278053,380000
-1.383683877512786,-1.946160087556246,-0.1362042338015191,0.012564298104070972,0,0,0,0,0,0,0,0,0,0,0,0,0,1,0,0,0,0,0,0,0,0,0,1,0,0,0,0,0,0,0,0,0,0,0,0,0,0,0,1,0,1,0,12.611541086966115,300000
0.1980287417180216,0.09644111792455802,-0.1362042338015191,0.012564298104070972,0,0,0,0,0,0,0,0,0,0,0,0,0,1,0,0,0,0,0,0,0,0,0,0,1,0,0,0,0,0,0,0,0,0,0,0,0,0,0,1,0,1,0,12.821260987319457,370000
0.1980287417180216,0.09644111792455802,0.010828695756369498,1.1678668310881546,0,0,0,0,0,0,0,0,0,0,0,0,0,1,0,0,0,0,0,0,0,0,0,1,0,0,0,0,0,0,0,0,0,0,0,0,0,0,0,1,1,0,0,13.161586013632684,520000
0.1980287417180216,0.09644111792455802,-0.1362042338015191,0.012564298104070972,0,0,0,0,0,0,0,0,0,0,0,0,0,1,0,0,0,0,0,0,0,0,0,0,1,0,0,0,0,0,0,0,0,0,0,0,0,0,0,1,0,0,1,12.653961664405365,313000
0.1980287417180216,0.09644111792455802,0.1799165647479414,2.323169364072238,0,1,0,0,0,0,0,0,0,0,0,0,0,1,0,0,0,0,0,0,0,0,0,0,1,0,0,0,0,0,0,0,0,0,0,0,0,0,0,1,0,0,1,13.617060838751888,820000
0.1980287417180216,0.09644111792455802,0.13531657611538186,1.1678668310881546,0,1,0,0,0,0,0,0,0,0,0,0,0,1,0,0,0,0,0,0,0,0,0,0,1,0,0,0,0,0,0,0,0,0,0,0,0,0,0,1,1,0,0,13.541075028051122,760000
1.779741360948829,2.139042323405362,0.21177369948548394,-1.1427382348800126,0,1,0,0,0,0,0,0,0,0,0,0,0,0,0,0,0,1,0,0,0,0,0,0,0,0,0,0,0,0,0,1,0,0,0,0,0,0,0,1,0,1,0,13.118357364036902,498000
0.1980287417180216,0.09644111792455802,-0.013676792503278605,-1.1427382348800126,0,0,0,0,0,1,0,0,0,1,0,0,0,0,0,0,0,0,0,0,0,0,0,0,0,0,0,0,0,1,0,0,0,0,0,0,0,0,0,1,0,0,0,12.847929163278053,380000
0.1980287417180216,0.09644111792455802,-0.0783712815087496,-1.1427382348800126,1,1,0,0,0,0,0,0,0,1,0,0,0,0,0,0,0,0,0,0,0,0,0,0,0,0,0,0,0,1,0,0,0,0,0,0,0,0,0,1,0,0,0,12.388398368982115,240000
0.1980287417180216,0.09644111792455802,-0.06268776902257481,-1.1427382348800126,0,1,0,0,0,0,0,0,0,0,0,0,0,0,0,0,0,1,1,0,0,0,0,0,0,0,0,0,0,0,0,0,0,0,0,0,0,0,0,0,0,0,0,12.54254845357358,280000
0.1980287417180216,0.09644111792455802,0.11375174644689152,-1.1427382348800126,1,1,0,0,0,0,0,0,0,0,0,0,0,0,0,0,0,1,0,0,0,0,0,0,0,0,0,0,0,1,0,0,0,0,0,0,0,0,0,0,0,0,0,12.899222326086994,400000
1.779741360948829,0.09644111792455802,0.06278033086682347,1.1678668310881546,0,1,0,0,0,0,0,0,0,0,0,0,0,0,0,0,0,1,0,0,0,0,0,0,0,0,0,0,0,0,0,0,0,0,1,0,0,0,0,1,0,0,0,12.793862088206213,360000
0.1980287417180216,2.139042323405362,0.10198911208226044,-1.1427382348800126,0,1,0,0,0,0,0,0,0,1,0,0,0,0,0,0,0,0,0,0,0,0,0,0,0,0,0,0,0,0,0,0,0,1,0,0,0,0,0,1,0,0,1,13.487007879880162,720000
-1.383683877512786,0.09644111792455802,-0.051905354188329644,-1.1427382348800126,0,0,0,0,0,1,0,0,0,1,0,0,0,0,0,0,0,0,0,0,0,0,0,0,0,0,0,0,0,1,0,0,0,0,0,0,0,0,0,1,0,0,1,13.235693848424024,560000
0.1980287417180216,0.09644111792455802,0.022101220355807624,1.1678668310881546,0,1,0,0,0,0,0,0,0,0,0,0,0,0,0,0,0,1,0,0,0,0,0,0,0,0,1,0,0,0,0,0,0,0,0,0,0,0,0,1,1,0,0,12.765691290604371,350000
0.1980287417180216,0.09644111792455802,-0.1607097220611672,-1.1427382348800126,1,0,0,1,0,0,0,0,1,0,0,0,0,0,0,0,0,0,0,0,0,0,0,0,0,0,0,0,0,1,0,0,0,0,0,0,0,0,0,0,1,0,0,11.736077016252437,125000
-1.383683877512786,0.09644111792455802,-0.05435590301429446,0.012564298104070972,0,1,0,0,0,0,0,0,0,0,0,0,0,0,0,0,0,1,0,0,0,0,0,0,0,0,0,0,0,0,1,0,0,0,0,0,0,0,0,1,1,0,0,12.821260987319457,370000
0.1980287417180216,0.09644111792455802,0.04709681838064869,1.1678668310881546,1,1,0,0,0,0,0,0,0,1,0,0,0,0,0,0,0,0,0,0,0,0,0,0,0,0,0,0,0,1,0,0,0,0,0,0,0,0,0,1,0,1,0,13.091906231773164,485000
-1.383683877512786,0.09644111792455802,-0.052395463953522604,0.012564298104070972,0,0,0,0,0,1,0,0,1,0,0,0,0,0,0,0,0,0,0,0,0,0,0,0,0,0,0,0,0,1,0,0,0,0,0,0,0,0,0,1,1,0,0,12.954865012245016,422888
0.1980287417180216,0.09644111792455802,-0.1313031361495895,-1.1427382348800126,1,0,0,1,0,0,0,0,1,0,0,0,0,0,0,0,0,0,0,0,0,0,0,0,0,1,0,0,0,0,0,0,0,0,0,0,0,0,0,1,0,1,0,12.154784614286667,190000
0.1980287417180216,2.139042323405362,0.3039143353417608,1.1678668310881546,0,1,0,0,0,0,0,0,0,0,0,0,0,1,0,0,0,0,0,0,0,0,0,0,0,0,0,0,0,0,0,0,0,0,0,0,0,1,0,1,0,0,1,13.353476685668044,630000
0.1980287417180216,2.139042323405362,0.3039143353417608,1.1678668310881546,0,1,0,0,0,0,0,0,0,0,0,0,0,1,0,0,0,0,0,0,0,0,0,0,0,0,0,0,0,0,0,0,0,0,0,0,0,1,0,1,0,0,1,13.384729180332174,650000
-1.383683877512786,0.09644111792455802,-0.098955891646854,1.1678668310881546,0,1,0,0,0,0,0,0,0,0,0,0,0,1,0,0,0,0,0,0,0,0,0,0,0,0,0,0,0,0,0,0,0,0,0,0,0,1,0,1,1,0,0,12.994532278619134,440000
0.1980287417180216,0.09644111792455802,-0.011226243677313794,0.012564298104070972,0,0,0,0,0,0,0,0,0,0,0,0,0,0,0,0,0,1,0,0,0,0,0,0,0,0,0,0,0,0,0,1,0,0,0,0,0,0,0,1,0,1,0,13.017005083966255,450000
0.1980287417180216,0.09644111792455802,-0.1607097220611672,-1.1427382348800126,0,0,0,1,0,0,0,0,0,0,0,0,0,0,0,0,0,1,0,0,0,0,0,0,0,0,0,0,0,1,0,0,0,0,0,0,0,0,0,1,0,0,1,11.813037464800539,135000
0.1980287417180216,0.09644111792455802,0.030923196129280944,1.1678668310881546,0,1,0,0,0,0,0,0,0,0,0,0,0,1,0,0,0,0,0,0,0,0,0,0,0,0,0,0,0,1,0,0,0,0,0,0,0,0,0,1,0,0,1,13.217675375388819,550000
0.1980287417180216,0.09644111792455802,0.08434516053531381,0.012564298104070972,0,1,0,0,0,0,0,0,0,0,0,0,0,1,0,0,0,0,0,0,0,0,0,0,1,0,0,0,0,0,0,0,0,0,0,0,0,0,0,1,0,1,0,13.304686600863562,600000
0.1980287417180216,0.09644111792455802,0.010828695756369498,1.1678668310881546,0,1,0,0,0,0,0,0,0,0,0,0,0,1,0,0,0,0,0,0,1,0,0,0,0,0,0,0,0,0,0,0,0,0,0,0,0,0,0,1,0,1,0,13.132315688453556,505000
1.779741360948829,0.09644111792455802,0.18187700380871324,0.012564298104070972,0,1,0,0,0,0,0,0,0,0,0,0,0,1,0,0,0,0,0,0,0,0,1,0,0,0,0,0,0,0,0,0,0,0,0,0,0,0,0,1,0,1,0,13.366095129723817,638000
0.1980287417180216,0.09644111792455802,-0.06268776902257481,0.012564298104070972,0,1,0,0,0,0,0,0,0,0,0,0,0,1,0,0,0,0,0,0,0,0,0,0,1,0,0,0,0,0,0,0,0,0,0,0,0,0,0,1,0,0,1,12.847929163278053,380000
0.1980287417180216,0.09644111792455802,-0.1362042338015191,0.012564298104070972,1,0,0,0,0,0,0,0,0,0,0,0,0,0,0,0,0,1,0,0,0,0,0,0,0,0,0,0,0,1,0,0,0,0,0,0,0,0,0,1,0,0,1,11.982935344196433,160000
0.1980287417180216,0.09644111792455802,0.08973636795243639,1.1678668310881546,0,1,0,0,0,0,0,0,0,0,0,0,0,0,0,0,0,1,0,0,0,1,0,0,0,0,0,0,0,0,0,0,0,0,0,0,0,0,0,1,0,0,1,13.081543466215237,480000
0.1980287417180216,2.139042323405362,0.2328484193887813,1.1678668310881546,0,1,0,0,0,0,0,0,0,0,0,0,0,0,0,0,0,1,0,0,0,0,0,0,0,0,1,0,0,0,0,0,0,0,0,0,0,0,0,1,0,0,1,13.353476685668044,630000
0.1980287417180216,0.09644111792455802,-0.011226243677313794,0.012564298104070972,1,0,0,0,0,0,0,0,0,1,0,0,0,0,0,0,0,0,0,0,0,0,0,0,0,0,0,0,0,1,0,0,0,0,0,0,0,0,0,1,0,1,0,12.487488878546145,265000
0.1980287417180216,0.09644111792455802,-0.009755914381734909,-1.1427382348800126,1,0,0,0,0,0,0,0,0,0,0,0,0,0,0,0,0,1,1,0,0,0,0,0,0,0,0,0,0,0,0,0,0,0,0,0,0,0,0,1,1,0,0,12.25486757159303,210000
0.1980287417180216,0.09644111792455802,0.016710012938685043,0.012564298104070972,0,1,0,0,0,0,0,0,0,0,0,0,0,0,0,0,0,1,0,0,0,0,0,0,0,0,1,0,0,0,0,0,0,0,0,0,0,0,0,1,0,0,1,12.706850963741102,330000
0.1980287417180216,0.09644111792455802,-0.15874928300039537,0.012564298104070972,0,0,0,0,0,0,0,0,0,0,0,0,0,1,0,0,0,0,0,0,0,0,0,0,0,0,0,0,0,1,0,0,0,0,0,0,0,0,0,1,0,0,1,12.762830066509972,349000
0.1980287417180216,0.09644111792455802,0.06719131875356013,1.1678668310881546,0,1,0,0,0,0,0,0,0,0,0,0,0,1,0,0,0,0,0,0,1,0,0,0,0,0,0,0,0,0,0,0,0,0,0,0,0,0,0,1,1,0,0,13.244582780038517,565000
0.1980287417180216,0.09644111792455802,0.06719131875356013,1.1678668310881546,0,1,0,0,0,0,0,0,0,0,0,0,0,1,0,0,0,0,0,0,1,0,0,0,0,0,0,0,0,0,0,0,0,0,0,0,0,0,0,1,0,0,1,13.304686600863562,600000
0.1980287417180216,0.09644111792455802,-0.0783712815087496,1.1678668310881546,0,0,0,0,0,0,0,0,0,0,0,0,0,0,0,0,0,1,0,0,0,0,0,0,0,0,0,0,0,1,0,0,0,0,0,0,0,0,0,0,0,0,1,12.577639650232573,290000
0.1980287417180216,0.09644111792455802,0.0598396722756657,1.1678668310881546,0,1,0,0,0,0,0,0,0,0,0,0,0,1,0,0,0,0,0,0,1,0,0,0,0,0,0,0,0,0,0,0,0,0,0,0,0,0,0,1,0,0,1,13.45883704259595,700000
0.1980287417180216,0.09644111792455802,-0.08719325728222291,0.012564298104070972,1,0,0,0,0,0,0,0,0,1,0,0,0,0,0,0,0,0,0,0,0,0,0,0,0,0,0,0,0,0,0,0,0,0,0,1,0,0,0,0,0,0,1,12.611541086966115,300000
0.1980287417180216,0.09644111792455802,0.13335613705461002,1.1678668310881546,0,1,0,0,0,0,0,0,0,0,0,0,0,1,0,0,0,0,0,0,0,0,0,0,0,0,0,0,0,0,0,0,0,0,0,0,0,1,0,1,0,0,1,13.407543823396258,665000
0.1980287417180216,0.09644111792455802,0.13335613705461002,1.1678668310881546,0,1,0,0,0,0,0,0,0,0,0,0,0,1,0,0,0,0,0,0,0,0,0,0,0,0,0,0,0,0,0,0,0,0,0,0,0,1,0,1,1,0,0,13.304686600863562,600000
-1.383683877512786,0.09644111792455802,-0.013676792503278605,0.012564298104070972,0,1,0,0,0,0,0,0,0,1,0,0,0,0,0,0,0,0,0,0,0,0,0,0,0,0,0,0,0,1,0,0,0,0,0,0,0,0,0,1,1,0,0,13.138238695062618,508000
0.1980287417180216,0.09644111792455802,0.002006719982896181,-1.1427382348800126,0,1,0,0,0,0,0,0,0,1,0,0,0,0,0,0,0,0,0,0,0,0,0,0,0,0,0,0,0,1,0,0,0,0,0,0,0,0,0,1,0,0,0,12.834683971615659,375000
-1.383683877512786,0.09644111792455802,-0.045043817475628176,-1.1427382348800126,1,0,0,0,0,1,0,0,0,1,0,0,0,0,0,0,0,0,0,0,0,0,0,0,0,0,0,0,0,1,0,0,0,0,0,0,0,0,0,1,0,0,0,13.458835614025542,699999
0.1980287417180216,0.09644111792455802,-0.010736133912120832,-1.1427382348800126,0,1,0,0,0,0,0,0,0,0,0,0,0,0,0,0,0,1,0,0,0,0,0,0,0,0,0,0,0,0,0,0,0,0,1,0,0,0,0,1,0,0,0,12.676079399771027,320000
0.1980287417180216,0.09644111792455802,0.0598396722756657,-1.1427382348800126,1,1,0,0,0,0,0,0,0,1,0,0,0,0,0,0,0,0,0,0,0,0,0,0,0,0,0,0,0,1,0,0,0,0,0,0,0,0,0,1,0,0,0,13.017005083966255,450000
0.1980287417180216,0.09644111792455802,-0.06268776902257481,0.012564298104070972,0,1,0,0,0,0,0,0,0,0,0,0,0,1,0,0,0,0,0,1,0,0,0,0,0,0,0,0,0,0,0,0,0,0,0,0,0,0,0,1,0,0,1,12.948012371209098,420000
0.1980287417180216,2.139042323405362,0.15786162531425812,1.1678668310881546,0,1,0,0,0,0,0,0,0,0,0,0,0,1,0,0,0,0,0,0,1,0,0,0,0,0,0,0,0,0,0,0,0,0,0,0,0,0,0,1,0,1,0,13.399996629152975,660000
4.943166599410444,6.2242447343669705,1.1625866439598302,3.4784718970563215,0,1,0,0,0,0,0,0,0,0,0,0,0,1,0,0,0,0,0,1,0,0,0,0,0,0,0,0,0,0,0,0,0,0,0,0,0,0,0,1,1,0,0,13.592368256649284,800000
1.779741360948829,0.09644111792455802,0.0534682453281572,0.012564298104070972,0,1,0,0,0,0,0,0,0,0,0,0,0,1,0,0,0,0,0,0,0,0,0,0,0,0,0,0,0,1,0,0,0,0,0,0,0,0,0,1,0,1,0,13.091906231773164,485000
0.1980287417180216,0.09644111792455802,0.14560888118443407,1.1678668310881546,0,1,0,0,0,0,0,0,0,0,0,0,0,1,0,0,0,0,0,0,0,0,0,0,0,0,0,0,0,0,0,0,0,0,0,0,0,1,0,1,0,1,0,13.3374763699232,620000
0.1980287417180216,0.09644111792455802,-0.08719325728222291,0.012564298104070972,0,0,0,0,0,0,0,0,0,0,0,0,0,1,0,0,0,0,0,0,0,0,0,0,1,0,0,0,0,0,0,0,0,0,0,0,0,0,0,1,0,0,1,12.765691290604371,350000
0.1980287417180216,0.09644111792455802,-0.05974711043141704,1.1678668310881546,0,0,0,0,0,0,0,0,0,0,0,0,0,1,0,0,0,0,0,0,0,0,0,0,1,0,0,0,0,0,0,0,0,0,0,0,0,0,0,1,0,0,1,12.971542813248437,430000
0.1980287417180216,0.09644111792455802,-0.12591192873246693,0.012564298104070972,0,1,0,0,0,0,0,0,0,0,0,0,0,1,0,0,0,0,0,0,0,0,0,0,0,0,0,0,0,1,0,0,0,0,0,0,0,0,0,1,0,0,1,12.676079399771027,320000
0.1980287417180216,0.09644111792455802,-0.1362042338015191,0.012564298104070972,0,1,0,0,0,0,0,0,0,0,0,0,0,1,0,0,0,0,0,0,0,0,1,0,0,0,0,0,0,0,0,0,0,0,0,0,0,0,0,1,0,0,1,12.765691290604371,350000
0.1980287417180216,0.09644111792455802,-0.1362042338015191,0.012564298104070972,0,0,0,0,0,0,0,0,0,0,0,0,0,1,0,0,0,0,0,0,0,0,0,0,1,0,0,0,0,0,0,0,0,0,0,0,0,0,0,1,0,1,0,12.793862088206213,360000
0.1980287417180216,0.09644111792455802,-0.08180204986510033,0.012564298104070972,0,0,0,0,0,0,0,0,0,0,0,0,0,0,0,0,0,1,0,0,0,0,0,0,0,0,0,0,0,0,0,0,0,0,0,0,1,0,0,0,0,0,1,12.524530013005734,275000
0.1980287417180216,0.09644111792455802,0.16913414991369624,-1.1427382348800126,0,1,0,0,0,0,0,0,0,1,0,0,0,0,0,0,0,0,0,0,0,0,0,0,0,0,0,0,0,1,0,0,0,0,0,0,0,0,0,1,0,0,0,12.779875885354993,355000
0.1980287417180216,0.09644111792455802,0.01131880552156246,-1.1427382348800126,1,0,0,0,0,1,0,0,0,0,0,0,0,0,0,0,0,1,0,0,0,0,0,0,0,0,0,0,0,1,0,0,0,0,0,0,0,0,0,1,0,0,0,13.005831808336863,445000
0.1980287417180216,0.09644111792455802,-0.030340524519839315,-1.1427382348800126,1,1,0,0,0,0,0,0,0,0,0,0,0,0,0,0,0,1,0,0,0,0,0,0,0,0,0,0,0,1,0,0,0,0,0,0,0,0,0,0,0,0,0,12.587931300962664,293000
0.1980287417180216,0.09644111792455802,0.021611110590614664,1.1678668310881546,0,1,0,0,0,0,0,0,0,0,0,0,0,0,0,0,0,1,0,0,0,0,0,0,0,0,0,0,0,1,0,0,0,0,0,0,0,0,0,1,0,0,1,12.84265212010087,378000
0.1980287417180216,0.09644111792455802,0.1441385518888552,-1.1427382348800126,0,1,0,0,0,0,0,0,0,1,0,0,0,0,0,0,0,0,0,0,0,0,0,0,0,0,0,0,0,1,0,0,0,0,0,0,0,0,0,1,0,0,0,12.955129822091815,423000
0.1980287417180216,0.09644111792455802,0.01572979340829912,-1.1427382348800126,0,1,0,0,0,0,0,0,0,0,0,0,0,0,0,0,0,1,0,0,0,0,0,0,0,0,0,0,0,1,0,0,0,0,0,0,0,0,0,0,0,0,0,12.721888795877375,335000
0.1980287417180216,0.09644111792455802,-0.15727895370481648,-1.1427382348800126,1,0,0,1,0,0,0,0,0,0,0,0,0,0,0,0,0,1,0,0,0,0,0,0,0,0,0,0,0,1,0,0,0,0,0,0,0,0,0,1,0,0,1,12.07254696717504,175000
0.1980287417180216,0.09644111792455802,-0.04161304911927744,0.012564298104070972,0,1,0,0,0,0,0,0,0,0,0,0,0,0,0,0,0,1,0,0,0,0,0,0,0,0,0,0,0,1,0,0,0,0,0,0,0,0,0,1,0,0,0,12.788291058675025,358000
-2.9653964967435935,-1.946160087556246,-0.23422618684011154,-1.1427382348800126,1,0,0,0,0,1,0,0,0,0,0,0,0,0,0,1,0,0,0,0,0,0,0,0,0,0,0,1,0,0,0,0,0,0,0,0,0,0,0,1,1,0,0,13.279368835614243,585000
-1.383683877512786,-1.946160087556246,-0.19893828374621828,-1.1427382348800126,1,0,0,1,0,0,0,0,0,0,0,0,0,0,0,0,0,1,0,0,0,0,0,0,0,0,0,0,0,0,0,0,0,0,0,0,1,0,0,0,1,0,0,11.884495917930655,145000
0.1980287417180216,0.09644111792455802,0.10689020973419006,1.1678668310881546,1,1,0,0,0,0,0,0,0,1,0,0,0,0,0,0,0,0,0,0,0,0,0,0,0,0,0,0,0,1,0,0,0,0,0,0,0,0,0,0,0,0,1,13.444448325847754,690000
0.1980287417180216,0.09644111792455802,0.02063089106022874,0.012564298104070972,0,1,0,0,0,0,0,0,0,0,0,0,0,1,0,0,0,0,0,0,1,0,0,0,0,0,0,0,0,0,0,0,0,0,0,0,0,0,0,1,0,0,1,13.455975814408239,698000
1.779741360948829,2.139042323405362,0.2999934572202171,2.323169364072238,0,1,0,0,0,0,0,0,0,0,0,0,0,1,0,0,0,0,0,0,1,0,0,0,0,0,0,0,0,0,0,0,0,0,0,0,0,0,0,1,0,0,0,13.304686600863562,600000
0.1980287417180216,0.09644111792455802,-0.030340524519839315,0.012564298104070972,1,0,0,0,0,0,0,0,1,0,0,0,0,0,0,0,0,0,0,0,0,0,0,0,0,1,0,0,0,0,0,0,0,0,0,0,0,0,0,1,1,0,0,12.847929163278053,380000
1.779741360948829,2.139042323405362,0.0353341840160176,1.1678668310881546,1,1,0,0,0,0,0,0,0,0,0,0,1,0,0,0,0,0,0,0,0,0,0,0,0,0,0,0,0,1,0,0,0,0,0,0,0,0,0,1,0,0,0,13.060490101343552,470000
0.1980287417180216,0.09644111792455802,-0.08180204986510033,-1.1427382348800126,0,1,0,0,0,0,0,0,0,0,0,0,0,0,0,0,0,1,0,0,0,0,0,0,0,0,0,0,0,1,0,0,0,0,0,0,0,0,0,1,0,1,0,12.765691290604371,350000
0.1980287417180216,0.09644111792455802,0.31273631111523414,-1.1427382348800126,1,1,0,0,0,0,0,0,1,0,0,0,0,0,0,0,0,0,0,0,0,0,0,0,0,1,0,0,0,0,0,0,0,0,0,0,0,0,0,1,0,0,1,12.899222326086994,400000
0.1980287417180216,0.09644111792455802,-0.013676792503278605,1.1678668310881546,0,1,0,0,0,0,0,0,0,0,0,0,0,0,0,0,0,1,0,0,0,0,0,0,0,0,0,0,0,1,0,0,0,0,0,0,0,0,0,1,0,0,0,12.742568940017076,342000
0.1980287417180216,2.139042323405362,0.3039143353417608,1.1678668310881546,0,1,0,0,0,0,0,0,0,0,0,0,0,1,0,0,0,0,0,0,0,0,0,0,0,0,0,0,0,0,0,0,0,0,0,0,0,1,0,1,0,0,1,13.384729180332174,650000
-2.9653964967435935,-1.946160087556246,-0.17541301501695608,-1.1427382348800126,0,0,0,0,0,1,0,0,0,1,0,0,0,0,0,0,0,0,0,0,0,0,0,0,0,0,0,0,0,1,0,0,0,0,0,0,0,0,0,1,0,0,1,12.81584093453868,368000
0.1980287417180216,0.09644111792455802,-0.0019141581386475156,-1.1427382348800126,1,1,0,0,0,0,0,0,0,0,0,0,0,0,0,0,0,1,0,0,0,0,0,0,0,0,0,0,0,1,0,0,0,0,0,0,0,0,0,0,0,0,1,12.409017571151187,245000
-1.383683877512786,-1.946160087556246,-0.19991850327660418,0.012564298104070972,1,0,0,0,0,0,0,0,0,1,0,0,0,0,0,0,0,0,0,0,0,0,0,0,0,0,0,0,0,0,0,0,0,1,0,0,0,0,0,0,0,0,1,12.388398368982115,240000
0.1980287417180216,0.09644111792455802,0.14315833235846925,0.012564298104070972,0,1,0,0,0,0,0,0,0,1,0,0,0,0,0,0,0,0,1,0,0,0,0,0,0,0,0,0,0,0,0,0,0,0,0,0,0,0,0,0,0,0,1,12.793862088206213,360000
-2.9653964967435935,-1.946160087556246,-0.17639323454734201,1.1678668310881546,1,1,0,0,0,0,0,0,0,1,0,0,0,0,0,0,0,0,0,0,0,1,0,0,0,0,0,0,0,0,0,0,0,0,0,0,0,0,0,1,0,0,1,12.669809806411457,318000
0.1980287417180216,0.09644111792455802,0.0598396722756657,0.012564298104070972,0,1,0,0,0,0,0,0,0,0,0,0,0,0,0,0,0,1,1,0,0,0,0,0,0,0,0,0,0,0,0,0,0,0,0,0,0,0,0,1,0,0,1,12.873904582205107,390000
0.1980287417180216,0.09644111792455802,0.0534682453281572,1.1678668310881546,0,1,0,0,0,0,0,0,0,0,0,0,0,1,0,0,0,0,0,0,0,0,0,0,0,0,0,0,0,1,0,0,0,0,0,0,0,0,0,1,1,0,0,13.005831808336863,445000
0.1980287417180216,0.09644111792455802,0.24118028539706166,0.012564298104070972,0,1,0,0,0,0,0,0,0,0,0,0,0,0,0,0,0,1,0,0,0,1,0,0,0,0,0,0,0,0,0,0,0,0,0,0,0,0,0,1,0,1,0,12.34148164933907,229000
0.1980287417180216,0.09644111792455802,-0.04259326864966337,0.012564298104070972,1,1,0,0,0,0,0,0,0,1,0,0,0,0,0,0,0,0,0,0,0,0,0,0,0,0,0,0,0,0,0,0,0,1,0,0,0,0,0,0,1,0,0,12.873904582205107,390000
0.1980287417180216,0.09644111792455802,-0.07739106197836368,0.012564298104070972,0,0,0,0,0,0,0,0,0,0,0,0,0,0,0,0,0,1,0,0,0,1,0,0,0,0,0,0,0,0,0,0,0,0,0,0,0,0,0,0,1,0,0,12.323860125621126,225000
0.1980287417180216,0.09644111792455802,0.10885064879496191,1.1678668310881546,0,1,0,0,0,0,0,0,0,0,0,0,0,1,0,0,0,0,0,0,0,0,0,0,0,0,0,0,0,0,0,0,0,0,0,0,0,1,0,1,0,0,1,13.304686600863562,600000
0.1980287417180216,0.09644111792455802,-0.1724723564257983,-1.1427382348800126,1,0,0,0,0,0,0,0,0,0,0,0,0,1,0,0,0,0,0,1,0,0,0,0,0,0,0,0,0,0,0,0,0,0,0,0,0,0,0,1,1,0,0,12.04355959836804,170000
0.1980287417180216,0.09644111792455802,0.0598396722756657,1.1678668310881546,0,1,0,0,0,0,0,0,0,0,0,0,0,1,0,0,0,0,0,0,0,0,0,0,0,0,0,0,0,0,0,0,0,0,0,0,0,1,0,1,1,0,0,13.304686600863562,600000
0.1980287417180216,0.09644111792455802,0.10885064879496191,3.4784718970563215,0,1,0,0,0,0,0,0,0,0,0,0,0,1,0,0,0,0,0,0,0,0,0,0,0,0,0,0,0,0,0,0,0,0,0,0,0,1,0,1,0,0,1,13.329379172803593,615000
0.1980287417180216,0.09644111792455802,-0.013676792503278605,0.012564298104070972,0,1,0,0,0,0,0,0,0,0,0,0,0,1,0,0,0,0,0,1,0,0,0,0,0,0,0,0,0,0,0,0,0,0,0,0,0,0,0,1,0,0,1,12.818554633046093,369000
0.1980287417180216,-1.946160087556246,-0.1729624661909913,-1.1427382348800126,0,0,0,1,0,0,0,0,0,0,0,0,0,1,0,0,0,0,0,0,1,0,0,0,0,0,0,0,0,0,0,0,0,0,0,0,0,0,0,1,1,0,0,12.345838935721968,230000
0.1980287417180216,0.09644111792455802,0.030923196129280944,1.1678668310881546,1,0,0,0,0,0,0,0,0,0,0,0,0,0,0,0,0,1,0,0,0,0,0,0,0,0,0,0,0,0,0,0,0,0,0,0,1,0,0,1,0,1,0,12.866182555987908,387000
0.1980287417180216,0.09644111792455802,0.0598396722756657,1.1678668310881546,0,1,0,0,0,0,0,0,0,0,0,0,0,1,0,0,0,0,0,0,1,0,0,0,0,0,0,0,0,0,0,0,0,0,0,0,0,0,0,1,1,0,0,13.399996629152975,660000
0.1980287417180216,0.09644111792455802,0.07454296523145457,1.1678668310881546,0,1,0,0,0,0,0,0,0,0,0,0,0,1,0,0,0,0,0,0,1,0,0,0,0,0,0,0,0,0,0,0,0,0,0,0,0,0,0,1,0,0,1,13.304686600863562,600000
0.1980287417180216,0.09644111792455802,-0.1362042338015191,0.012564298104070972,1,0,0,0,0,0,0,0,0,0,0,0,0,1,0,0,0,0,0,1,0,0,0,0,0,0,0,0,0,0,0,0,0,0,0,0,0,0,0,1,0,0,1,12.54254845357358,280000
0.1980287417180216,2.139042323405362,0.15786162531425812,1.1678668310881546,0,1,0,0,0,0,0,0,0,0,0,0,0,1,0,0,0,0,0,0,1,0,0,0,0,0,0,0,0,0,0,0,0,0,0,0,0,0,0,1,0,0,1,13.51440681653079,740000
0.1980287417180216,0.09644111792455802,0.10885064879496191,1.1678668310881546,0,1,0,0,0,0,0,0,0,0,0,0,0,1,0,0,0,0,0,0,0,0,0,0,0,0,0,0,0,0,0,0,0,0,0,0,0,1,0,1,0,1,0,13.25339339419516,570000
0.1980287417180216,0.09644111792455802,0.10885064879496191,1.1678668310881546,0,1,0,0,0,0,0,0,0,0,0,0,0,1,0,0,0,0,0,0,0,0,0,0,0,0,0,0,0,0,0,0,0,0,0,0,0,1,0,1,1,0,0,13.399996629152975,660000
0.1980287417180216,0.09644111792455802,-0.15090752675730798,-1.1427382348800126,0,0,0,0,0,0,0,0,0,0,0,0,0,0,0,0,0,1,0,0,0,0,0,0,0,0,0,0,0,0,0,1,0,0,0,0,0,0,0,1,0,0,0,11.918397239722838,150000
0.1980287417180216,0.09644111792455802,-0.0822921596302933,0.012564298104070972,0,0,0,0,0,0,0,0,0,0,0,0,0,1,0,0,0,0,0,0,0,0,0,0,0,0,0,0,0,0,0,0,0,0,0,0,0,1,0,1,0,0,1,12.54254845357358,280000
0.1980287417180216,0.09644111792455802,0.1064000999689971,1.1678668310881546,0,1,0,0,0,0,0,0,0,0,0,0,0,1,0,0,0,0,0,1,0,0,0,0,0,0,0,0,0,0,0,0,0,0,0,0,0,0,0,1,0,0,1,13.3374763699232,620000
0.1980287417180216,0.09644111792455802,0.28823082285558604,1.1678668310881546,1,1,0,0,0,0,0,0,0,0,0,0,0,1,0,0,0,0,0,0,1,0,0,0,0,0,0,0,0,0,0,0,0,0,0,0,0,0,0,1,0,0,1,13.592368256649284,800000
0.1980287417180216,0.09644111792455802,-0.1362042338015191,0.012564298104070972,0,0,0,0,0,0,0,0,0,0,0,0,0,1,0,0,0,0,0,0,0,0,0,0,1,0,0,0,0,0,0,0,0,0,0,0,0,0,0,1,0,0,1,12.676079399771027,320000
0.1980287417180216,0.09644111792455802,0.010828695756369498,1.1678668310881546,1,0,0,0,0,0,0,0,0,0,0,0,0,1,0,0,0,0,0,0,0,0,0,1,0,0,0,0,0,0,0,0,0,0,0,0,0,0,0,1,1,0,0,13.112315061750808,495000
0.1980287417180216,0.09644111792455802,-0.08719325728222291,1.1678668310881546,1,0,0,0,0,0,0,0,0,0,0,0,0,1,0,0,0,0,0,0,0,0,0,1,0,0,0,0,0,0,0,0,0,0,0,0,0,0,0,1,1,0,0,12.948012371209098,420000
-2.9653964967435935,-1.946160087556246,-0.16561081971309685,0.012564298104070972,0,1,0,0,0,0,0,0,1,0,0,0,0,0,0,0,0,0,0,0,0,0,0,0,0,1,0,0,0,0,0,0,0,0,0,0,0,0,0,1,1,0,0,12.94323910384853,418000
0.1980287417180216,2.139042323405362,0.34900443373951334,2.323169364072238,1,1,0,0,0,0,0,0,0,1,0,0,0,0,0,0,0,0,0,0,0,0,0,0,0,0,0,0,0,1,0,0,0,0,0,0,0,0,0,1,0,0,1,13.539758373899955,759000
0.1980287417180216,0.09644111792455802,0.0353341840160176,-1.1427382348800126,0,1,0,0,0,0,0,0,0,0,0,0,0,0,0,0,0,1,0,0,0,0,0,0,0,0,1,0,0,0,0,0,0,0,0,0,0,0,0,1,0,0,0,12.577639650232573,290000
0.1980287417180216,0.09644111792455802,-0.013676792503278605,0.012564298104070972,1,0,0,0,0,1,0,0,0,1,0,0,0,0,0,0,0,0,0,0,0,0,0,0,0,0,0,0,0,1,0,0,0,0,0,0,0,0,0,0,1,0,0,13.651815643149092,849000
1.779741360948829,2.139042323405362,0.15786162531425812,-1.1427382348800126,0,1,0,0,0,0,0,0,0,0,0,0,0,0,0,0,0,1,0,0,0,1,0,0,0,0,0,0,0,0,0,0,0,0,0,0,0,0,0,1,1,0,0,12.524530013005734,275000
-1.383683877512786,-1.946160087556246,-0.12052072131534433,0.012564298104070972,0,0,0,0,0,1,0,0,1,0,0,0,0,0,0,0,0,0,0,0,0,0,0,0,0,1,0,0,0,0,0,0,0,0,0,0,0,0,0,1,0,0,1,12.807655372286902,365000
0.1980287417180216,0.09644111792455802,-0.032791073345804125,-1.1427382348800126,0,1,0,0,0,0,0,0,0,1,0,0,0,0,0,0,0,0,0,0,0,0,0,0,0,0,0,0,0,0,0,0,0,0,0,1,0,0,0,1,0,0,0,12.59473402514672,295000
0.1980287417180216,0.09644111792455802,0.050037476971806466,-1.1427382348800126,0,1,0,0,0,0,0,0,0,1,0,0,0,0,0,0,0,0,0,0,0,0,0,0,0,0,0,0,0,0,0,0,0,0,0,1,0,0,0,0,0,0,0,12.886643575525625,395000
0.1980287417180216,0.09644111792455802,-0.11022841624629214,-1.1427382348800126,0,0,0,0,0,0,0,0,0,1,0,0,0,0,0,0,0,0,0,0,0,0,0,0,0,0,0,0,0,1,0,0,0,0,0,0,0,0,0,1,0,0,0,12.358798024384122,233000
-1.383683877512786,0.09644111792455802,-0.12003061155015138,0.012564298104070972,1,1,0,0,0,0,0,0,0,0,0,0,0,0,0,0,0,1,0,0,0,0,0,0,0,0,0,0,0,0,0,0,0,0,0,0,1,0,0,0,0,0,1,12.468440756144114,260000
0.1980287417180216,0.09644111792455802,-0.11169874554187102,0.012564298104070972,0,0,0,0,0,0,0,0,0,0,0,0,0,1,0,0,0,0,0,0,0,0,0,0,0,0,0,0,0,0,0,0,0,0,0,0,0,1,0,1,0,0,1,12.669809806411457,318000
0.1980287417180216,0.09644111792455802,-0.028380085459067467,0.012564298104070972,1,1,0,0,0,0,0,0,0,1,0,0,0,0,0,0,0,0,0,0,0,1,0,0,0,0,0,0,0,0,0,0,0,0,0,0,0,0,0,1,0,0,0,12.75130259456002,345000
1.779741360948829,0.09644111792455802,0.11228141715131264,0.012564298104070972,1,0,0,0,0,1,0,0,0,1,0,0,0,0,0,0,0,0,0,0,0,1,0,0,0,0,0,0,0,0,0,0,0,0,0,0,0,0,0,1,0,1,0,13.190023895035274,535000
0.1980287417180216,0.09644111792455802,-0.09797567211646808,0.012564298104070972,1,0,0,0,0,0,0,0,0,0,0,0,0,0,0,0,0,1,0,0,0,0,0,0,0,0,0,0,0,0,0,0,0,0,0,0,1,0,0,0,0,1,0,12.429220196836383,250000
-2.9653964967435935,-1.946160087556246,-0.2141316864672001,-1.1427382348800126,0,0,0,0,0,1,0,0,0,0,0,0,1,0,0,0,0,0,0,0,0,0,0,0,0,0,0,0,0,1,0,0,0,0,0,0,0,0,0,0,0,0,1,12.971542813248437,430000
0.1980287417180216,0.09644111792455802,0.03778473284198241,-1.1427382348800126,1,0,0,0,0,0,0,0,0,0,0,0,0,0,0,0,0,1,0,0,0,0,0,0,0,0,0,0,0,0,0,0,0,0,0,0,1,0,0,0,1,0,0,12.278397958261774,215000
0.1980287417180216,0.09644111792455802,-0.03818228076292671,1.1678668310881546,1,1,0,0,0,0,0,0,0,0,0,0,0,1,0,0,0,0,0,0,0,0,0,0,1,0,0,0,0,0,0,0,0,0,0,0,0,0,0,1,0,0,0,12.793862088206213,360000
0.1980287417180216,0.09644111792455802,0.013279244582334308,-1.1427382348800126,1,1,0,0,0,0,0,0,0,1,0,0,0,0,0,0,0,0,0,0,0,0,0,0,0,0,0,0,0,0,0,0,0,1,0,0,0,0,0,0,0,0,0,12.560247968016562,285000
0.1980287417180216,0.09644111792455802,0.04807703791103461,0.012564298104070972,0,1,0,0,0,0,0,0,0,0,0,0,0,0,0,0,0,1,0,0,0,0,0,0,0,0,0,0,0,0,0,1,0,0,0,0,0,0,0,1,0,0,1,12.94323910384853,418000
-1.383683877512786,-1.946160087556246,-0.19991850327660418,-1.1427382348800126,0,0,0,1,0,0,0,0,1,0,0,0,0,0,0,0,0,0,0,0,0,0,0,0,0,0,0,0,0,1,0,0,0,0,0,0,0,0,0,1,0,1,0,12.07254696717504,175000
1.779741360948829,2.139042323405362,0.13335613705461002,1.1678668310881546,0,1,0,0,0,0,0,0,0,1,0,0,0,0,0,0,0,0,0,0,0,0,0,0,0,0,0,0,0,1,0,0,0,0,0,0,0,0,0,0,0,0,1,13.384729180332174,650000
0.1980287417180216,-1.946160087556246,-0.16267016112193908,-1.1427382348800126,1,1,0,0,0,0,0,0,0,0,0,0,0,1,0,0,0,0,0,0,0,0,0,0,1,0,0,0,0,0,0,0,0,0,0,0,0,0,0,1,0,0,1,12.542552024983019,280001
0.1980287417180216,0.09644111792455802,-0.025929536633102657,1.1678668310881546,1,1,0,0,0,0,0,0,0,0,0,0,0,1,0,0,0,0,0,0,0,0,0,0,1,0,0,0,0,0,0,0,0,0,0,0,0,0,0,1,0,0,1,13.244582780038517,565000
0.1980287417180216,0.09644111792455802,-0.04308337841485633,0.012564298104070972,0,0,0,0,0,0,0,0,0,0,0,0,0,0,0,0,0,1,0,0,0,0,0,0,0,0,0,0,0,1,0,0,0,0,0,0,0,0,0,1,1,0,0,13.1421679654829,510000
0.1980287417180216,0.09644111792455802,-0.09993611117723993,0.012564298104070972,1,0,0,0,0,1,0,0,0,1,0,0,0,0,0,0,0,0,0,0,0,1,0,0,0,0,0,0,0,0,0,0,0,0,0,0,0,0,0,1,0,0,1,13.180634172318978,530000
0.1980287417180216,0.09644111792455802,0.04464626955468388,-1.1427382348800126,0,0,0,0,0,0,0,0,0,0,0,0,0,0,0,0,0,1,0,0,0,0,0,0,0,0,1,0,0,0,0,0,0,0,0,0,0,0,0,1,0,0,0,12.437188334739655,252000
0.1980287417180216,0.09644111792455802,-0.1362042338015191,1.1678668310881546,1,0,0,0,0,0,0,0,0,0,0,0,0,1,0,0,0,0,0,1,0,0,0,0,0,0,0,0,0,0,0,0,0,0,0,0,0,0,0,1,0,1,0,12.460718739865236,258000
0.1980287417180216,0.09644111792455802,-0.12591192873246693,0.012564298104070972,0,1,0,0,0,0,0,0,0,0,0,0,0,1,0,0,0,0,0,0,0,0,1,0,0,0,0,0,0,0,0,0,0,0,0,0,0,0,0,1,0,0,1,12.506180941677357,270000
0.1980287417180216,0.09644111792455802,-0.1362042338015191,0.012564298104070972,0,1,0,0,0,0,0,0,0,0,0,0,0,1,0,0,0,0,0,0,0,0,1,0,0,0,0,0,0,0,0,0,0,0,0,0,0,0,0,1,1,0,0,12.73080413304066,338000
-1.383683877512786,-1.946160087556246,-0.19991850327660418,-1.1427382348800126,0,0,0,1,0,0,0,0,1,0,0,0,0,0,0,0,0,0,0,0,0,0,0,0,0,0,0,0,0,1,0,0,0,0,0,0,0,0,0,1,0,1,0,12.07254696717504,175000
-1.383683877512786,0.09644111792455802,0.10296933161264636,1.1678668310881546,1,1,0,0,0,0,0,0,0,0,0,0,0,0,0,0,0,1,0,0,0,0,0,0,0,0,0,0,0,0,1,0,0,0,0,0,0,0,0,0,0,0,1,13.217675375388819,550000
0.1980287417180216,0.09644111792455802,-0.1607097220611672,-1.1427382348800126,1,0,0,1,0,0,0,0,0,0,0,0,0,0,0,0,0,1,0,0,0,0,0,0,0,0,0,0,0,1,0,0,0,0,0,0,0,0,0,0,0,0,1,11.51293546492023,100000
0.1980287417180216,-1.946160087556246,-0.18374488102523645,-1.1427382348800126,1,0,0,0,0,0,0,0,0,0,0,0,1,0,0,0,0,0,0,0,0,0,0,0,0,0,0,0,0,0,0,0,1,0,0,0,0,0,0,0,0,0,1,12.206077645517674,200000
0.1980287417180216,0.09644111792455802,-0.06170754949218889,0.012564298104070972,1,0,0,0,0,0,0,0,0,0,0,0,0,0,0,0,0,1,0,0,0,0,0,0,0,0,0,0,0,0,0,1,0,0,0,0,0,0,0,1,1,0,0,12.608202196848836,299000
-1.383683877512786,0.09644111792455802,-0.10434709906397659,1.1678668310881546,0,1,0,0,0,0,0,0,0,0,0,0,0,1,0,0,0,0,0,0,0,0,0,0,0,0,0,0,0,0,0,0,0,0,0,0,0,1,0,1,1,0,0,12.899222326086994,400000
-1.383683877512786,0.09644111792455802,-0.202369052102569,1.1678668310881546,0,0,0,0,0,0,0,0,0,1,0,0,0,0,0,0,0,0,0,0,0,0,0,0,0,0,0,0,0,1,0,0,0,0,0,0,0,0,0,1,1,0,0,12.676079399771027,320000
0.1980287417180216,0.09644111792455802,-0.08719325728222291,-1.1427382348800126,0,0,0,0,0,0,0,0,0,0,0,0,0,0,0,0,0,1,0,0,0,0,0,0,0,0,0,0,0,1,0,0,0,0,0,0,0,0,0,1,0,0,0,12.429220196836383,250000
0.1980287417180216,0.09644111792455802,0.020140781295035777,-1.1427382348800126,0,1,0,0,0,0,0,0,0,1,0,0,0,0,0,0,0,0,0,0,0,0,0,0,0,0,0,0,0,1,0,0,0,0,0,0,0,0,0,1,0,0,0,13.304684934198283,599999
0.1980287417180216,0.09644111792455802,0.18873854052141473,-1.1427382348800126,1,1,0,0,0,0,0,0,0,1,0,0,0,0,0,0,0,0,0,0,0,0,0,0,0,0,0,0,0,0,0,0,0,1,0,0,0,0,0,1,0,0,0,13.122363377404328,499999
0.1980287417180216,0.09644111792455802,-0.07101963503085516,-1.1427382348800126,0,0,0,0,0,0,0,0,1,0,0,0,0,0,0,0,0,0,0,0,0,0,0,0,0,1,0,0,0,0,0,0,0,0,0,0,0,0,0,1,0,0,1,12.380030154325457,238000
0.1980287417180216,0.09644111792455802,-0.07248996432643405,0.012564298104070972,1,1,0,0,0,0,0,0,0,1,0,0,0,0,0,0,0,0,0,0,0,0,0,0,0,0,0,0,0,0,0,0,0,0,0,1,0,0,0,1,0,0,1,12.429220196836383,250000
0.1980287417180216,0.09644111792455802,-0.08719325728222291,0.012564298104070972,1,0,0,0,0,0,0,0,0,1,0,0,0,0,0,0,0,0,0,0,0,0,0,0,0,0,0,0,0,1,0,0,0,0,0,0,0,0,0,1,0,0,1,12.899222326086994,400000
0.1980287417180216,0.09644111792455802,-0.12150094084573025,0.012564298104070972,1,0,0,0,0,0,0,0,0,0,0,0,0,1,0,0,0,0,0,0,0,0,0,1,0,0,0,0,0,0,0,0,0,0,0,0,0,0,0,1,0,1,0,12.535379989788607,278000
0.1980287417180216,0.09644111792455802,0.028472647303316133,1.1678668310881546,0,1,0,0,0,0,0,0,0,0,0,0,0,1,0,0,0,0,0,0,0,0,0,0,1,0,0,0,0,0,0,0,0,0,0,0,0,0,0,1,0,0,1,13.527829818844937,750000
0.1980287417180216,0.09644111792455802,-0.06219765925738185,1.1678668310881546,1,1,0,0,0,0,0,0,0,0,0,0,0,1,0,0,0,0,0,0,0,0,0,0,1,0,0,0,0,0,0,0,0,0,0,0,0,0,0,1,0,0,1,13.513054553109397,739000
0.1980287417180216,0.09644111792455802,-0.1362042338015191,0.012564298104070972,0,0,0,0,0,0,0,0,0,0,0,0,0,1,0,0,0,0,0,0,0,0,0,0,1,0,0,0,0,0,0,0,0,0,0,0,0,0,0,1,0,0,1,12.861001210669146,385000
0.1980287417180216,0.09644111792455802,-0.08719325728222291,0.012564298104070972,1,0,0,0,0,0,0,0,0,0,0,0,0,1,0,0,0,0,0,0,0,0,0,1,0,0,0,0,0,0,0,0,0,0,0,0,0,0,0,1,0,0,1,12.948012371209098,420000
0.1980287417180216,0.09644111792455802,-0.08719325728222291,1.1678668310881546,1,0,0,0,0,0,0,0,0,0,0,0,0,1,0,0,0,0,0,0,0,0,0,1,0,0,0,0,0,0,0,0,0,0,0,0,0,0,0,1,0,0,1,12.948012371209098,420000
0.1980287417180216,0.09644111792455802,-0.1362042338015191,0.012564298104070972,0,0,0,0,0,0,0,0,0,0,0,0,0,1,0,0,0,0,0,0,0,0,0,0,1,0,0,0,0,0,0,0,0,0,0,0,0,0,0,1,0,1,0,12.896719202134523,399000
-1.383683877512786,-1.946160087556246,-0.17345257595618424,-1.1427382348800126,1,0,0,1,0,0,0,0,0,1,0,0,0,0,0,0,0,0,0,0,0,0,0,0,0,0,0,0,0,1,0,0,0,0,0,0,0,0,0,1,0,0,0,12.07254696717504,175000
0.1980287417180216,0.09644111792455802,-0.1714921368954124,-1.1427382348800126,1,0,0,0,0,0,0,0,0,0,0,0,0,0,0,0,0,1,1,0,0,0,0,0,0,0,0,0,0,0,0,0,0,0,0,0,0,0,0,0,0,0,1,11.849404844423074,140000
0.1980287417180216,0.09644111792455802,0.03484407425082464,0.012564298104070972,1,1,0,0,0,0,0,0,0,0,0,0,0,0,0,0,0,1,0,0,0,0,0,0,0,0,0,0,0,0,0,0,0,0,0,0,1,0,0,0,0,0,1,12.793862088206213,360000
1.779741360948829,0.09644111792455802,0.0353341840160176,-1.1427382348800126,1,1,0,0,0,0,0,0,0,1,0,0,0,0,0,0,0,0,0,0,0,0,0,0,0,0,0,0,0,1,0,0,0,0,0,0,0,0,0,0,0,0,0,12.948012371209098,420000
0.1980287417180216,0.09644111792455802,0.010338585991176536,0.012564298104070972,1,1,0,0,0,0,0,0,0,0,0,0,0,0,0,0,0,1,0,0,0,0,0,0,0,0,0,0,0,0,1,0,0,0,0,0,0,0,0,0,0,1,0,12.834683971615659,375000
1.779741360948829,0.09644111792455802,0.17158469873966106,1.1678668310881546,1,1,0,0,0,0,0,0,0,1,0,0,0,0,0,0,0,0,0,0,0,0,0,0,0,0,0,0,0,0,0,0,0,0,0,1,0,0,0,1,1,0,0,13.178745601197818,529000
1.779741360948829,2.139042323405362,0.20638249206836137,1.1678668310881546,0,1,0,0,0,0,0,0,0,0,0,0,0,0,1,0,0,0,0,0,0,0,0,0,0,0,0,0,0,1,0,0,0,0,0,0,0,0,0,1,0,0,1,12.978712382458173,433094
0.1980287417180216,0.09644111792455802,-0.09944600141204697,0.012564298104070972,1,0,0,0,0,0,0,0,0,0,0,0,0,0,0,0,0,1,0,0,0,0,0,0,0,0,1,0,0,0,0,0,0,0,0,0,0,0,0,0,0,0,0,11.695255355062795,120000
0.1980287417180216,0.09644111792455802,0.02798253753812317,0.012564298104070972,0,0,0,0,0,0,0,0,1,0,0,0,0,0,0,0,0,0,0,0,0,0,0,0,0,1,0,0,0,0,0,0,0,0,0,0,0,0,0,1,0,0,1,13.091906231773164,485000
0.1980287417180216,0.09644111792455802,0.05493857462373608,-1.1427382348800126,0,0,0,0,0,1,0,0,0,0,0,0,0,0,0,0,0,1,0,0,0,0,0,0,0,0,1,0,0,0,0,0,0,0,0,0,0,0,0,1,0,0,0,12.765691290604371,350000
0.1980287417180216,0.09644111792455802,-0.07984161080432849,0.012564298104070972,1,0,0,0,0,0,0,0,0,1,0,0,0,0,0,0,0,0,0,0,0,1,0,0,0,0,0,0,0,0,0,0,0,0,0,0,0,0,0,0,0,0,0,12.429220196836383,250000
0.1980287417180216,0.09644111792455802,-0.05974711043141704,1.1678668310881546,0,1,0,0,0,0,0,0,0,0,0,0,0,1,0,0,0,0,0,1,0,0,0,0,0,0,0,0,0,0,0,0,0,0,0,0,0,0,0,1,0,0,1,13.1421679654829,510000
1.779741360948829,2.139042323405362,0.30489455487214673,1.1678668310881546,0,1,0,0,0,0,0,0,0,0,0,0,0,1,0,0,0,0,0,1,0,0,0,0,0,0,0,0,0,0,0,0,0,0,0,0,0,0,0,1,0,0,1,13.399996629152975,660000
0.1980287417180216,0.09644111792455802,-0.1362042338015191,0.012564298104070972,0,0,0,0,0,0,0,0,0,0,0,0,0,1,0,0,0,0,0,0,0,0,0,0,0,0,0,0,0,1,0,0,0,0,0,0,0,0,0,1,0,0,1,12.706850963741102,330000
0.1980287417180216,0.09644111792455802,-0.11169874554187102,0.012564298104070972,0,0,0,0,0,0,0,0,0,0,0,0,0,1,0,0,0,0,0,0,1,0,0,0,0,0,0,0,0,0,0,0,0,0,0,0,0,0,0,1,0,1,0,12.73670383776449,340000
0.1980287417180216,0.09644111792455802,0.1838374428694851,1.1678668310881546,0,0,0,0,0,1,0,0,0,0,0,0,0,1,0,0,0,0,0,0,0,0,1,0,0,0,0,0,0,0,0,0,0,0,0,0,0,0,0,1,0,0,1,13.444448325847754,690000
-2.9653964967435935,-1.946160087556246,-0.2513800286218652,0.012564298104070972,1,0,0,0,0,0,0,0,0,0,0,0,0,0,0,0,0,1,0,0,0,0,0,0,0,0,0,0,0,0,0,0,0,0,1,0,0,0,0,1,1,0,0,12.031725210748633,168000
1.779741360948829,0.09644111792455802,0.11228141715131264,0.012564298104070972,1,0,0,0,0,1,0,0,0,1,0,0,0,0,0,0,0,0,0,0,0,1,0,0,0,0,0,0,0,0,0,0,0,0,0,0,0,0,0,1,0,1,0,13.190023895035274,535000
0.1980287417180216,0.09644111792455802,0.014259464112720232,0.012564298104070972,1,0,0,0,0,0,0,0,0,0,0,0,0,0,0,1,0,0,0,0,0,0,0,0,0,0,0,0,0,1,0,0,0,0,0,0,0,0,0,0,0,1,0,12.429220196836383,250000
-1.383683877512786,0.09644111792455802,0.011808915286755423,1.1678668310881546,0,0,0,0,0,1,0,0,0,1,0,0,0,0,0,0,0,0,0,0,0,0,0,0,0,0,0,0,0,0,0,0,0,1,0,0,0,0,0,1,0,0,1,13.621475464783474,823628
0.1980287417180216,0.09644111792455802,-0.11169874554187102,-1.1427382348800126,0,0,0,0,0,0,0,0,0,0,0,0,0,0,0,0,0,1,0,0,0,0,0,0,0,0,0,0,0,1,0,0,0,0,0,0,0,0,0,1,0,0,1,12.345838935721968,230000
0.1980287417180216,0.09644111792455802,-0.1607097220611672,-1.1427382348800126,0,0,0,0,0,0,0,0,0,0,0,0,0,0,0,0,0,1,0,0,0,0,0,0,0,0,0,0,0,1,0,0,0,0,0,0,0,0,0,1,0,0,0,12.180759965737863,195000
0.1980287417180216,0.09644111792455802,-0.07003941550046924,-1.1427382348800126,1,0,0,0,0,0,0,0,0,0,0,0,0,0,0,0,0,1,0,0,0,0,0,0,0,0,0,0,0,0,0,0,0,0,0,0,1,0,0,0,0,1,0,12.345838935721968,230000
0.1980287417180216,0.09644111792455802,-0.05386579324910149,0.012564298104070972,1,0,0,0,0,0,0,0,0,0,0,0,0,0,0,0,0,1,0,0,0,0,0,0,0,0,0,0,0,0,0,0,0,0,1,0,0,0,0,0,0,0,0,12.73670383776449,340000
0.1980287417180216,0.09644111792455802,0.01867045199945689,-1.1427382348800126,1,0,0,0,0,0,0,0,0,1,0,0,0,0,0,0,0,0,0,0,0,0,0,0,0,0,0,0,0,0,0,0,0,1,0,0,0,0,0,1,0,0,0,12.691583538230217,325000
1.779741360948829,0.09644111792455802,-0.032300963580611165,0.012564298104070972,0,0,0,0,0,0,0,0,1,0,0,0,0,0,0,0,0,0,0,0,0,0,0,0,0,0,0,0,0,1,0,0,0,0,0,0,0,0,0,1,0,1,0,12.460718739865236,258000
0.1980287417180216,0.09644111792455802,-0.04651414677120706,-1.1427382348800126,1,0,0,0,0,0,0,0,0,1,0,0,0,0,0,0,0,0,0,0,0,0,0,0,0,0,0,0,0,1,0,0,0,0,0,0,0,0,0,0,0,0,0,12.468440756144114,260000
0.1980287417180216,0.09644111792455802,-0.013676792503278605,-1.1427382348800126,1,0,0,0,0,0,0,0,0,1,0,0,0,0,0,0,0,0,1,0,0,0,0,0,0,0,0,0,0,0,0,0,0,0,0,0,0,0,0,1,0,0,0,12.628070334272698,305000
0.1980287417180216,0.09644111792455802,0.019650671529842813,-1.1427382348800126,1,0,0,0,0,0,0,0,0,1,0,0,0,0,0,0,0,0,0,0,0,0,0,0,0,0,0,0,0,0,0,0,0,0,0,1,0,0,0,1,0,0,0,12.91164481522143,405000
0.1980287417180216,0.09644111792455802,-0.030830634285032278,1.1678668310881546,0,0,0,0,0,1,0,0,0,0,0,0,0,0,0,0,0,1,0,0,0,0,0,0,0,0,0,0,0,0,0,1,0,0,0,0,0,0,0,1,0,0,0,13.001327306361068,443000
0.1980287417180216,0.09644111792455802,0.14315833235846925,1.1678668310881546,0,1,0,0,0,0,0,0,0,0,0,0,0,1,0,0,0,0,0,0,0,0,0,0,0,0,0,0,0,0,0,0,0,0,0,0,0,1,0,0,0,0,0,13.399996629152975,660000
0.1980287417180216,-1.946160087556246,-0.17835367360811386,-1.1427382348800126,0,0,0,0,0,0,0,0,0,0,0,0,0,1,0,0,0,0,0,0,0,0,0,0,0,0,0,0,0,1,0,0,0,0,0,0,0,0,0,1,0,1,0,12.154784614286667,190000
-1.383683877512786,0.09644111792455802,-0.0783712815087496,0.012564298104070972,1,0,0,0,0,0,0,0,1,0,0,0,0,0,0,0,0,0,0,0,0,0,0,0,0,0,0,0,0,1,0,0,0,0,0,0,0,0,0,1,0,0,1,12.573797810270802,288888
0.1980287417180216,0.09644111792455802,0.18040667451313436,1.1678668310881546,1,1,0,0,0,0,0,0,0,0,0,0,0,0,0,1,0,0,0,0,0,0,0,0,0,0,0,1,0,0,0,0,0,0,0,0,0,0,0,1,0,0,1,13.263864675787632,576000
-1.383683877512786,-1.946160087556246,-0.1607097220611672,0.012564298104070972,1,0,0,0,0,0,0,0,0,0,0,0,0,0,0,0,1,0,0,0,0,0,0,0,0,0,0,0,1,0,0,0,0,0,0,0,0,0,0,1,1,0,0,11.849404844423074,140000
-2.9653964967435935,-1.946160087556246,-0.18080422243407868,0.012564298104070972,0,0,0,0,0,1,0,0,0,1,0,0,0,0,0,0,0,0,0,0,0,0,0,0,0,0,0,0,0,0,0,0,0,1,0,0,0,0,0,1,0,0,1,13.240823517107353,562880
-1.383683877512786,0.09644111792455802,-0.0744504033872059,0.012564298104070972,0,0,0,0,0,1,0,0,0,1,0,0,0,0,0,0,0,0,0,0,0,0,0,0,0,0,0,0,0,0,0,0,0,1,0,0,0,0,0,1,0,0,1,13.42242352442254,674969
0.1980287417180216,0.09644111792455802,-0.016127341329243414,-1.1427382348800126,1,0,0,0,0,0,0,0,0,1,0,0,0,0,0,0,0,0,0,0,0,0,0,0,0,0,0,0,0,1,0,0,0,0,0,0,0,0,0,1,0,1,0,12.206077645517674,200000
0.1980287417180216,0.09644111792455802,-0.10875808695071325,-1.1427382348800126,0,0,0,0,0,0,0,0,0,0,0,0,0,0,0,0,0,1,0,0,0,0,0,0,0,0,1,0,0,0,0,0,0,0,0,0,0,0,0,0,0,0,1,12.04355959836804,170000
0.1980287417180216,0.09644111792455802,-0.1028767697683977,0.012564298104070972,1,0,0,0,0,0,0,0,0,0,0,0,0,0,0,0,0,1,0,0,0,0,0,0,0,0,0,0,0,0,1,0,0,0,0,0,0,0,0,1,0,0,1,12.206072645530174,199999
0.1980287417180216,0.09644111792455802,-0.11022841624629214,0.012564298104070972,0,1,0,0,0,0,0,0,0,1,0,0,0,0,0,0,0,0,0,0,0,1,0,0,0,0,0,0,0,0,0,0,0,0,0,0,0,0,0,1,0,1,0,12.54254845357358,280000
0.1980287417180216,0.09644111792455802,-0.1607097220611672,-1.1427382348800126,1,0,0,0,0,0,0,0,0,0,0,0,0,0,0,0,0,1,0,0,0,0,0,0,0,0,0,0,0,1,0,0,0,0,0,0,0,0,0,1,0,0,1,11.951186847493476,155000
0.1980287417180216,0.09644111792455802,-0.06023722019661,-1.1427382348800126,0,0,0,0,0,1,0,0,0,0,0,0,0,0,0,0,0,1,0,0,0,0,0,0,0,0,1,0,0,0,0,0,0,0,0,0,0,0,0,1,0,0,0,12.706850963741102,330000
0.1980287417180216,0.09644111792455802,-0.057296561605452226,-1.1427382348800126,1,0,0,0,0,0,0,0,0,1,0,0,0,0,0,0,0,0,1,0,0,0,0,0,0,0,0,0,0,0,0,0,0,0,0,0,0,0,0,1,0,0,0,12.542544882151386,279999
0.1980287417180216,0.09644111792455802,0.30489455487214673,-1.1427382348800126,0,1,0,0,0,0,0,0,0,0,0,0,0,0,0,0,0,1,1,0,0,0,0,0,0,0,0,0,0,0,0,0,0,0,0,0,0,0,0,0,0,0,0,12.611537753638338,299999
0.1980287417180216,0.09644111792455802,-0.07101963503085516,-1.1427382348800126,1,0,0,0,0,0,0,0,0,0,0,0,0,0,0,0,0,1,1,0,0,0,0,0,0,0,0,0,0,0,0,0,0,0,0,0,0,0,0,1,0,0,0,12.524530013005734,275000
0.1980287417180216,0.09644111792455802,-0.024949317102716733,-1.1427382348800126,1,1,0,0,0,0,0,0,0,1,0,0,0,0,0,0,0,0,0,0,0,1,0,0,0,0,0,0,0,0,0,0,0,0,0,0,0,0,0,0,0,0,0,12.765691290604371,350000
-1.383683877512786,-1.946160087556246,-0.18521521032081534,1.1678668310881546,1,0,0,1,0,0,0,0,0,1,0,0,0,0,0,0,0,0,0,0,0,0,0,0,0,0,0,0,0,1,0,0,0,0,0,0,0,0,0,1,0,1,0,12.278397958261774,215000
0.1980287417180216,0.09644111792455802,-0.05778667137064519,1.1678668310881546,0,1,0,0,0,0,0,0,0,0,0,0,0,1,0,0,0,0,0,0,0,0,0,0,0,0,0,0,0,1,0,0,0,0,0,0,0,0,0,1,0,0,0,13.038983942375959,460000
0.1980287417180216,0.09644111792455802,-0.05778667137064519,0.012564298104070972,0,1,0,0,0,0,0,0,0,0,0,0,0,1,0,0,0,0,0,0,0,0,0,0,0,0,0,0,0,1,0,0,0,0,0,0,0,0,0,1,0,0,0,13.017005083966255,450000
0.1980287417180216,0.09644111792455802,-0.05778667137064519,1.1678668310881546,0,1,0,0,0,0,0,0,0,0,0,0,0,1,0,0,0,0,0,0,0,0,0,0,0,0,0,0,0,1,0,0,0,0,0,0,0,0,0,1,0,0,0,13.017005083966255,450000
0.1980287417180216,0.09644111792455802,-0.05778667137064519,0.012564298104070972,0,1,0,0,0,0,0,0,0,0,0,0,0,1,0,0,0,0,0,0,0,0,0,0,0,0,0,0,0,1,0,0,0,0,0,0,0,0,0,1,0,0,0,12.948012371209098,420000
0.1980287417180216,0.09644111792455802,-0.1362042338015191,0.012564298104070972,0,0,0,0,0,0,0,0,0,0,0,0,0,1,0,0,0,0,0,0,0,0,0,0,1,0,0,0,0,0,0,0,0,0,0,0,0,0,0,1,0,0,1,12.847929163278053,380000
0.1980287417180216,0.09644111792455802,-0.1362042338015191,0.012564298104070972,0,0,0,0,0,0,0,0,0,0,0,0,0,1,0,0,0,0,0,0,0,0,0,0,1,0,0,0,0,0,0,0,0,0,0,0,0,0,0,1,0,1,0,12.847929163278053,380000
0.1980287417180216,0.09644111792455802,0.010828695756369498,1.1678668310881546,0,0,0,0,0,0,0,0,0,0,0,0,0,1,0,0,0,0,0,0,0,0,0,1,0,0,0,0,0,0,0,0,0,0,0,0,0,0,0,1,1,0,0,13.180634172318978,530000
0.1980287417180216,0.09644111792455802,0.14315833235846925,1.1678668310881546,0,1,0,0,0,0,0,0,0,0,0,0,0,1,0,0,0,0,0,0,0,0,0,0,1,0,0,0,0,0,0,0,0,0,0,0,0,0,0,1,0,0,1,13.51440681653079,740000
0.1980287417180216,0.09644111792455802,-0.015147121798857492,1.1678668310881546,1,1,0,0,0,0,0,0,0,0,0,0,0,1,0,0,0,0,0,0,0,0,0,0,1,0,0,0,0,0,0,0,0,0,0,0,0,0,0,1,1,0,0,13.157732451741687,518000
-1.383683877512786,0.09644111792455802,-0.137674563097098,-1.1427382348800126,1,0,0,1,0,0,0,0,0,1,0,0,0,0,0,0,0,0,0,0,0,0,0,0,0,0,0,0,0,1,0,0,0,0,0,0,0,0,0,0,0,0,0,12.413090879946887,246000
0.1980287417180216,0.09644111792455802,-0.011716353442506757,0.012564298104070972,0,0,0,0,0,1,0,0,1,0,0,0,0,0,0,0,0,0,0,0,0,0,0,0,0,1,0,0,0,0,0,0,0,0,0,0,0,0,0,1,0,0,1,12.81584093453868,368000
0.1980287417180216,0.09644111792455802,-0.11169874554187102,-1.1427382348800126,1,0,0,0,0,0,0,0,0,0,0,0,0,0,0,0,0,1,0,0,0,0,0,0,0,0,0,0,0,1,0,0,0,0,0,0,0,0,0,0,0,1,0,12.25486757159303,210000
-2.9653964967435935,-1.946160087556246,-0.25677123603898777,-1.1427382348800126,0,0,0,0,0,0,0,0,0,0,0,1,0,0,0,0,0,0,0,0,0,0,0,0,0,0,0,0,0,1,0,0,0,0,0,0,0,0,0,0,0,0,1,11.002116507732017,60000
0.1980287417180216,0.09644111792455802,-0.08719325728222291,0.012564298104070972,1,0,0,0,0,0,0,0,0,0,0,0,0,0,0,0,0,1,0,0,0,0,0,0,0,0,0,0,0,1,0,0,0,0,0,0,0,0,0,0,0,0,0,12.660331092405906,315000
0.1980287417180216,0.09644111792455802,0.13041547846345225,1.1678668310881546,0,0,0,0,0,0,0,0,1,0,0,0,0,0,0,0,0,0,0,0,0,0,0,0,0,1,0,0,0,0,0,0,0,0,0,0,0,0,0,1,0,0,1,13.304686600863562,600000
0.1980287417180216,0.09644111792455802,0.030923196129280944,1.1678668310881546,0,1,0,0,0,0,0,0,0,0,0,0,0,1,0,0,0,0,0,0,0,0,0,0,0,0,0,0,0,1,0,0,0,0,0,0,0,0,0,1,0,0,1,13.217675375388819,550000
1.779741360948829,0.09644111792455802,0.32940004313179483,1.1678668310881546,0,1,0,0,0,0,0,0,0,0,0,0,0,1,0,0,0,0,0,1,0,0,0,0,0,0,0,0,0,0,0,0,0,0,0,0,0,0,0,1,1,0,0,13.217675375388819,550000
0.1980287417180216,0.09644111792455802,0.028472647303316133,1.1678668310881546,0,1,0,0,0,0,0,0,0,0,0,0,0,1,0,0,0,0,0,0,0,0,0,0,1,0,0,0,0,0,0,0,0,0,0,0,0,0,0,1,1,0,0,13.567050480716235,780000
-1.383683877512786,0.09644111792455802,-0.20972069858046344,-1.1427382348800126,0,0,0,1,0,0,0,0,0,0,0,0,0,1,0,0,0,0,0,1,0,0,0,0,0,0,0,0,0,0,0,0,0,0,0,0,0,0,0,1,0,0,1,12.013706813470414,165000
0.1980287417180216,0.09644111792455802,0.0353341840160176,1.1678668310881546,0,1,0,0,0,0,0,0,0,0,0,0,0,1,0,0,0,0,0,0,0,0,0,0,0,0,0,0,0,0,0,0,0,0,0,0,0,1,0,1,1,0,0,13.204866440535003,543000
1.779741360948829,0.09644111792455802,0.2999934572202171,1.1678668310881546,0,1,0,0,0,0,0,0,0,1,0,0,0,0,0,0,0,0,0,0,0,0,0,0,0,0,0,0,0,1,0,0,0,0,0,0,0,0,0,1,1,0,0,13.499430382731967,729000
0.1980287417180216,0.09644111792455802,-0.25873167509975964,1.1678668310881546,0,0,0,0,0,1,0,0,0,0,0,0,0,0,0,0,0,1,0,0,0,0,0,0,0,0,0,0,0,1,0,0,0,0,0,0,0,0,0,1,0,0,0,12.170450649220749,193000
-1.383683877512786,0.09644111792455802,0.12845503940268038,1.1678668310881546,0,0,0,0,0,0,0,0,0,1,0,0,0,0,0,0,0,0,0,0,0,0,0,0,0,0,0,0,0,1,0,0,0,0,0,0,0,0,0,1,0,1,0,13.060490101343552,470000
0.1980287417180216,0.09644111792455802,-0.018577890155208224,-1.1427382348800126,0,0,0,0,0,1,0,0,0,1,0,0,0,0,0,0,0,0,0,0,0,0,0,0,0,0,0,0,0,1,0,0,0,0,0,0,0,0,0,0,0,0,0,13.005831808336863,445000
0.1980287417180216,0.09644111792455802,0.002006719982896181,-1.1427382348800126,0,1,0,0,0,0,0,0,0,1,0,0,0,0,0,0,0,0,0,0,0,0,0,0,0,0,0,0,0,1,0,0,0,0,0,0,0,0,0,1,0,0,0,12.868763195921677,388000
0.1980287417180216,0.09644111792455802,-0.05288557371871557,-1.1427382348800126,1,0,0,0,0,0,0,0,0,0,0,0,0,0,0,0,0,1,0,0,0,0,0,0,0,0,0,0,0,1,0,0,0,0,0,0,0,0,0,0,0,0,0,12.429220196836383,250000
-1.383683877512786,-1.946160087556246,-0.2048196009285338,-1.1427382348800126,0,0,0,1,0,0,0,0,0,0,0,0,0,0,0,0,0,1,0,0,0,0,0,0,0,0,0,0,0,0,0,0,0,0,1,0,0,0,0,1,1,0,0,11.695255355062795,120000
0.1980287417180216,0.09644111792455802,0.03043308636408798,-1.1427382348800126,0,0,0,0,0,0,0,0,0,1,0,0,0,0,0,0,0,0,0,0,0,0,0,0,0,0,0,0,0,1,0,0,0,0,0,0,0,0,0,1,0,0,0,12.923914877701906,410000
0.1980287417180216,0.09644111792455802,-0.1607097220611672,-1.1427382348800126,1,0,0,1,0,0,0,0,0,0,0,0,0,0,0,0,0,1,0,0,0,0,0,0,0,0,0,0,0,0,0,0,0,0,1,0,0,0,0,0,0,0,1,11.599112335481124,109000
-1.383683877512786,0.09644111792455802,-0.0014240483734545535,0.012564298104070972,0,1,0,0,0,0,0,0,0,1,0,0,0,0,0,0,0,0,0,0,0,0,0,0,0,0,0,0,0,1,0,0,0,0,0,0,0,0,0,1,0,0,1,13.102162710901053,490000
0.1980287417180216,0.09644111792455802,0.26568577365670976,1.1678668310881546,0,0,0,0,0,0,0,0,0,0,0,0,0,0,0,0,1,0,0,0,0,0,0,0,0,0,0,0,1,0,0,0,0,0,0,0,0,0,0,1,0,0,1,13.296318365198623,595000
-1.383683877512786,-1.946160087556246,-0.21364157670200712,-1.1427382348800126,0,0,0,0,0,0,0,0,0,0,0,0,0,0,0,0,0,1,0,0,0,0,0,0,0,0,0,0,0,1,0,0,0,0,0,0,0,0,0,1,0,0,1,11.695255355062795,120000
0.1980287417180216,0.09644111792455802,-0.25873167509975964,1.1678668310881546,0,0,0,0,0,1,0,0,0,0,0,0,0,0,0,0,0,1,0,0,0,0,0,0,0,0,0,0,0,1,0,0,0,0,0,0,0,0,0,1,0,0,0,12.144202560946876,188000
0.1980287417180216,0.09644111792455802,-0.0783712815087496,-1.1427382348800126,0,0,0,0,0,0,0,0,1,0,0,0,0,0,0,0,0,0,0,0,0,0,0,0,0,1,0,0,0,0,0,0,0,0,0,0,0,0,0,1,0,0,1,12.292254928916668,218000
0.1980287417180216,0.09644111792455802,0.21520446784183467,-1.1427382348800126,1,1,0,0,0,0,0,0,0,1,0,0,0,0,0,0,0,0,0,0,0,0,0,0,0,0,0,0,0,1,0,0,0,0,0,0,0,0,0,1,0,0,0,12.959846800844963,425000
0.1980287417180216,0.09644111792455802,-0.06268776902257481,0.012564298104070972,0,0,0,1,0,0,0,0,1,0,0,0,0,0,0,0,0,0,0,0,0,0,0,0,0,0,0,0,0,1,0,0,0,0,0,0,0,0,0,1,1,0,0,11.951186847493476,155000
0.1980287417180216,0.09644111792455802,0.022101220355807624,0.012564298104070972,1,1,0,0,0,0,0,0,0,0,0,0,0,0,0,0,0,1,0,0,0,0,0,0,0,0,0,0,0,1,0,0,0,0,0,0,0,0,0,1,0,0,0,12.506180941677357,270000
0.1980287417180216,0.09644111792455802,0.0353341840160176,-1.1427382348800126,0,1,0,0,0,0,0,0,0,0,0,0,1,0,0,0,0,0,0,0,0,0,0,0,0,0,0,0,0,1,0,0,0,0,0,0,0,0,0,1,0,1,0,12.644330802262578,310000
-2.9653964967435935,-1.946160087556246,-0.17639323454734201,-1.1427382348800126,1,0,0,0,0,1,0,0,0,1,0,0,0,0,0,0,0,0,0,0,0,1,0,0,0,0,0,0,0,0,0,0,0,0,0,0,0,0,0,1,0,0,0,12.706850963741102,330000
-1.383683877512786,-1.946160087556246,-0.1607097220611672,-1.1427382348800126,1,0,0,1,0,0,0,0,0,1,0,0,0,0,0,0,0,0,0,0,0,0,0,0,0,0,0,0,0,0,0,0,0,1,0,0,0,0,0,1,0,0,1,12.388398368982115,240000
0.1980287417180216,0.09644111792455802,-0.06268776902257481,-1.1427382348800126,1,0,0,0,0,0,0,0,0,0,0,0,0,0,0,0,0,1,0,0,0,0,0,0,0,0,0,0,0,0,0,0,0,0,0,0,1,0,0,1,0,1,0,12.323860125621126,225000
1.779741360948829,0.09644111792455802,0.13923745423692555,1.1678668310881546,0,0,0,0,0,0,0,0,0,0,0,0,0,0,0,0,0,1,0,0,0,0,0,0,0,0,1,0,0,0,0,0,0,0,0,0,0,0,0,1,0,0,1,12.923914877701906,410000
0.1980287417180216,0.09644111792455802,-0.04161304911927744,-1.1427382348800126,0,1,0,0,0,0,0,0,0,0,0,0,0,0,0,0,0,1,0,0,0,0,0,0,0,0,0,0,0,1,0,0,0,0,0,0,0,0,0,1,1,0,0,12.948012371209098,420000
0.1980287417180216,2.139042323405362,-0.04308337841485633,1.1678668310881546,0,1,0,0,0,0,0,0,0,0,0,0,0,0,1,0,0,0,0,0,0,0,0,0,0,0,0,0,0,1,0,0,0,0,0,0,0,0,0,1,0,0,1,13.060490101343552,470000
0.1980287417180216,0.09644111792455802,0.07454296523145457,1.1678668310881546,1,0,0,0,0,0,0,0,0,0,0,0,1,0,0,0,0,0,0,0,0,0,0,0,0,0,0,0,0,1,0,0,0,0,0,0,0,0,0,1,0,0,1,12.793862088206213,360000
0.1980287417180216,0.09644111792455802,0.07454296523145457,-1.1427382348800126,0,0,0,0,0,1,0,0,0,0,0,0,0,0,0,0,1,0,0,0,0,0,0,0,0,0,0,0,1,0,0,0,0,0,0,0,0,0,0,1,0,0,0,13.3374763699232,620000
0.1980287417180216,0.09644111792455802,-0.1607097220611672,-1.1427382348800126,0,0,0,1,0,0,0,0,0,0,0,0,0,1,0,0,0,0,0,1,0,0,0,0,0,0,0,0,0,0,0,0,0,0,0,0,0,0,0,1,0,1,0,11.695255355062795,120000
0.1980287417180216,0.09644111792455802,-0.025439426867909693,-1.1427382348800126,1,0,0,0,0,0,0,0,0,0,0,0,0,0,0,0,0,1,0,0,0,0,0,0,0,0,0,0,0,0,0,0,0,0,0,0,1,0,0,1,0,0,0,12.429220196836383,250000
0.1980287417180216,0.09644111792455802,0.10885064879496191,1.1678668310881546,0,1,0,0,0,0,0,0,0,0,0,0,0,0,1,0,0,0,0,0,0,0,0,0,0,0,0,0,0,1,0,0,0,0,0,0,0,0,0,1,0,0,1,13.28787951079572,590000
0.1980287417180216,0.09644111792455802,-0.1607097220611672,-1.1427382348800126,0,0,0,0,0,0,0,0,0,1,0,0,0,0,0,0,0,0,0,0,0,1,0,0,0,0,0,0,0,0,0,0,0,0,0,0,0,0,0,1,0,0,0,11.775297421715827,130000
0.1980287417180216,0.09644111792455802,0.18971876005180066,-1.1427382348800126,1,0,0,0,0,1,0,0,0,0,0,0,0,0,0,0,0,1,0,0,0,0,0,0,0,0,0,0,0,0,0,0,0,0,0,0,1,0,0,0,0,0,0,13.102160670086809,489999
0.1980287417180216,0.09644111792455802,0.0598396722756657,-1.1427382348800126,1,1,0,0,0,0,0,0,0,1,0,0,0,0,0,0,0,0,0,0,0,1,0,0,0,0,0,0,0,0,0,0,0,0,0,0,0,0,0,1,0,0,0,12.899222326086994,400000
0.1980287417180216,0.09644111792455802,-0.03818228076292671,-1.1427382348800126,1,0,0,0,0,0,0,0,0,0,0,0,0,0,0,0,0,1,1,0,0,0,0,0,0,0,0,0,0,0,0,0,0,0,0,0,0,0,0,1,0,0,0,12.611541086966115,300000
0.1980287417180216,2.139042323405362,-0.06758886667450444,-1.1427382348800126,0,0,0,0,0,0,0,0,0,0,0,0,0,0,0,0,0,1,0,0,0,1,0,0,0,0,0,0,0,0,0,0,0,0,0,0,0,0,0,1,0,0,0,12.206077645517674,200000
0.1980287417180216,0.09644111792455802,0.15737151554906514,0.012564298104070972,0,1,0,0,0,0,0,0,0,1,0,0,0,0,0,0,0,0,0,0,0,0,0,0,0,0,0,0,0,1,0,0,0,0,0,0,0,0,0,1,0,0,0,12.899222326086994,400000
0.1980287417180216,0.09644111792455802,-0.1362042338015191,0.012564298104070972,1,0,0,1,0,0,0,0,0,1,0,0,0,0,0,0,0,0,0,0,0,0,0,0,0,0,0,0,0,1,0,0,0,0,0,0,0,0,0,0,0,0,0,12.154784614286667,190000
0.1980287417180216,0.09644111792455802,-0.1362042338015191,0.012564298104070972,0,0,0,0,0,0,0,0,0,0,0,0,0,1,0,0,0,0,0,0,0,0,0,0,1,0,0,0,0,0,0,0,0,0,0,0,0,0,0,1,0,0,1,12.847929163278053,380000
0.1980287417180216,0.09644111792455802,0.09659790466513786,1.1678668310881546,0,1,0,0,0,0,0,0,0,0,0,0,0,1,0,0,0,0,0,0,0,0,0,0,1,0,0,0,0,0,0,0,0,0,0,0,0,0,0,1,1,0,0,13.592368256649284,800000
0.1980287417180216,0.09644111792455802,0.17648579639159068,1.1678668310881546,0,1,0,0,0,0,0,0,0,0,0,0,0,1,0,0,0,0,0,0,0,0,0,0,1,0,0,0,0,0,0,0,0,0,0,0,0,0,0,1,1,0,0,13.641158361294979,840000
0.1980287417180216,0.09644111792455802,0.010828695756369498,1.1678668310881546,0,0,0,0,0,0,0,0,0,0,0,0,0,1,0,0,0,0,0,0,0,0,0,1,0,0,0,0,0,0,0,0,0,0,0,0,0,0,0,1,1,0,0,13.161586013632684,520000
0.1980287417180216,0.09644111792455802,-0.1362042338015191,0.012564298104070972,0,1,0,0,0,0,0,0,0,0,0,0,0,1,0,0,0,0,0,0,0,0,0,0,1,0,0,0,0,0,0,0,0,0,0,0,0,0,0,1,0,1,0,12.868763195921677,388000
0.1980287417180216,0.09644111792455802,-0.1362042338015191,0.012564298104070972,0,0,0,0,0,0,0,0,0,0,0,0,0,1,0,0,0,0,0,0,0,0,0,0,1,0,0,0,0,0,0,0,0,0,0,0,0,0,0,1,1,0,0,12.881567435377423,393000
0.1980287417180216,0.09644111792455802,-0.1607097220611672,0.012564298104070972,0,0,0,0,0,0,0,0,0,0,0,0,0,1,0,0,0,0,0,0,0,0,0,0,1,0,0,0,0,0,0,0,0,0,0,0,0,0,0,1,0,1,0,12.653961664405365,313000
-1.383683877512786,0.09644111792455802,-0.06023722019661,0.012564298104070972,1,1,0,0,0,0,0,0,0,1,0,0,0,0,0,0,0,0,0,0,0,0,0,0,0,0,0,0,0,1,0,0,0,0,0,0,0,0,0,1,1,0,0,12.301387370778713,220000
0.1980287417180216,0.09644111792455802,-0.15041741699211503,1.1678668310881546,1,0,0,0,0,0,0,0,0,0,0,0,0,0,0,0,0,1,0,0,0,0,0,0,0,0,0,0,0,1,0,0,0,0,0,0,0,0,0,1,0,0,1,11.561725152903833,105000
0.1980287417180216,0.09644111792455802,-0.1362042338015191,0.012564298104070972,1,0,0,0,0,0,0,0,0,0,0,0,0,1,0,0,0,0,0,1,0,0,0,0,0,0,0,0,0,0,0,0,0,0,0,0,0,0,0,1,1,0,0,12.487488878546145,265000
0.1980287417180216,0.09644111792455802,-0.1362042338015191,1.1678668310881546,1,0,0,0,0,0,0,0,0,0,0,0,0,0,0,0,0,0,0,0,0,0,0,0,0,0,0,0,0,0,0,0,0,0,0,0,0,0,0,1,0,1,0,11.652696102959753,115000
1.779741360948829,0.09644111792455802,0.04121550119833314,-1.1427382348800126,0,0,0,0,0,1,0,0,0,0,0,0,0,0,0,0,0,1,0,0,0,0,0,0,0,0,0,0,0,1,0,0,0,0,0,0,0,0,0,1,0,0,0,12.847929163278053,380000
0.1980287417180216,0.09644111792455802,0.04415615978949092,0.012564298104070972,1,1,0,0,0,0,0,0,1,0,0,0,0,0,0,0,0,0,0,0,0,0,0,0,0,1,0,0,0,0,0,0,0,0,0,0,0,0,0,1,1,0,0,13.005831808336863,445000
1.779741360948829,2.139042323405362,0.1505099788363637,0.012564298104070972,0,1,0,0,0,0,0,0,0,0,0,0,0,1,0,0,0,0,0,1,0,0,0,0,0,0,0,0,0,0,0,0,0,0,0,0,0,0,0,1,1,0,0,13.304686600863562,600000
0.1980287417180216,0.09644111792455802,-0.05974711043141704,0.012564298104070972,0,1,0,0,0,0,0,0,0,0,0,0,0,1,0,0,0,0,0,1,0,0,0,0,0,0,0,0,0,0,0,0,0,0,0,0,0,0,0,1,0,0,1,13.038983942375959,460000
0.1980287417180216,0.09644111792455802,0.05542868438892905,0.012564298104070972,0,1,0,0,0,0,0,0,0,0,0,0,0,1,0,0,0,0,0,1,0,0,0,0,0,0,0,0,0,0,0,0,0,0,0,0,0,0,0,1,0,0,1,13.180634172318978,530000
0.1980287417180216,0.09644111792455802,-0.1362042338015191,0.012564298104070972,0,0,0,0,0,0,0,0,0,0,0,0,0,1,0,0,0,0,0,1,0,0,0,0,0,0,0,0,0,0,0,0,0,0,0,0,0,0,0,1,0,0,1,12.765691290604371,350000
-1.383683877512786,-1.946160087556246,-0.2048196009285338,1.1678668310881546,0,0,0,1,0,0,0,0,1,0,0,0,0,0,0,0,0,0,0,0,0,0,0,0,0,1,0,0,0,0,0,0,0,0,0,0,0,0,0,1,1,0,0,11.502885230075814,99000
0.1980287417180216,0.09644111792455802,-0.044553707710435216,0.012564298104070972,0,1,0,0,0,0,0,0,0,0,0,0,0,1,0,0,0,0,0,1,0,0,0,0,0,0,0,0,0,0,0,0,0,0,0,0,0,0,0,1,1,0,0,13.122365377402328,500000
0.1980287417180216,0.09644111792455802,-0.06268776902257481,1.1678668310881546,0,1,0,0,0,0,0,0,0,0,0,0,0,1,0,0,0,0,0,1,0,0,0,0,0,0,0,0,0,0,0,0,0,0,0,0,0,0,0,1,0,0,1,12.971542813248437,430000
-1.383683877512786,0.09644111792455802,-0.1543382951136587,0.012564298104070972,0,0,0,0,0,0,0,0,1,0,0,0,0,0,0,0,0,0,0,0,0,0,0,0,0,1,0,0,0,0,0,0,0,0,0,0,0,0,0,1,0,0,1,12.425212191503038,249000
0.1980287417180216,0.09644111792455802,0.24265061469264054,1.1678668310881546,1,1,0,0,0,0,0,0,0,1,0,0,0,0,0,0,0,0,0,0,0,0,0,0,0,0,0,0,0,0,0,0,0,0,0,1,0,0,0,0,1,0,0,13.122365377402328,500000
-2.9653964967435935,-1.946160087556246,-0.17345257595618424,-1.1427382348800126,0,0,0,0,0,1,0,0,0,1,0,0,0,0,0,0,0,0,0,0,0,0,0,0,0,0,0,0,0,1,0,0,0,0,0,0,0,0,0,1,0,0,1,13.195615697878253,538000
0.1980287417180216,0.09644111792455802,-0.05288557371871557,0.012564298104070972,1,0,0,0,0,0,0,0,0,0,0,0,0,0,0,0,0,1,0,0,0,0,0,0,0,0,1,0,0,0,0,0,0,0,0,0,0,0,0,0,0,0,0,12.409017571151187,245000
0.1980287417180216,0.09644111792455802,-0.06856908620489036,0.012564298104070972,0,1,0,0,0,0,0,0,0,0,0,0,0,1,0,0,0,0,0,1,0,0,0,0,0,0,0,0,0,0,0,0,0,0,0,0,0,0,0,1,0,0,0,12.948012371209098,420000
0.1980287417180216,0.09644111792455802,-0.06758886667450444,1.1678668310881546,0,0,0,0,0,1,0,0,0,1,0,0,0,0,0,0,0,0,0,0,0,0,0,0,0,0,0,0,0,1,0,0,0,0,0,0,0,0,0,0,0,0,1,13.304686600863562,600000
0.1980287417180216,0.09644111792455802,-0.03818228076292671,-1.1427382348800126,0,1,0,0,0,0,0,0,0,0,0,0,0,0,0,0,0,1,0,0,0,1,0,0,0,0,0,0,0,0,0,0,0,0,0,0,0,0,0,1,0,0,0,12.834683971615659,375000
0.1980287417180216,0.09644111792455802,-0.06268776902257481,0.012564298104070972,0,0,0,1,0,0,0,0,1,0,0,0,0,0,0,0,0,0,0,0,0,0,0,0,0,0,0,0,0,1,0,0,0,0,0,0,0,0,0,1,0,1,0,12.100717685412471,180000
0.1980287417180216,0.09644111792455802,-0.06268776902257481,0.012564298104070972,0,0,0,0,0,0,0,0,1,0,0,0,0,0,0,0,0,0,0,0,0,0,0,0,0,1,0,0,0,0,0,0,0,0,0,0,0,0,0,1,0,0,1,12.323860125621126,225000
0.1980287417180216,-1.946160087556246,-0.11561962366341472,0.012564298104070972,0,0,0,0,0,0,0,0,0,1,0,0,0,0,0,0,0,0,0,0,0,0,0,0,0,0,0,0,0,1,0,0,0,0,0,0,0,0,0,1,0,0,1,12.59473402514672,295000
-2.9653964967435935,-1.946160087556246,-0.25383057744783,0.012564298104070972,0,0,0,0,0,1,0,0,0,0,0,0,1,0,0,0,0,0,0,0,0,0,0,0,0,0,0,0,0,1,0,0,0,0,0,0,0,0,0,1,0,0,0,12.847929163278053,380000
-2.9653964967435935,-1.946160087556246,-0.1607097220611672,0.012564298104070972,0,0,0,0,0,1,0,0,0,0,0,0,0,0,0,0,0,1,0,0,0,0,0,0,0,0,0,0,0,1,0,0,0,0,0,0,0,0,0,1,0,0,1,12.948012371209098,420000
0.1980287417180216,0.09644111792455802,0.039745171902754256,0.012564298104070972,1,1,0,0,0,0,0,0,0,0,0,0,0,0,0,0,0,1,0,0,0,0,0,0,0,0,0,0,0,1,0,0,0,0,0,0,0,0,0,1,0,1,0,12.936036208848487,415000
0.1980287417180216,0.09644111792455802,-0.04161304911927744,1.1678668310881546,0,0,0,0,0,1,0,0,0,0,0,0,0,0,0,0,0,1,0,0,0,0,0,0,0,0,0,0,0,1,0,0,0,0,0,0,0,0,0,1,1,0,0,12.733758336210744,339000
0.1980287417180216,0.09644111792455802,0.12747481987229448,-1.1427382348800126,1,1,0,0,0,0,0,0,0,1,0,0,0,0,0,0,0,0,0,0,0,0,0,0,0,0,0,0,0,1,0,0,0,0,0,0,0,0,0,1,0,0,0,12.923914877701906,410000
0.1980287417180216,0.09644111792455802,-0.1607097220611672,-1.1427382348800126,0,0,0,0,0,0,0,0,0,1,0,0,0,0,0,0,0,0,0,0,0,0,0,0,0,0,0,0,0,1,0,0,0,0,0,0,0,0,0,1,0,0,0,11.849404844423074,140000
1.779741360948829,0.09644111792455802,0.17452535733081884,-1.1427382348800126,0,1,0,0,0,0,0,0,0,0,0,0,0,1,0,0,0,0,0,0,0,0,0,0,0,0,0,0,0,1,0,0,0,0,0,0,0,0,0,1,1,0,0,12.971542813248437,430000
3.3614539801796366,2.139042323405362,0.08728581912647158,0.012564298104070972,0,1,0,0,0,0,0,0,0,0,0,0,0,0,0,0,0,1,0,0,0,0,0,0,0,0,0,0,0,0,0,0,0,0,1,0,0,0,0,0,1,0,0,12.660331092405906,315000
0.1980287417180216,0.09644111792455802,0.0598396722756657,0.012564298104070972,0,1,0,0,0,0,0,0,0,1,0,0,0,0,0,0,0,0,0,0,0,0,0,0,0,0,0,0,0,1,0,0,0,0,0,0,0,0,0,1,0,0,1,12.644330802262578,310000
0.1980287417180216,0.09644111792455802,-0.05533612254468038,1.1678668310881546,0,0,0,0,0,1,0,0,0,0,0,0,0,0,0,0,0,1,0,0,0,0,0,0,0,0,0,0,0,0,0,0,0,0,0,0,1,0,0,1,0,0,1,13.161586013632684,520000
0.1980287417180216,0.09644111792455802,-0.011716353442506757,-1.1427382348800126,0,0,0,0,0,1,0,0,1,0,0,0,0,0,0,0,0,0,0,0,0,0,0,0,0,1,0,0,0,0,0,0,0,0,0,0,0,0,0,1,0,0,1,12.793862088206213,360000
0.1980287417180216,0.09644111792455802,0.13335613705461002,-1.1427382348800126,0,1,0,0,0,0,0,0,0,1,0,0,0,0,0,0,0,0,0,0,0,1,0,0,0,0,0,0,0,0,0,0,0,0,0,0,0,0,0,1,0,0,0,12.873904582205107,390000
0.1980287417180216,0.09644111792455802,-0.013676792503278605,-1.1427382348800126,0,0,0,0,0,0,0,0,0,0,0,0,0,0,0,0,0,0,0,0,0,0,0,0,0,0,0,0,0,0,0,0,0,0,0,0,0,0,0,1,0,0,0,12.669809806411457,318000
-1.383683877512786,0.09644111792455802,0.0010265004525102568,-1.1427382348800126,0,0,0,0,0,1,0,0,0,0,0,0,0,0,0,0,0,0,0,0,0,0,0,0,0,0,0,0,0,0,0,0,0,0,0,0,0,0,0,1,0,0,0,13.45883704259595,700000
0.1980287417180216,0.09644111792455802,0.10885064879496191,-1.1427382348800126,0,1,0,0,0,0,0,0,0,0,0,0,0,0,0,0,0,0,0,0,0,0,0,0,0,0,0,0,0,0,0,0,0,0,0,0,0,0,0,1,0,0,0,12.765691290604371,350000
0.1980287417180216,0.09644111792455802,-0.1533580755832728,0.012564298104070972,0,0,0,0,0,0,0,0,0,0,0,0,0,1,0,0,0,0,0,0,0,0,0,0,1,0,0,0,0,0,0,0,0,0,0,0,0,0,0,1,0,0,1,12.847634383768359,379888
0.1980287417180216,0.09644111792455802,-0.06268776902257481,-1.1427382348800126,1,0,0,0,0,0,0,0,1,0,0,0,0,0,0,0,0,0,0,0,0,0,0,0,0,1,0,0,0,0,0,0,0,0,0,0,0,0,0,1,0,1,0,12.337105293891872,228000
0.1980287417180216,0.09644111792455802,-0.06268776902257481,-1.1427382348800126,1,0,0,0,0,0,0,0,1,0,0,0,0,0,0,0,0,0,0,0,0,0,0,0,0,1,0,0,0,0,0,0,0,0,0,0,0,0,0,1,0,0,1,12.380030154325457,238000
0.1980287417180216,0.09644111792455802,0.009358366460790612,-1.1427382348800126,0,1,0,0,0,0,0,0,0,1,0,0,0,0,0,0,0,0,0,0,0,0,0,0,0,0,0,0,0,1,0,0,0,0,0,0,0,0,0,0,0,0,0,12.788291058675025,358000
0.1980287417180216,0.09644111792455802,0.19609018699930916,-1.1427382348800126,0,1,0,0,0,0,0,0,0,1,0,0,0,0,0,0,0,0,1,0,0,0,0,0,0,0,0,0,0,0,0,0,0,0,0,0,0,0,0,0,0,0,0,12.881567435377423,393000
0.1980287417180216,0.09644111792455802,0.07993417264857715,-1.1427382348800126,1,1,0,0,0,0,0,0,0,1,0,0,0,0,0,0,0,0,0,0,0,0,0,0,0,0,0,0,0,1,0,0,0,0,0,0,0,0,0,0,0,0,0,12.676079399771027,320000
0.1980287417180216,0.09644111792455802,0.10885064879496191,-1.1427382348800126,0,1,0,0,0,0,0,0,0,1,0,0,0,0,0,0,0,0,0,0,0,0,0,0,0,0,0,0,0,0,0,0,0,0,0,1,0,0,0,0,0,0,0,12.959846800844963,425000
-1.383683877512786,0.09644111792455802,-0.00289437766903344,-1.1427382348800126,0,0,0,0,0,0,0,0,1,0,0,0,0,0,0,0,0,0,0,0,0,0,0,0,0,0,0,0,0,1,0,0,0,0,0,0,0,0,0,1,0,0,1,12.868763195921677,388000
-1.383683877512786,-1.946160087556246,-0.20923058881527046,-1.1427382348800126,1,0,0,1,0,0,0,0,0,0,0,0,1,0,0,0,0,0,0,0,0,0,0,0,0,0,0,0,0,1,0,0,0,0,0,0,0,0,0,1,1,0,0,12.301387370778713,220000
-1.383683877512786,-1.946160087556246,-0.20972069858046344,-1.1427382348800126,0,0,0,0,0,0,0,0,0,1,0,0,0,0,0,0,0,0,0,0,0,0,0,0,0,0,0,0,0,1,0,0,0,0,0,0,0,0,0,1,0,0,0,12.08954444723597,178000
-2.9653964967435935,-1.946160087556246,-0.1607097220611672,0.012564298104070972,0,1,0,0,0,0,0,0,0,0,0,0,0,0,0,0,0,1,0,0,0,0,0,0,0,0,0,0,0,1,0,0,0,0,0,0,0,0,0,1,0,0,1,13.017005083966255,450000
0.1980287417180216,0.09644111792455802,-0.013676792503278605,1.1678668310881546,1,0,0,0,0,0,0,0,0,1,0,0,0,0,0,0,0,0,0,0,0,0,0,0,0,0,0,0,0,0,0,0,0,1,0,0,0,0,0,1,0,0,0,13.017005083966255,450000
0.1980287417180216,0.09644111792455802,0.08875614842205047,0.012564298104070972,1,0,0,0,0,0,0,0,0,0,0,0,0,0,0,0,0,1,0,0,0,0,0,0,0,0,0,0,0,1,0,0,0,0,0,0,0,0,0,1,0,0,0,12.574185427296195,289000
0.1980287417180216,0.09644111792455802,-0.1362042338015191,-1.1427382348800126,0,0,0,0,0,0,0,0,0,0,0,0,0,1,0,0,0,0,0,1,0,0,0,0,0,0,0,0,0,0,0,0,0,0,0,0,0,0,0,1,0,0,0,12.793862088206213,360000
0.1980287417180216,0.09644111792455802,-0.06121743972699593,0.012564298104070972,0,0,0,0,0,0,0,0,0,0,0,0,0,0,0,0,0,1,1,0,0,0,0,0,0,0,0,0,0,0,0,0,0,0,0,0,0,0,0,1,0,0,0,11.982935344196433,160000
0.1980287417180216,0.09644111792455802,0.06474076992759532,1.1678668310881546,0,1,0,0,0,0,0,0,0,0,0,0,0,1,0,0,0,0,0,0,1,0,0,0,0,0,0,0,0,0,0,0,0,0,0,0,0,0,0,1,0,0,1,13.013666190132906,448500
0.1980287417180216,0.09644111792455802,0.03288363519005279,0.012564298104070972,1,0,0,0,0,0,0,0,0,0,0,0,1,0,0,0,0,0,0,0,0,0,0,0,0,0,0,0,0,0,0,0,1,0,0,0,0,0,0,1,1,0,0,12.337105293891872,228000
1.779741360948829,0.09644111792455802,-0.028380085459067467,-1.1427382348800126,0,0,0,0,0,0,0,0,1,0,0,0,0,0,0,0,0,0,0,0,0,0,0,0,0,1,0,0,0,0,0,0,0,0,0,0,0,0,0,1,0,0,1,12.337105293891872,228000
0.1980287417180216,0.09644111792455802,0.08140450194415604,0.012564298104070972,1,1,0,0,0,0,0,0,0,0,0,0,0,0,0,0,0,1,0,0,0,0,0,0,0,0,0,0,0,1,0,0,0,0,0,0,0,0,0,1,0,0,1,12.84529412258351,379000
-1.383683877512786,-1.946160087556246,-0.18521521032081534,-1.1427382348800126,1,0,0,0,0,0,0,0,0,0,0,0,0,1,0,0,0,0,0,0,0,0,0,1,0,0,0,0,0,0,0,0,0,0,0,0,0,0,0,1,0,0,1,12.149507585033072,189000
0.1980287417180216,0.09644111792455802,0.09267702654359417,0.012564298104070972,0,1,0,0,0,0,0,0,0,1,0,0,0,0,0,0,0,0,0,0,0,0,0,0,0,0,0,0,0,1,0,0,0,0,0,0,0,0,0,1,0,0,0,12.676079399771027,320000
-1.383683877512786,0.09644111792455802,-0.26853387040361887,0.012564298104070972,1,0,0,0,0,1,0,0,0,1,0,0,0,0,0,0,0,0,1,0,0,0,0,0,0,0,0,0,0,0,0,0,0,0,0,0,0,0,0,1,0,0,0,12.765691290604371,350000
0.1980287417180216,0.09644111792455802,0.03239352542485983,1.1678668310881546,1,1,0,0,0,0,0,0,0,1,0,0,0,0,0,0,0,0,0,0,0,0,0,0,0,0,0,0,0,1,0,0,0,0,0,0,0,0,0,1,0,0,1,13.25339339419516,570000
0.1980287417180216,0.09644111792455802,-0.1607097220611672,-1.1427382348800126,1,0,0,0,0,0,0,0,0,0,0,0,0,1,0,0,0,0,0,0,0,0,0,0,0,0,0,0,0,0,0,0,0,0,0,0,0,1,0,1,0,0,0,12.25486757159303,210000
0.1980287417180216,0.09644111792455802,-0.1607097220611672,-1.1427382348800126,1,0,0,0,0,0,0,0,0,0,0,0,0,1,0,0,0,0,0,0,0,0,0,0,0,0,0,0,0,1,0,0,0,0,0,0,0,0,0,1,0,0,0,12.409017571151187,245000
0.1980287417180216,0.09644111792455802,0.06621109922317421,1.1678668310881546,1,1,0,0,0,0,0,0,0,0,0,0,0,1,0,0,0,0,0,0,0,0,1,0,0,0,0,0,0,0,0,0,0,0,0,0,0,0,0,1,0,0,0,13.321215875492413,610000
-1.383683877512786,0.09644111792455802,-0.00289437766903344,-1.1427382348800126,0,0,0,0,0,0,0,0,1,0,0,0,0,0,0,0,0,0,0,0,0,0,0,0,0,0,0,0,0,1,0,0,0,0,0,0,0,0,0,1,0,0,1,12.989976472461,438000
0.1980287417180216,0.09644111792455802,-0.07739106197836368,0.012564298104070972,0,0,0,0,0,0,0,0,0,0,0,0,0,0,0,0,0,1,0,0,0,0,0,0,0,0,0,0,0,0,0,1,0,0,0,0,0,0,0,1,0,0,1,12.468440756144114,260000
0.1980287417180216,0.09644111792455802,0.016710012938685043,0.012564298104070972,0,0,0,0,0,0,0,0,0,0,0,0,0,0,0,0,0,1,0,0,0,0,0,0,0,0,0,0,0,0,0,1,0,0,0,0,0,0,0,1,0,1,0,12.807655372286902,365000
-2.9653964967435935,-1.946160087556246,-0.2602020043953385,-1.1427382348800126,0,1,0,0,0,0,0,0,0,0,0,0,0,0,0,0,0,1,0,0,0,0,0,0,0,0,1,0,0,0,0,0,0,0,0,0,0,0,0,1,0,0,0,12.19602736016897,198000
0.1980287417180216,0.09644111792455802,0.08434516053531381,-1.1427382348800126,0,0,0,0,0,0,0,0,0,0,0,0,1,0,0,0,0,0,0,0,0,0,0,0,0,0,0,0,0,0,0,0,1,0,0,0,0,0,0,1,0,0,0,12.611537753638338,299999
0.1980287417180216,0.09644111792455802,-0.06170754949218889,-1.1427382348800126,1,0,0,0,0,0,0,0,0,0,0,0,0,0,0,0,0,1,0,0,0,0,0,0,0,0,0,0,0,0,1,0,0,0,0,0,0,0,0,1,0,0,0,12.100717685412471,180000
0.1980287417180216,0.09644111792455802,-0.07984161080432849,-1.1427382348800126,0,0,0,0,0,0,0,0,0,0,0,0,0,0,0,0,0,1,0,0,0,0,0,0,0,0,0,0,0,0,0,0,0,0,0,0,1,0,0,1,0,0,0,12.409017571151187,245000
-2.9653964967435935,-1.946160087556246,-0.25873167509975964,-1.1427382348800126,0,1,0,0,0,0,0,0,0,0,0,0,0,0,0,0,0,1,0,0,0,0,0,0,0,0,0,0,0,1,0,0,0,0,0,0,0,0,0,1,0,0,0,12.25486757159303,210000
-1.383683877512786,0.09644111792455802,-0.12934269708881765,-1.1427382348800126,1,0,0,0,0,1,0,0,0,0,0,0,0,0,0,0,0,1,0,0,0,0,0,0,0,0,0,0,0,0,0,0,0,0,0,0,1,0,0,1,0,0,0,12.706850963741102,330000
0.1980287417180216,0.09644111792455802,-0.00534492649499825,0.012564298104070972,0,0,0,0,0,0,0,0,0,0,0,0,0,0,0,0,0,1,0,0,0,0,0,0,0,0,1,0,0,0,0,0,0,0,0,0,0,0,0,1,0,0,1,12.479913113434042,263000
0.1980287417180216,0.09644111792455802,0.01572979340829912,-1.1427382348800126,1,0,0,0,0,0,0,0,0,1,0,0,0,0,0,0,0,0,0,0,0,0,0,0,0,0,0,0,0,1,0,0,0,0,0,0,0,0,0,1,0,0,0,12.706850963741102,330000
0.1980287417180216,0.09644111792455802,0.01131880552156246,1.1678668310881546,1,0,0,0,0,1,0,0,0,0,0,0,0,0,0,0,0,1,0,0,0,0,0,0,0,0,0,0,0,1,0,0,0,0,0,0,0,0,0,1,1,0,0,13.012550743537489,448000
0.1980287417180216,0.09644111792455802,0.1799165647479414,1.1678668310881546,0,1,0,0,0,0,0,0,0,0,0,0,0,1,0,0,0,0,0,0,0,0,0,0,1,0,0,0,0,0,0,0,0,0,0,0,0,0,0,1,0,0,1,13.579789490265188,790000
0.1980287417180216,0.09644111792455802,-0.14600642910537837,0.012564298104070972,0,0,0,0,0,0,0,0,0,0,0,0,0,1,0,0,0,0,0,0,0,0,0,1,0,0,0,0,0,0,0,0,0,0,0,0,0,0,0,1,1,0,0,12.75130259456002,345000
0.1980287417180216,0.09644111792455802,0.016710012938685043,1.1678668310881546,1,1,0,0,0,0,0,0,0,0,0,0,0,1,0,0,0,0,0,0,0,0,0,1,0,0,0,0,0,0,0,0,0,0,0,0,0,0,0,1,1,0,0,13.42246945133505,675000
0.1980287417180216,0.09644111792455802,-0.030830634285032278,-1.1427382348800126,0,1,0,0,0,0,0,0,0,0,0,0,0,0,1,0,0,0,0,0,0,0,0,0,0,0,0,0,0,1,0,0,0,0,0,0,0,0,0,1,1,0,0,12.847929163278053,380000
0.1980287417180216,0.09644111792455802,-0.11169874554187102,-1.1427382348800126,1,0,0,0,0,0,0,0,0,0,0,0,0,0,0,0,0,1,0,0,0,0,0,0,0,0,0,0,0,1,0,0,0,0,0,0,0,0,0,0,0,1,0,12.206027644517643,199990
0.1980287417180216,0.09644111792455802,-0.06268776902257481,-1.1427382348800126,0,0,0,0,0,0,0,0,0,0,0,0,0,0,0,0,0,1,0,0,0,0,0,0,0,0,0,0,0,0,0,0,0,0,0,0,1,0,0,0,0,0,1,12.20557752297723,199900
0.1980287417180216,0.09644111792455802,-0.17345257595618424,-1.1427382348800126,0,0,0,0,0,0,0,0,0,0,0,0,0,1,0,0,0,0,0,0,0,0,0,0,0,0,0,0,0,1,0,0,0,0,0,0,0,0,0,1,0,1,0,11.502885230075814,99000
0.1980287417180216,0.09644111792455802,-0.028380085459067467,1.1678668310881546,1,1,0,0,0,0,0,0,0,1,0,0,0,0,0,0,0,0,0,0,0,1,0,0,0,0,0,0,0,0,0,0,0,0,0,0,0,0,0,1,0,0,1,12.706850963741102,330000
-1.383683877512786,0.09644111792455802,-0.1945272958594816,-1.1427382348800126,1,0,0,0,0,0,0,0,0,0,0,0,0,1,0,0,0,0,0,0,0,0,0,1,0,0,0,0,0,0,0,0,0,0,0,0,0,0,0,1,0,0,1,12.345838935721968,230000
0.1980287417180216,0.09644111792455802,-0.11169874554187102,0.012564298104070972,0,0,0,0,0,0,0,0,0,0,0,0,0,1,0,0,0,0,0,0,0,0,0,1,0,0,0,0,0,0,0,0,0,0,0,0,0,0,0,1,0,0,1,12.73080413304066,338000
0.1980287417180216,-1.946160087556246,-0.1607097220611672,-1.1427382348800126,1,0,0,0,0,0,0,0,0,1,0,0,0,0,0,0,0,0,0,0,0,1,0,0,0,0,0,0,0,0,0,0,0,0,0,0,0,0,0,1,0,0,0,11.884495917930655,145000
0.1980287417180216,0.09644111792455802,-0.09209435493415254,-1.1427382348800126,0,0,0,0,0,0,0,0,0,0,0,0,0,0,0,0,0,1,0,0,0,0,0,0,0,0,0,0,0,1,0,0,0,0,0,0,0,0,0,1,0,0,1,12.001511614739405,163000
0.1980287417180216,0.09644111792455802,-0.04308337841485633,0.012564298104070972,1,0,0,0,0,0,0,0,1,0,0,0,0,0,0,0,0,0,0,0,0,0,0,0,0,1,0,0,0,0,0,0,0,0,0,0,0,0,0,1,0,0,1,12.660331092405906,315000
0.1980287417180216,0.09644111792455802,-0.1362042338015191,0.012564298104070972,0,0,0,0,0,0,0,0,0,0,0,0,0,1,0,0,0,0,0,1,0,0,0,0,0,0,0,0,0,0,0,0,0,0,0,0,0,0,0,1,1,0,0,12.779875885354993,355000
1.779741360948829,0.09644111792455802,0.1436484421236622,1.1678668310881546,0,1,0,0,0,0,0,0,0,0,0,0,0,1,0,0,0,0,0,0,0,0,0,0,0,0,0,0,0,0,0,0,0,0,0,0,0,1,0,1,1,0,0,13.455975814408239,698000
0.1980287417180216,0.09644111792455802,-0.03818228076292671,1.1678668310881546,0,1,0,0,0,0,0,0,0,0,0,0,0,1,0,0,0,0,0,0,1,0,0,0,0,0,0,0,0,0,0,0,0,0,0,0,0,0,0,1,0,1,0,13.081543466215237,480000
0.1980287417180216,0.09644111792455802,-0.044553707710435216,0.012564298104070972,0,1,0,0,0,0,0,0,0,0,0,0,0,1,0,0,0,0,0,1,0,0,0,0,0,0,0,0,0,0,0,0,0,0,0,0,0,0,0,1,0,0,1,13.1421679654829,510000
1.779741360948829,0.09644111792455802,0.043175940259105,1.1678668310881546,0,1,0,0,0,0,0,0,0,0,0,0,0,0,0,0,0,1,0,0,0,0,0,0,0,0,0,0,0,0,0,0,0,0,0,0,1,0,0,1,1,0,0,13.429849547739444,680000
0.1980287417180216,0.09644111792455802,-0.05533612254468038,-1.1427382348800126,0,0,0,0,0,0,0,0,0,0,0,0,0,0,0,0,0,1,0,0,0,0,0,0,0,0,1,0,0,0,0,0,0,0,0,0,0,0,0,1,0,0,1,12.75130259456002,345000
0.1980287417180216,0.09644111792455802,-0.06268776902257481,-1.1427382348800126,0,0,0,0,0,0,0,0,1,0,0,0,0,0,0,0,0,0,0,0,0,0,0,0,0,1,0,0,0,0,0,0,0,0,0,0,0,0,0,1,0,0,1,12.59473402514672,295000
-1.383683877512786,2.139042323405362,0.15786162531425812,-1.1427382348800126,1,1,0,0,0,0,0,0,0,0,0,0,0,0,0,1,0,0,0,0,0,0,0,0,0,0,0,1,0,0,0,0,0,0,0,0,0,0,0,1,0,1,0,13.317931805683793,608000
-1.383683877512786,-1.946160087556246,-0.12689214826285283,-1.1427382348800126,1,0,0,0,0,0,0,0,0,1,0,0,0,0,0,0,0,0,0,0,0,0,0,0,0,0,0,0,0,0,0,0,0,0,0,1,0,0,0,1,0,0,0,12.873904582205107,390000
0.1980287417180216,0.09644111792455802,0.07699351405741937,1.1678668310881546,1,1,0,0,0,0,0,0,0,0,0,0,0,0,0,0,0,0,0,0,0,0,0,0,0,0,0,0,0,0,0,0,0,0,0,0,0,0,0,1,0,0,0,13.056225711649638,468000
0.1980287417180216,0.09644111792455802,-0.11022841624629214,1.1678668310881546,0,0,0,0,0,0,0,0,0,0,0,0,0,0,0,0,0,1,0,0,0,0,0,0,0,0,0,0,0,1,0,0,0,0,0,0,0,0,0,1,0,1,0,12.031725210748633,168000
0.1980287417180216,0.09644111792455802,0.015239683643106157,1.1678668310881546,1,0,0,0,0,1,0,0,0,1,0,0,0,0,0,0,0,0,0,0,0,0,0,0,0,0,0,0,0,0,0,0,0,1,0,0,0,0,0,1,0,0,1,12.847929163278053,380000
1.779741360948829,0.09644111792455802,0.08042428241377012,0.012564298104070972,1,1,0,0,0,0,0,0,0,1,0,0,0,0,0,0,0,0,0,0,0,1,0,0,0,0,0,0,0,0,0,0,0,0,0,0,0,0,0,0,0,0,1,13.017005083966255,450000
0.1980287417180216,0.09644111792455802,-0.0024042679038404776,-1.1427382348800126,1,1,0,0,0,0,0,0,1,0,0,0,0,0,0,0,0,0,0,0,0,0,0,0,0,1,0,0,0,0,0,0,0,0,0,0,0,0,0,1,0,0,1,12.669809806411457,318000
0.1980287417180216,0.09644111792455802,-0.1362042338015191,-1.1427382348800126,0,0,0,0,0,0,0,0,0,0,0,0,0,0,1,0,0,0,0,0,0,0,0,0,0,0,0,0,0,1,0,0,0,0,0,0,0,0,0,1,0,0,1,12.30592250537653,221000
-2.9653964967435935,-1.946160087556246,-0.12640203849765988,-1.1427382348800126,0,1,0,0,0,0,0,0,0,1,0,0,0,0,0,0,0,0,0,0,0,0,0,0,0,0,0,0,0,1,0,0,0,0,0,0,0,0,0,1,0,0,0,12.894209796826232,398000
0.1980287417180216,0.09644111792455802,-0.05288557371871557,0.012564298104070972,1,0,0,0,0,0,0,0,0,0,0,0,0,0,0,0,0,1,0,0,0,0,0,0,0,0,0,0,0,1,0,0,0,0,0,0,0,0,0,0,0,0,1,12.449022745701502,255000
1.779741360948829,2.139042323405362,0.14854953977559185,1.1678668310881546,1,1,0,0,0,0,0,0,0,0,0,0,0,1,0,0,0,0,0,0,0,0,0,0,1,0,0,0,0,0,0,0,0,0,0,0,0,0,0,1,1,0,0,13.511700458595241,738000
0.1980287417180216,0.09644111792455802,0.057879233214893855,0.012564298104070972,1,1,0,0,0,0,0,0,0,0,0,0,0,0,0,0,0,1,0,0,0,0,0,0,0,0,0,0,0,1,0,0,0,0,0,0,0,0,0,1,0,0,0,12.871337193291367,389000
0.1980287417180216,0.09644111792455802,-0.11169874554187102,-1.1427382348800126,1,1,0,0,0,0,0,0,0,1,0,0,0,0,0,0,0,0,1,0,0,0,0,0,0,0,0,0,0,0,0,0,0,0,0,0,0,0,0,1,0,0,0,12.206077645517674,200000
0.1980287417180216,0.09644111792455802,-0.06268776902257481,-1.1427382348800126,1,0,0,0,0,0,0,0,0,1,0,0,0,0,0,0,0,0,0,0,0,0,0,0,0,0,0,0,0,1,0,0,0,0,0,0,0,0,0,1,0,0,0,12.230770136157428,205000
0.1980287417180216,0.09644111792455802,0.0353341840160176,-1.1427382348800126,0,1,0,0,0,0,0,0,0,1,0,0,0,0,0,0,0,0,0,0,0,0,0,0,0,0,0,0,0,0,0,0,0,1,0,0,0,0,0,1,0,0,0,12.899222326086994,400000
0.1980287417180216,0.09644111792455802,-0.11169874554187102,-1.1427382348800126,1,0,0,1,0,0,0,0,0,0,0,0,0,0,0,0,0,1,0,0,0,0,0,0,0,0,0,0,0,1,0,0,0,0,0,0,0,0,0,0,0,0,1,12.128116509451258,185000
0.1980287417180216,0.09644111792455802,0.10149900231706747,1.1678668310881546,0,0,0,0,0,0,0,0,0,0,0,0,0,0,0,0,0,1,0,0,0,0,0,0,0,0,1,0,0,0,0,0,0,0,0,0,0,0,0,1,0,0,0,12.468440756144114,260000
-1.383683877512786,-1.946160087556246,-0.13718445333190504,0.012564298104070972,1,1,0,0,0,0,0,0,0,1,0,0,0,0,0,0,0,0,0,0,0,0,0,0,0,0,0,0,0,1,0,0,0,0,0,0,0,0,0,1,0,0,1,12.923914877701906,410000
0.1980287417180216,0.09644111792455802,0.11473196597727746,-1.1427382348800126,0,0,0,0,0,0,0,0,0,0,0,0,0,0,0,0,0,1,0,0,0,1,0,0,0,0,0,0,0,0,0,0,0,0,0,0,0,0,0,1,0,0,0,12.706850963741102,330000
0.1980287417180216,0.09644111792455802,-0.08719325728222291,-1.1427382348800126,1,0,0,0,0,0,0,0,0,0,0,0,0,0,0,0,0,1,1,0,0,0,0,0,0,0,0,0,0,0,0,0,0,0,0,0,0,0,0,0,0,0,0,12.487488878546145,265000
-1.383683877512786,0.09644111792455802,-0.0822921596302933,-1.1427382348800126,0,0,0,0,0,1,0,0,1,0,0,0,0,0,0,0,0,0,0,0,0,0,0,0,0,1,0,0,0,0,0,0,0,0,0,0,0,0,0,1,1,0,0,12.54254845357358,280000
0.1980287417180216,0.09644111792455802,0.01376935434752727,0.012564298104070972,1,1,0,0,0,0,0,0,0,0,0,0,0,0,0,0,1,0,0,0,0,0,0,0,0,0,0,0,1,0,0,0,0,0,0,0,0,0,0,1,1,0,0,12.84265212010087,378000
0.1980287417180216,0.09644111792455802,0.0598396722756657,1.1678668310881546,0,0,0,0,0,1,0,0,0,0,0,0,0,1,0,0,0,0,0,0,1,0,0,0,0,0,0,0,0,0,0,0,0,0,0,0,0,0,0,1,0,0,1,13.013666190132906,448500
0.1980287417180216,0.09644111792455802,0.11179130738611968,0.012564298104070972,1,1,0,0,0,0,0,0,0,0,0,0,0,0,0,0,1,0,0,0,0,0,0,0,0,0,0,0,1,0,0,0,0,0,0,0,0,0,0,1,1,0,0,13.017005083966255,450000
0.1980287417180216,0.09644111792455802,0.13776712494134666,0.012564298104070972,1,1,0,0,0,0,0,0,0,0,0,0,0,0,0,0,1,0,0,0,0,0,0,0,0,0,0,0,1,0,0,0,0,0,0,0,0,0,0,1,0,0,1,13.384729180332174,650000
1.779741360948829,0.09644111792455802,0.010828695756369498,1.1678668310881546,1,0,0,0,0,1,0,0,0,1,0,0,0,0,0,0,0,0,0,0,0,0,0,0,0,0,0,0,0,0,0,0,0,0,0,1,0,0,0,1,0,0,1,12.765691290604371,350000
0.1980287417180216,0.09644111792455802,0.14070778353250443,-1.1427382348800126,0,1,0,0,0,0,0,0,0,1,0,0,0,0,0,0,0,0,0,0,0,0,0,0,0,0,0,0,0,0,0,0,0,0,0,1,0,0,0,1,0,0,1,13.176853456625999,528000
1.779741360948829,2.139042323405362,0.0353341840160176,1.1678668310881546,0,0,0,0,0,1,0,0,0,1,0,0,0,0,0,0,0,0,0,0,0,0,0,0,0,0,0,0,0,0,0,0,0,1,0,0,0,0,0,1,1,0,0,13.217675375388819,550000
0.1980287417180216,0.09644111792455802,-0.1362042338015191,0.012564298104070972,0,0,0,0,0,0,0,0,0,0,0,0,0,1,0,0,0,0,0,1,0,0,0,0,0,0,0,0,0,0,0,0,0,0,0,0,0,0,0,1,0,1,0,12.54254845357358,280000
0.1980287417180216,2.139042323405362,0.10885064879496191,1.1678668310881546,0,1,0,0,0,0,0,0,0,0,0,0,1,0,0,0,0,0,0,0,0,0,0,0,0,0,0,0,0,1,0,0,0,0,0,0,0,0,0,1,0,0,1,13.180634172318978,530000
0.1980287417180216,0.09644111792455802,0.06719131875356013,0.012564298104070972,1,1,0,0,0,0,0,0,0,0,0,0,0,1,0,0,0,0,0,0,0,0,1,0,0,0,0,0,0,0,0,0,0,0,0,0,0,0,0,1,0,0,0,13.112315061750808,495000
0.1980287417180216,0.09644111792455802,0.0676814285187531,1.1678668310881546,1,1,0,0,0,0,0,0,0,0,0,0,0,1,0,0,0,0,0,0,0,0,1,0,0,0,0,0,0,0,0,0,0,0,0,0,0,0,0,1,0,0,0,13.304686600863562,600000
0.1980287417180216,0.09644111792455802,0.05542868438892905,0.012564298104070972,0,1,0,0,0,0,0,0,0,1,0,0,0,0,0,0,0,0,0,0,0,0,0,0,0,0,0,0,0,1,0,0,0,0,0,0,0,0,0,1,0,0,0,12.765691290604371,350000
-1.383683877512786,0.09644111792455802,-0.0641580983181537,-1.1427382348800126,0,0,0,0,0,1,0,0,0,0,0,0,0,0,0,0,0,1,0,0,0,1,0,0,0,0,0,0,0,0,0,0,0,0,0,0,0,0,0,1,0,0,0,12.994532278619134,440000
0.1980287417180216,0.09644111792455802,0.0598396722756657,1.1678668310881546,0,1,0,0,0,0,0,0,0,0,0,0,0,0,0,0,0,1,0,0,0,0,0,0,0,0,0,0,0,1,0,0,0,0,0,0,0,0,0,0,0,1,0,13.038983942375959,460000
0.1980287417180216,0.09644111792455802,-0.06023722019661,1.1678668310881546,0,0,0,0,0,0,0,0,0,0,0,0,0,0,0,0,0,1,0,0,0,0,0,0,0,0,0,0,0,1,0,0,0,0,0,0,0,0,0,1,1,0,0,12.653961664405365,313000
0.1980287417180216,0.09644111792455802,-0.08719325728222291,0.012564298104070972,1,0,0,1,0,0,0,0,0,0,0,0,0,0,0,0,0,1,0,0,0,0,0,0,0,0,0,0,0,0,0,0,0,0,1,0,0,0,0,1,0,0,1,11.58989576532275,108000
0.1980287417180216,0.09644111792455802,-0.16168994159155314,0.012564298104070972,0,0,0,0,0,0,0,0,0,0,0,0,0,0,0,0,0,1,0,0,0,0,0,0,0,0,0,0,0,0,0,1,0,0,0,0,0,0,0,1,0,1,0,11.884495917930655,145000
0.1980287417180216,0.09644111792455802,-0.032791073345804125,-1.1427382348800126,0,1,0,0,0,0,0,0,0,1,0,0,0,0,0,0,0,0,0,0,0,0,0,0,0,0,0,0,0,0,0,0,0,0,0,1,0,0,0,1,0,0,0,12.577639650232573,290000
-2.9653964967435935,-1.946160087556246,-0.25873167509975964,-1.1427382348800126,0,1,0,0,0,0,0,0,0,0,0,0,0,0,0,0,0,1,0,0,0,0,0,0,0,0,0,0,0,1,0,0,0,0,0,0,0,0,0,1,0,0,0,12.206077645517674,200000
-2.9653964967435935,-1.946160087556246,-0.23422618684011154,-1.1427382348800126,0,1,0,0,0,0,0,0,0,0,0,0,0,0,0,0,0,1,0,0,0,0,0,0,0,0,0,0,0,1,0,0,0,0,0,0,0,0,0,1,0,0,0,12.206077645517674,200000
0.1980287417180216,0.09644111792455802,-0.0808218303347144,-1.1427382348800126,1,0,0,0,0,0,0,0,0,0,0,0,0,0,0,0,0,1,0,0,0,0,0,0,0,0,0,0,0,0,0,0,0,0,1,0,0,0,0,1,0,0,0,11.982935344196433,160000
-2.9653964967435935,-1.946160087556246,-0.25873167509975964,-1.1427382348800126,1,1,0,0,0,0,0,0,0,0,0,0,0,0,0,0,0,1,0,0,0,0,0,0,0,0,0,0,0,0,0,0,0,0,0,0,1,0,0,1,0,0,0,12.388398368982115,240000
-2.9653964967435935,-1.946160087556246,-0.2744151875859344,-1.1427382348800126,0,0,0,0,0,1,0,0,0,0,0,0,0,0,0,0,0,1,0,0,0,0,0,0,0,0,0,0,0,1,0,0,0,0,0,0,0,0,0,1,0,0,0,12.506180941677357,270000
-2.9653964967435935,-1.946160087556246,-0.25677123603898777,-1.1427382348800126,1,0,0,0,0,1,0,0,0,0,0,0,0,0,0,0,0,1,0,0,0,0,0,0,0,0,0,0,0,0,0,0,0,0,1,0,0,0,0,1,0,0,0,12.367345048436391,235000
-2.9653964967435935,-1.946160087556246,-0.34205033518256317,-1.1427382348800126,1,0,0,0,0,1,0,0,0,1,0,0,0,0,0,0,0,0,0,0,0,0,0,0,0,0,0,0,0,1,0,0,0,0,0,0,0,0,0,1,0,0,0,12.345838935721968,230000
0.1980287417180216,0.09644111792455802,0.010828695756369498,1.1678668310881546,0,0,0,0,0,1,0,0,0,0,0,0,0,1,0,0,0,0,0,1,0,0,0,0,0,0,0,0,0,0,0,0,0,0,0,0,0,0,0,1,1,0,0,13.017005083966255,450000
0.1980287417180216,0.09644111792455802,0.028472647303316133,1.1678668310881546,0,1,0,0,0,0,0,0,0,0,0,0,0,1,0,0,0,0,0,0,0,0,0,0,1,0,0,0,0,0,0,0,0,0,0,0,0,0,0,1,0,0,1,13.527829818844937,750000
0.1980287417180216,0.09644111792455802,-0.06268776902257481,1.1678668310881546,0,0,0,0,0,0,0,0,0,0,0,0,0,1,0,0,0,0,0,1,0,0,0,0,0,0,0,0,0,0,0,0,0,0,0,0,0,0,0,1,0,0,1,12.84265212010087,378000
0.1980287417180216,0.09644111792455802,0.04023528166794722,1.1678668310881546,0,1,0,0,0,0,0,0,0,0,0,0,0,1,0,0,0,0,0,0,0,0,0,0,1,0,0,0,0,0,0,0,0,0,0,0,0,0,0,1,0,0,1,13.081543466215237,480000
0.1980287417180216,0.09644111792455802,-0.044553707710435216,1.1678668310881546,0,1,0,0,0,0,0,0,0,0,0,0,0,1,0,0,0,0,0,1,0,0,0,0,0,0,0,0,0,0,0,0,0,0,0,0,0,0,0,1,0,0,1,13.081543466215237,480000
0.1980287417180216,0.09644111792455802,-0.1362042338015191,-1.1427382348800126,0,0,0,0,0,0,0,0,0,0,0,0,0,0,1,0,0,0,0,0,0,0,0,0,0,0,0,0,0,1,0,0,0,0,0,0,0,0,0,0,0,1,0,12.449022745701502,255000
1.779741360948829,2.139042323405362,0.327439604071023,1.1678668310881546,0,1,0,0,0,0,0,0,0,0,0,0,0,1,0,0,0,0,0,0,0,0,0,0,1,0,0,0,0,0,0,0,0,0,0,0,0,0,0,1,0,0,1,13.635188201437066,835000
0.1980287417180216,0.09644111792455802,-0.0744504033872059,0.012564298104070972,0,0,0,0,0,0,0,0,0,0,0,0,0,1,0,0,0,0,0,0,0,0,0,0,0,0,0,0,0,1,0,0,0,0,0,0,0,0,0,1,0,1,0,12.873904582205107,390000
0.1980287417180216,0.09644111792455802,0.11816273433362819,1.1678668310881546,0,1,0,0,0,0,0,0,0,0,0,0,0,1,0,0,0,0,0,0,0,0,0,0,0,0,0,0,0,1,0,0,0,0,0,0,0,0,0,1,1,0,0,13.610944619216111,815000
-1.383683877512786,-1.946160087556246,-0.22785475989260304,-1.1427382348800126,1,0,0,1,0,0,0,0,0,0,0,0,0,1,0,0,0,0,0,1,0,0,0,0,0,0,0,0,0,0,0,0,0,0,0,0,0,0,0,1,0,0,1,12.04355959836804,170000
0.1980287417180216,0.09644111792455802,0.028472647303316133,1.1678668310881546,0,1,0,0,0,0,0,0,0,0,0,0,0,1,0,0,0,0,0,0,0,0,0,0,1,0,0,0,0,0,0,0,0,0,0,0,0,0,0,1,1,0,0,13.567050480716235,780000
0.1980287417180216,0.09644111792455802,0.13531657611538186,1.1678668310881546,0,1,0,0,0,0,0,0,0,0,0,0,0,1,0,0,0,0,0,0,0,0,0,0,1,0,0,0,0,0,0,0,0,0,0,0,0,0,0,1,0,0,1,13.623139877437296,825000
0.1980287417180216,0.09644111792455802,-0.1362042338015191,0.012564298104070972,0,0,0,0,0,0,0,0,0,0,0,0,0,1,0,0,0,0,0,0,0,0,0,0,1,0,0,0,0,0,0,0,0,0,0,0,0,0,0,1,0,0,1,12.936036208848487,415000
0.1980287417180216,0.09644111792455802,-0.08719325728222291,0.012564298104070972,0,0,0,0,0,0,0,0,0,0,0,0,0,1,0,0,0,0,0,0,0,0,0,0,1,0,0,0,0,0,0,0,0,0,0,0,0,0,0,1,0,0,1,12.948012371209098,420000
0.1980287417180216,0.09644111792455802,-0.1362042338015191,1.1678668310881546,0,1,0,0,0,0,0,0,0,0,0,0,0,1,0,0,0,0,0,0,0,0,1,0,0,0,0,0,0,0,0,0,0,0,0,0,0,0,0,1,0,1,0,12.793862088206213,360000
0.1980287417180216,0.09644111792455802,-0.1607097220611672,0.012564298104070972,0,0,0,0,0,0,0,0,0,0,0,0,0,1,0,0,0,0,0,0,0,0,0,0,1,0,0,0,0,0,0,0,0,0,0,0,0,0,0,1,0,1,0,12.644330802262578,310000
0.1980287417180216,0.09644111792455802,-0.1607097220611672,0.012564298104070972,1,0,0,0,0,0,0,0,0,0,0,0,0,1,0,0,0,0,0,0,0,0,0,0,1,0,0,0,0,0,0,0,0,0,0,0,0,0,0,1,0,0,1,12.628070334272698,305000
-2.9653964967435935,-1.946160087556246,-0.2788261754726711,-1.1427382348800126,1,0,0,0,0,1,0,0,0,0,0,0,0,0,0,1,0,0,0,0,0,0,0,0,0,0,0,1,0,0,0,0,0,0,0,0,0,0,0,1,1,0,0,13.270785106659046,580000
0.1980287417180216,0.09644111792455802,-0.1607097220611672,-1.1427382348800126,1,0,0,1,0,0,0,0,0,0,0,0,0,0,0,0,0,1,0,0,0,0,0,0,0,0,0,0,0,0,1,0,0,0,0,0,0,0,0,0,0,1,0,12.00762780434872,164000
0.1980287417180216,0.09644111792455802,-0.18521521032081534,-1.1427382348800126,1,0,0,0,0,0,0,0,0,0,0,0,0,0,0,0,0,1,0,0,0,0,0,0,0,0,0,0,0,0,1,0,0,0,0,0,0,0,0,0,1,0,0,12.013706813470414,165000
0.1980287417180216,0.09644111792455802,0.016710012938685043,-1.1427382348800126,0,1,0,0,0,0,0,0,0,1,0,0,0,0,0,0,0,0,0,0,0,0,0,0,0,0,0,0,0,1,0,0,0,0,0,0,0,0,0,1,0,0,0,12.793862088206213,360000
0.1980287417180216,0.09644111792455802,0.08434516053531381,-1.1427382348800126,1,1,0,0,0,0,0,0,0,1,0,0,0,0,0,0,0,0,0,0,0,0,0,0,0,0,0,0,0,0,0,0,0,0,0,1,0,0,0,1,0,0,0,12.994532278619134,440000
0.1980287417180216,0.09644111792455802,-0.030830634285032278,0.012564298104070972,1,0,0,0,0,0,0,0,0,0,0,0,0,0,0,0,0,1,0,0,0,0,0,0,0,0,0,0,0,1,0,0,0,0,0,0,0,0,0,1,0,0,1,12.871337193291367,389000
1.779741360948829,0.09644111792455802,0.08091439217896307,1.1678668310881546,1,1,0,0,0,0,0,0,0,0,0,0,0,0,0,0,0,1,0,0,0,0,0,0,0,0,0,0,0,0,1,0,0,0,0,0,0,0,0,1,0,1,0,13.098072734013513,488000
0.1980287417180216,0.09644111792455802,0.005927598104439877,-1.1427382348800126,1,1,0,0,0,0,0,0,0,0,0,0,0,0,0,0,0,1,0,0,0,0,0,0,0,0,0,0,0,0,1,0,0,0,0,0,0,0,0,1,0,0,0,12.971542813248437,430000
1.779741360948829,0.09644111792455802,0.23970995610148277,1.1678668310881546,0,1,0,0,0,0,0,0,0,0,0,0,0,1,0,0,0,0,0,0,1,0,0,0,0,0,0,0,0,0,0,0,0,0,0,0,0,0,0,1,0,0,1,13.652992804936396,850000
1.779741360948829,2.139042323405362,0.2558835783528505,1.1678668310881546,0,1,0,0,0,0,0,0,0,0,0,0,0,1,0,0,0,0,0,0,0,0,0,0,0,0,0,0,0,1,0,0,0,0,0,0,0,0,0,1,0,0,1,13.353476685668044,630000
1.779741360948829,2.139042323405362,0.2558835783528505,1.1678668310881546,0,1,0,0,0,0,0,0,0,0,0,0,0,1,0,0,0,0,0,0,0,0,0,0,0,0,0,0,0,1,0,0,0,0,0,0,0,0,0,1,0,0,1,13.353476685668044,630000
0.1980287417180216,0.09644111792455802,0.10885064879496191,1.1678668310881546,0,1,0,0,0,0,0,0,0,0,0,0,0,1,0,0,0,0,0,0,0,0,0,0,0,0,0,0,0,0,0,0,0,0,0,0,0,1,0,1,1,0,0,13.353476685668044,630000
0.1980287417180216,-1.946160087556246,-0.17051191736502647,-1.1427382348800126,1,0,0,0,0,0,0,0,0,0,0,0,1,0,0,0,0,0,0,0,0,0,0,0,0,0,0,0,0,1,0,0,0,0,0,0,0,0,0,1,0,0,1,12.04355959836804,170000
0.1980287417180216,0.09644111792455802,0.04464626955468388,-1.1427382348800126,1,1,0,0,0,0,0,0,0,0,0,0,0,0,0,1,0,0,0,0,0,0,0,0,0,0,0,1,0,0,0,0,0,0,0,0,0,0,0,1,1,0,0,13.217675375388819,550000
0.1980287417180216,0.09644111792455802,-0.01710756085962934,-1.1427382348800126,1,0,0,0,0,0,0,0,0,1,0,0,0,0,0,0,0,0,0,0,0,0,0,0,0,0,0,0,0,1,0,0,0,0,0,0,0,0,0,1,0,0,0,12.292254928916668,218000
0.1980287417180216,0.09644111792455802,-0.021028438981173035,0.012564298104070972,0,0,0,0,0,0,0,0,1,0,0,0,0,0,0,0,0,0,0,0,0,0,0,0,0,1,0,0,0,0,0,0,0,0,0,0,0,0,0,0,1,0,0,12.245298166364206,208000
0.1980287417180216,0.09644111792455802,0.0353341840160176,0.012564298104070972,0,1,0,0,0,0,0,0,0,0,0,0,0,0,1,0,0,0,0,0,0,0,0,0,0,0,0,0,0,1,0,0,0,0,0,0,0,0,0,1,0,0,1,12.971542813248437,430000
-2.9653964967435935,-1.946160087556246,0.010828695756369498,-1.1427382348800126,0,0,0,1,0,0,0,0,0,0,0,0,1,0,0,0,0,0,0,0,0,0,0,0,0,0,0,0,0,1,0,0,0,0,0,0,0,0,0,1,0,0,1,11.608244735642321,110000
0.1980287417180216,0.09644111792455802,-0.057296561605452226,0.012564298104070972,0,0,0,0,0,1,0,0,0,0,0,0,0,0,0,0,0,1,0,0,0,0,0,0,0,0,0,0,0,1,0,0,0,0,0,0,0,0,0,1,0,1,0,13.017005083966255,450000
-1.383683877512786,-1.946160087556246,-0.23128552824895376,-1.1427382348800126,1,0,0,1,0,0,0,0,1,0,0,0,0,0,0,0,0,0,0,0,0,0,0,0,0,1,0,0,0,0,0,0,0,0,0,0,0,0,0,1,0,0,1,11.277215789596893,79000
0.1980287417180216,0.09644111792455802,-0.06268776902257481,-1.1427382348800126,0,0,0,0,0,0,0,0,1,0,0,0,0,0,0,0,0,0,0,0,0,0,0,0,0,1,0,0,0,0,0,0,0,0,0,0,0,0,0,1,1,0,0,12.292254928916668,218000
0.1980287417180216,0.09644111792455802,-0.06856908620489036,-1.1427382348800126,1,0,0,0,0,0,0,0,0,1,0,0,0,0,0,0,0,0,0,0,0,0,0,0,0,0,0,0,0,0,0,0,0,1,0,0,0,0,0,1,0,0,0,12.535379989788607,278000
0.1980287417180216,0.09644111792455802,-0.1362042338015191,0.012564298104070972,1,0,0,0,0,0,0,0,0,0,0,0,0,1,0,0,0,0,0,1,0,0,0,0,0,0,0,0,0,0,0,0,0,0,0,0,0,0,0,1,0,0,0,12.421188057397055,248000
1.779741360948829,2.139042323405362,0.598960413987924,1.1678668310881546,1,1,0,0,0,0,0,0,0,0,0,0,0,0,0,0,0,1,0,0,0,0,0,0,0,0,0,0,0,0,0,0,0,0,1,0,0,0,0,1,0,1,0,13.301347705172173,598000
1.779741360948829,2.139042323405362,0.2289275412672376,-1.1427382348800126,1,1,0,0,0,0,0,0,0,0,0,0,0,0,0,0,0,1,0,0,0,0,0,0,0,0,0,0,0,0,0,0,0,0,1,0,0,0,0,1,0,0,0,13.081543466215237,480000
0.1980287417180216,0.09644111792455802,0.015239683643106157,1.1678668310881546,1,0,0,0,0,1,0,0,0,1,0,0,0,0,0,0,0,0,0,0,0,0,0,0,0,0,0,0,0,0,0,0,0,1,0,0,0,0,0,1,0,1,0,12.779875885354993,355000
0.1980287417180216,0.09644111792455802,0.015239683643106157,1.1678668310881546,1,0,0,0,0,1,0,0,0,1,0,0,0,0,0,0,0,0,0,0,0,0,0,0,0,0,0,0,0,0,0,0,0,1,0,0,0,0,0,1,0,0,1,12.765691290604371,350000
0.1980287417180216,0.09644111792455802,0.012789134817141347,0.012564298104070972,1,1,0,0,0,0,0,0,0,1,0,0,0,0,0,0,0,0,0,0,0,0,0,0,0,0,0,0,0,1,0,0,0,0,0,0,0,0,0,1,1,0,0,12.807655372286902,365000
0.1980287417180216,0.09644111792455802,0.13825723470653964,1.1678668310881546,1,0,0,0,0,1,0,0,0,1,0,0,0,0,0,0,0,0,0,0,0,0,0,0,0,0,0,0,0,0,0,0,0,1,0,0,0,0,0,1,1,0,0,13.176853456625999,528000
0.1980287417180216,0.09644111792455802,0.015239683643106157,1.1678668310881546,1,0,0,0,0,1,0,0,0,1,0,0,0,0,0,0,0,0,0,0,0,0,0,0,0,0,0,0,0,0,0,0,0,1,0,0,0,0,0,1,0,1,0,13.060490101343552,470000
0.1980287417180216,0.09644111792455802,-0.11169874554187102,-1.1427382348800126,0,0,0,0,0,0,0,0,0,0,0,0,0,0,0,0,0,1,0,0,0,0,0,0,0,0,1,0,0,0,0,0,0,0,0,0,0,0,0,0,0,0,1,11.918397239722838,150000
1.779741360948829,0.09644111792455802,-0.006325146025384174,-1.1427382348800126,0,1,0,0,0,0,0,0,0,1,0,0,0,0,0,0,0,0,0,0,0,1,0,0,0,0,0,0,0,0,0,0,0,0,0,0,0,0,0,1,0,0,0,12.560247968016562,285000
0.1980287417180216,0.09644111792455802,-0.06513831784853961,-1.1427382348800126,0,1,0,0,0,0,0,0,0,1,0,0,0,0,0,0,0,0,0,0,0,0,0,0,0,0,0,0,0,0,0,0,0,0,0,1,0,0,0,1,0,0,0,12.388398368982115,240000
1.779741360948829,0.09644111792455802,0.20148139441643173,0.012564298104070972,1,1,0,0,0,0,0,0,0,1,0,0,0,0,0,0,0,0,0,0,0,0,0,0,0,0,0,0,0,0,0,0,0,0,0,1,0,0,0,0,0,0,1,13.217675375388819,550000
0.1980287417180216,0.09644111792455802,0.027002318007737246,0.012564298104070972,1,1,0,0,0,0,0,0,0,0,0,0,0,0,0,0,0,1,1,0,0,0,0,0,0,0,0,0,0,0,0,0,0,0,0,0,0,0,0,0,0,0,1,12.969214528909768,429000
0.1980287417180216,0.09644111792455802,0.30489455487214673,0.012564298104070972,0,0,0,0,0,1,0,0,0,1,0,0,0,0,0,0,0,0,1,0,0,0,0,0,0,0,0,0,0,0,0,0,0,0,0,0,0,0,0,1,0,1,0,13.480039220276565,715000
0.1980287417180216,0.09644111792455802,0.02063089106022874,-1.1427382348800126,0,1,0,0,0,0,0,0,0,1,0,0,0,0,0,0,0,0,0,0,0,0,0,0,0,0,0,0,0,1,0,0,0,0,0,0,0,0,0,1,0,0,0,12.765691290604371,350000
0.1980287417180216,0.09644111792455802,-0.03818228076292671,-1.1427382348800126,1,0,0,0,0,0,0,0,0,0,0,0,0,0,0,0,1,0,0,0,0,0,0,0,0,0,0,0,0,1,0,0,0,0,0,0,0,0,0,1,0,1,0,12.73670383776449,340000
0.1980287417180216,0.09644111792455802,-0.06268776902257481,1.1678668310881546,1,1,0,0,0,0,0,0,0,0,0,0,0,1,0,0,0,0,0,0,0,0,0,0,1,0,0,0,0,0,0,0,0,0,0,0,0,0,0,1,0,0,0,13.451668563394815,695000
0.1980287417180216,0.09644111792455802,-0.09209435493415254,-1.1427382348800126,0,0,0,0,0,0,0,0,0,0,0,0,0,0,0,0,0,1,0,0,0,0,0,0,0,0,0,0,0,1,0,0,0,0,0,0,0,0,0,1,1,0,0,11.49273296168228,98000
0.1980287417180216,0.09644111792455802,-0.013676792503278605,0.012564298104070972,1,1,0,0,0,0,0,0,0,0,0,0,0,0,0,0,0,1,0,0,0,0,0,0,0,0,0,0,0,1,0,0,0,0,0,0,0,0,0,0,0,0,1,12.706850963741102,330000
0.1980287417180216,0.09644111792455802,0.0353341840160176,-1.1427382348800126,0,0,0,0,0,0,0,0,0,1,0,0,0,0,0,0,0,0,0,0,0,0,0,0,0,0,0,0,0,0,0,0,0,0,0,1,0,0,0,1,0,0,0,12.604852121186608,298000
0.1980287417180216,0.09644111792455802,-0.051905354188329644,0.012564298104070972,1,0,0,0,0,0,0,0,0,0,0,0,0,1,0,0,0,0,0,0,0,0,0,0,1,0,0,0,0,0,0,0,0,0,0,0,0,0,0,1,0,0,1,13.081543466215237,480000
0.1980287417180216,0.09644111792455802,-0.04651414677120706,1.1678668310881546,0,1,0,0,0,0,0,0,0,0,0,0,0,1,0,0,0,0,0,0,0,0,0,0,0,0,0,0,0,0,0,0,0,0,0,0,0,1,0,1,1,0,0,13.112315061750808,495000
0.1980287417180216,0.09644111792455802,-0.18521521032081534,-1.1427382348800126,1,0,0,0,0,0,0,0,0,0,0,0,0,0,0,0,0,0,0,0,0,0,0,0,0,0,0,0,0,0,0,0,0,0,0,0,0,0,0,1,1,0,0,12.380030154325457,238000
0.1980287417180216,0.09644111792455802,0.0598396722756657,0.012564298104070972,0,1,0,0,0,0,0,0,0,0,0,0,0,0,0,0,0,0,0,0,0,0,0,0,0,0,0,0,0,0,0,0,0,0,0,0,0,0,0,1,0,1,0,13.28448392755959,588000
0.1980287417180216,0.09644111792455802,0.016710012938685043,-1.1427382348800126,1,0,0,0,0,1,0,0,0,0,0,0,0,0,0,0,0,1,0,0,0,0,0,0,0,0,0,0,0,0,0,0,0,0,1,0,0,0,0,1,0,0,0,12.923914877701906,410000
0.1980287417180216,0.09644111792455802,-0.1362042338015191,0.012564298104070972,0,1,0,0,0,0,0,0,0,0,0,0,0,1,0,0,0,0,0,0,0,0,0,0,0,0,0,0,0,1,0,0,0,0,0,0,0,0,0,1,0,1,0,12.611541086966115,300000
0.1980287417180216,0.09644111792455802,0.0250418789469654,0.012564298104070972,1,0,0,0,0,0,0,0,0,0,0,0,1,0,0,0,0,0,0,0,0,0,0,0,0,0,0,0,0,1,0,0,0,0,0,0,0,0,0,0,0,0,1,12.696188290481068,326500
0.1980287417180216,0.09644111792455802,-0.05288557371871557,1.1678668310881546,1,0,0,0,0,1,0,0,0,0,0,0,0,0,0,1,0,0,0,0,0,0,0,0,0,0,0,1,0,0,0,0,0,0,0,0,0,0,0,1,1,0,0,13.017005083966255,450000
0.1980287417180216,0.09644111792455802,0.010828695756369498,1.1678668310881546,0,1,0,0,0,0,0,0,0,0,0,0,0,1,0,0,0,0,0,1,0,0,0,0,0,0,0,0,0,0,0,0,0,0,0,0,0,0,0,1,0,0,0,12.873904582205107,390000
0.1980287417180216,0.09644111792455802,-0.1362042338015191,0.012564298104070972,0,1,0,0,0,0,0,0,0,0,0,0,0,1,0,0,0,0,0,0,1,0,0,0,0,0,0,0,0,0,0,0,0,0,0,0,0,0,0,1,1,0,0,12.409017571151187,245000
0.1980287417180216,0.09644111792455802,-0.06268776902257481,0.012564298104070972,0,0,0,0,0,0,0,0,0,0,0,0,0,0,0,0,0,1,0,0,0,0,0,0,0,0,0,0,0,0,0,1,0,0,0,0,0,0,0,1,0,0,1,12.367345048436391,235000
0.1980287417180216,0.09644111792455802,-0.1362042338015191,0.012564298104070972,0,1,0,0,0,0,0,0,0,0,0,0,0,1,0,0,0,0,0,0,1,0,0,0,0,0,0,0,0,0,0,0,0,0,0,0,0,0,0,1,1,0,0,12.409017571151187,245000
0.1980287417180216,0.09644111792455802,0.01572979340829912,0.012564298104070972,0,0,0,0,0,0,0,0,0,0,0,0,0,0,0,0,0,1,0,0,0,0,0,0,0,0,0,0,0,0,0,1,0,0,0,0,0,0,0,1,1,0,0,12.748396936355535,343999
0.1980287417180216,0.09644111792455802,0.08924625818724342,0.012564298104070972,0,1,0,0,0,0,0,0,0,1,0,0,0,0,0,0,0,0,0,0,0,0,0,0,0,0,0,0,0,1,0,0,0,0,0,0,0,0,0,1,0,0,0,13.151924121391561,515000
0.1980287417180216,0.09644111792455802,0.08973636795243639,0.012564298104070972,0,1,0,0,0,0,0,0,0,0,0,0,0,0,0,0,0,1,0,0,0,0,0,0,0,0,0,0,0,1,0,0,0,0,0,0,0,0,0,1,0,1,0,12.886643575525625,395000
0.1980287417180216,0.09644111792455802,-0.10189655023801178,0.012564298104070972,1,0,0,0,0,0,0,0,0,1,0,0,0,0,0,0,0,0,0,0,0,0,0,0,0,0,0,0,0,1,0,0,0,0,0,0,0,0,0,1,0,1,0,12.896719202134523,399000
0.1980287417180216,0.09644111792455802,0.23774951704071093,1.1678668310881546,1,1,0,0,0,0,0,0,0,0,0,0,0,0,0,0,0,1,0,0,0,0,0,0,0,0,0,0,0,1,0,0,0,0,0,0,0,0,0,1,0,0,0,13.270785106659046,580000
1.779741360948829,2.139042323405362,0.2833297252036564,0.012564298104070972,1,0,0,0,0,0,0,0,0,0,0,0,0,0,0,0,0,1,0,0,0,0,0,0,0,0,0,0,0,0,0,0,0,0,1,0,0,0,0,1,0,1,0,12.994532278619134,440000
0.1980287417180216,0.09644111792455802,-0.020538329215980075,0.012564298104070972,0,1,0,0,0,0,0,0,0,0,0,0,0,0,0,0,0,1,0,0,0,0,0,0,0,0,0,0,0,0,0,1,0,0,0,0,0,0,0,1,0,0,1,12.587931300962664,293000
0.1980287417180216,0.09644111792455802,-0.06268776902257481,0.012564298104070972,1,1,0,0,0,0,0,0,0,0,0,0,0,0,0,0,0,1,0,0,0,0,0,0,0,0,0,0,0,1,0,0,0,0,0,0,0,0,0,1,0,0,0,12.345838935721968,230000
0.1980287417180216,0.09644111792455802,-0.008775694851348985,0.012564298104070972,1,0,0,0,0,0,0,0,0,1,0,0,0,0,0,0,0,0,0,0,0,0,0,0,0,0,0,0,0,1,0,0,0,0,0,0,0,0,0,1,0,1,0,12.994532278619134,440000
0.1980287417180216,0.09644111792455802,-0.06268776902257481,0.012564298104070972,1,1,0,0,0,0,0,0,0,0,0,0,0,0,0,0,0,1,0,0,0,0,0,0,0,0,0,0,0,1,0,0,0,0,0,0,0,0,0,0,0,0,1,12.464587201678082,259000
0.1980287417180216,0.09644111792455802,0.0598396722756657,0.012564298104070972,1,1,0,0,0,0,0,0,0,0,0,0,0,0,0,1,0,0,0,0,0,0,0,0,0,0,0,1,0,0,0,0,0,0,0,0,0,0,0,1,0,0,0,13.102162710901053,490000
0.1980287417180216,0.09644111792455802,-0.06121743972699593,0.012564298104070972,0,0,0,0,0,0,0,0,0,0,0,0,0,0,0,0,0,1,0,0,0,0,0,0,0,0,0,0,0,1,0,0,0,0,0,0,0,0,0,0,0,0,1,12.611541086966115,300000
-1.383683877512786,-1.946160087556246,-0.22344377200586638,-1.1427382348800126,1,0,0,0,0,1,0,0,0,0,0,0,0,0,0,1,0,0,0,0,0,0,0,0,0,0,0,1,0,0,0,0,0,0,0,0,0,0,0,1,1,0,0,13.321215875492413,610000
0.1980287417180216,0.09644111792455802,-0.05778667137064519,1.1678668310881546,0,0,0,0,0,1,0,0,0,0,0,0,0,0,0,0,0,1,0,0,0,0,0,0,0,0,0,0,0,1,0,0,0,0,0,0,0,0,0,1,0,0,0,12.301387370778713,220000
0.1980287417180216,0.09644111792455802,-0.06856908620489036,0.012564298104070972,0,1,0,0,0,0,0,0,0,0,0,0,0,1,0,0,0,0,0,1,0,0,0,0,0,0,0,0,0,0,0,0,0,0,0,0,0,0,0,1,0,0,0,12.899222326086994,400000
0.1980287417180216,0.09644111792455802,0.016710012938685043,-1.1427382348800126,0,0,0,0,0,1,0,0,0,0,0,0,0,0,0,0,0,1,0,0,0,0,0,0,0,0,0,0,0,1,0,0,0,0,0,0,0,0,0,1,0,0,0,12.535379989788607,278000
1.779741360948829,2.139042323405362,0.30489455487214673,1.1678668310881546,0,1,0,0,0,0,0,0,0,0,0,0,0,1,0,0,0,0,0,1,0,0,0,0,0,0,0,0,0,0,0,0,0,0,0,0,0,0,0,1,0,0,0,13.399996629152975,660000
0.1980287417180216,2.139042323405362,-0.07248996432643405,-1.1427382348800126,1,1,0,0,0,0,0,0,0,1,0,0,0,0,0,0,0,0,0,0,0,0,0,0,0,0,0,0,0,1,0,0,0,0,0,0,0,0,0,1,0,0,0,12.409017571151187,245000
0.1980287417180216,0.09644111792455802,0.062290221101630516,0.012564298104070972,0,0,0,0,0,0,0,0,0,0,0,0,0,0,0,0,0,1,0,0,0,0,0,0,0,0,0,0,0,0,0,1,0,0,0,0,0,0,0,1,0,0,1,12.611541086966115,300000
0.1980287417180216,0.09644111792455802,-0.08719325728222291,0.012564298104070972,0,1,0,0,0,0,0,0,0,0,0,0,0,1,0,0,0,0,0,0,0,0,0,0,1,0,0,0,0,0,0,0,0,0,0,0,0,0,0,1,0,1,0,12.879019669789754,392000
0.1980287417180216,0.09644111792455802,0.010828695756369498,1.1678668310881546,0,1,0,0,0,0,0,0,0,0,0,0,0,1,0,0,0,0,0,0,0,0,0,0,0,0,0,0,0,1,0,0,0,0,0,0,0,0,0,1,0,1,0,13.138238695062618,508000
0.1980287417180216,0.09644111792455802,-0.06268776902257481,0.012564298104070972,0,0,0,0,0,0,0,0,0,0,0,0,0,1,0,0,0,0,0,0,0,0,0,1,0,0,0,0,0,0,0,0,0,0,0,0,0,0,0,1,0,0,1,12.847929163278053,380000
0.1980287417180216,0.09644111792455802,0.050527586736999426,-1.1427382348800126,0,1,0,0,0,0,0,0,0,1,0,0,0,0,0,0,0,0,0,0,0,0,0,0,0,0,0,0,0,0,0,0,0,1,0,0,0,0,0,1,0,0,0,12.983103608918753,435000
1.779741360948829,0.09644111792455802,0.20491216277278249,1.1678668310881546,0,1,0,0,0,0,0,0,0,0,0,0,0,0,0,0,0,1,0,0,0,0,0,0,0,0,0,0,0,1,0,0,0,0,0,0,0,0,0,1,0,0,1,13.122365377402328,500000
-1.383683877512786,0.09644111792455802,-0.14600642910537837,0.012564298104070972,1,0,0,0,0,0,0,0,0,0,0,0,0,0,0,0,0,0,0,0,0,0,0,0,0,0,0,0,0,0,0,0,0,0,0,0,0,0,0,0,0,1,0,12.100717685412471,180000
0.1980287417180216,0.09644111792455802,-0.025929536633102657,-1.1427382348800126,0,0,0,0,0,1,0,0,0,0,0,0,0,0,0,0,0,1,0,0,0,1,0,0,0,0,0,0,0,0,0,0,0,0,0,0,0,0,0,1,0,0,0,13.038983942375959,460000
0.1980287417180216,0.09644111792455802,0.0676814285187531,-1.1427382348800126,1,1,0,0,0,0,0,0,0,0,0,0,0,0,0,0,0,1,0,0,0,0,0,0,0,0,0,0,0,0,0,0,0,0,1,0,0,0,0,0,0,0,1,13.060490101343552,470000
0.1980287417180216,0.09644111792455802,-0.1607097220611672,-1.1427382348800126,0,0,0,0,0,0,0,0,1,0,0,0,0,0,0,0,0,0,0,0,0,0,0,0,0,0,0,0,0,1,0,0,0,0,0,0,0,0,0,1,0,0,0,11.813037464800539,135000
-1.383683877512786,-1.946160087556246,-0.1415954412186417,-1.1427382348800126,0,1,0,0,0,0,0,0,0,1,0,0,0,0,0,0,0,0,0,0,0,0,0,0,0,0,0,0,0,1,0,0,0,0,0,0,0,0,0,1,0,0,0,13.384729180332174,650000
0.1980287417180216,0.09644111792455802,-0.08817347681260884,-1.1427382348800126,0,0,0,0,0,1,0,0,0,1,0,0,0,0,0,0,0,0,0,0,0,0,0,0,0,0,0,0,0,1,0,0,0,0,0,0,0,0,0,1,0,0,0,12.468440756144114,260000
-1.383683877512786,-1.946160087556246,-0.1415954412186417,-1.1427382348800126,0,1,0,0,0,0,0,0,0,1,0,0,0,0,0,0,0,0,0,0,0,0,0,0,0,0,0,0,0,1,0,0,0,0,0,0,0,0,0,1,0,0,0,13.384729180332174,650000
0.1980287417180216,0.09644111792455802,-0.08817347681260884,-1.1427382348800126,0,0,0,0,0,1,0,0,0,1,0,0,0,0,0,0,0,0,0,0,0,0,0,0,0,0,0,0,0,1,0,0,0,0,0,0,0,0,0,1,0,0,0,12.468440756144114,260000
1.779741360948829,0.09644111792455802,0.14952975930597776,-1.1427382348800126,0,1,0,0,0,0,0,0,0,0,0,0,0,0,0,0,0,1,0,0,0,0,0,0,0,0,0,0,0,0,1,0,0,0,0,0,0,0,0,1,0,0,0,13.060490101343552,470000
1.779741360948829,0.09644111792455802,0.16423305226176663,-1.1427382348800126,0,1,0,0,0,0,0,0,0,1,0,0,0,0,0,0,0,0,0,0,0,0,0,0,0,0,0,0,0,0,0,0,0,0,0,1,0,0,0,1,0,0,0,13.038983942375959,460000
0.1980287417180216,0.09644111792455802,0.06670120898836718,-1.1427382348800126,0,0,0,0,0,0,0,0,0,0,0,0,0,0,0,0,0,1,0,0,0,0,0,0,0,0,0,0,0,0,0,0,0,0,0,0,1,0,0,1,0,0,0,12.899222326086994,400000
0.1980287417180216,0.09644111792455802,0.03288363519005279,-1.1427382348800126,0,0,0,0,0,0,0,0,0,0,0,0,0,0,0,0,0,1,0,0,0,0,0,0,0,0,1,0,0,0,0,0,0,0,0,0,0,0,0,1,0,0,0,12.367345048436391,235000
0.1980287417180216,0.09644111792455802,0.1554110764882933,-1.1427382348800126,0,1,0,0,0,0,0,0,0,1,0,0,0,0,0,0,0,0,0,0,0,0,0,0,0,0,0,0,0,1,0,0,0,0,0,0,0,0,0,1,0,0,0,12.706850963741102,330000
0.1980287417180216,0.09644111792455802,-0.07739106197836368,-1.1427382348800126,1,1,0,0,0,0,0,0,0,0,0,0,0,0,0,0,0,1,0,0,0,0,0,0,0,0,0,0,0,1,0,0,0,0,0,0,0,0,0,0,0,0,0,12.429216196844383,249999
0.1980287417180216,0.09644111792455802,-0.05288557371871557,-1.1427382348800126,1,0,0,0,0,0,0,0,0,1,0,0,0,0,0,0,0,0,0,0,0,0,0,0,0,0,0,0,0,0,0,0,0,0,0,1,0,0,0,1,0,0,0,12.577639650232573,290000
-1.383683877512786,0.09644111792455802,0.016710012938685043,0.012564298104070972,0,1,0,0,0,0,0,0,0,1,0,0,0,0,0,0,0,0,0,0,0,0,0,0,0,0,0,0,0,1,0,0,0,0,0,0,0,0,0,1,0,0,0,12.821260987319457,370000
-1.383683877512786,-1.946160087556246,-0.1607097220611672,0.012564298104070972,0,1,0,0,0,0,0,0,0,0,0,0,0,1,0,0,0,0,0,0,0,0,0,0,1,0,0,0,0,0,0,0,0,0,0,0,0,0,0,1,0,0,1,13.056225711649638,468000
0.1980287417180216,2.139042323405362,0.17648579639159068,1.1678668310881546,0,1,0,0,0,0,0,0,0,0,0,0,0,1,0,0,0,0,0,0,0,0,0,0,1,0,0,0,0,0,0,0,0,0,0,0,0,0,0,1,1,0,0,13.652992804936396,850000
1.779741360948829,2.139042323405362,0.12355394175075077,1.1678668310881546,1,1,0,0,0,0,0,0,0,0,0,0,0,1,0,0,0,0,0,0,0,0,0,0,1,0,0,0,0,0,0,0,0,0,0,0,0,0,0,1,0,0,1,13.567050480716235,780000
0.1980287417180216,0.09644111792455802,0.14315833235846925,1.1678668310881546,0,1,0,0,0,0,0,0,0,0,0,0,0,1,0,0,0,0,0,0,0,0,0,0,1,0,0,0,0,0,0,0,0,0,0,0,0,0,0,1,0,0,1,13.500801182986649,730000
0.1980287417180216,0.09644111792455802,-0.1362042338015191,0.012564298104070972,0,0,0,0,0,0,0,0,0,0,0,0,0,1,0,0,0,0,0,0,0,0,0,0,1,0,0,0,0,0,0,0,0,0,0,0,0,0,0,1,0,0,1,12.948012371209098,420000
-1.383683877512786,-1.946160087556246,-0.1362042338015191,0.012564298104070972,0,1,0,0,0,0,0,0,0,0,0,0,0,1,0,0,0,0,0,0,0,0,0,0,1,0,0,0,0,0,0,0,0,0,0,0,0,0,0,1,0,0,1,13.235693848424024,560000
0.1980287417180216,0.09644111792455802,-0.1362042338015191,0.012564298104070972,0,0,0,0,0,0,0,0,0,0,0,0,0,1,0,0,0,0,0,0,0,0,0,0,1,0,0,0,0,0,0,0,0,0,0,0,0,0,0,1,0,0,1,12.793862088206213,360000
0.1980287417180216,0.09644111792455802,-0.1362042338015191,0.012564298104070972,0,0,0,0,0,0,0,0,0,0,0,0,0,1,0,0,0,0,0,0,0,0,0,0,1,0,0,0,0,0,0,0,0,0,0,0,0,0,0,1,0,0,1,12.928781055513184,412000
0.1980287417180216,0.09644111792455802,0.0858154898308927,0.012564298104070972,0,1,0,0,0,0,0,0,0,0,0,0,0,0,0,0,0,1,0,0,0,0,0,0,0,0,0,0,0,0,0,1,0,0,0,0,0,0,0,1,1,0,0,12.84265212010087,378000
0.1980287417180216,0.09644111792455802,-0.06268776902257481,2.323169364072238,0,0,0,0,0,0,0,0,1,0,0,0,0,0,0,0,0,0,0,0,0,0,0,0,0,1,0,0,0,0,0,0,0,0,0,0,0,0,0,0,0,0,1,12.531776395271262,277000
0.1980287417180216,0.09644111792455802,0.01572979340829912,-1.1427382348800126,0,0,0,0,0,1,0,0,1,0,0,0,0,0,0,0,0,0,0,0,0,0,0,0,0,1,0,0,0,0,0,0,0,0,0,0,0,0,0,1,0,0,0,12.889172015485954,396000
-1.383683877512786,-1.946160087556246,-0.07494051315239886,1.1678668310881546,1,1,0,0,0,0,0,0,1,0,0,0,0,0,0,0,0,0,0,0,0,0,0,0,0,0,0,0,0,1,0,0,0,0,0,0,0,0,0,1,0,1,0,12.706850963741102,330000
0.1980287417180216,0.09644111792455802,0.10885064879496191,-1.1427382348800126,0,1,0,0,0,0,0,0,0,1,0,0,0,0,0,0,0,0,0,0,0,0,0,0,0,0,0,0,0,1,0,0,0,0,0,0,0,0,0,1,0,0,1,13.180634172318978,530000
0.1980287417180216,0.09644111792455802,-0.07101963503085516,0.012564298104070972,1,0,0,0,0,0,0,0,0,0,0,0,0,0,0,0,0,1,1,0,0,0,0,0,0,0,0,0,0,0,0,0,0,0,0,0,0,0,0,0,1,0,0,12.449022745701502,255000
0.1980287417180216,0.09644111792455802,-0.05288557371871557,0.012564298104070972,1,0,0,0,0,1,0,0,0,0,0,0,0,0,0,1,0,0,0,0,0,0,0,0,0,0,0,1,0,0,0,0,0,0,0,0,0,0,0,1,0,0,1,13.056225711649638,468000
0.1980287417180216,2.139042323405362,0.02994297659889502,0.012564298104070972,0,0,0,0,0,1,0,0,1,0,0,0,0,0,0,0,0,0,0,0,0,0,0,0,0,1,0,0,0,0,0,0,0,0,0,0,0,0,0,1,1,0,0,12.966880811009803,428000
0.1980287417180216,0.09644111792455802,0.01572979340829912,0.012564298104070972,0,0,0,0,0,1,0,0,1,0,0,0,0,0,0,0,0,0,0,0,0,0,0,0,0,1,0,0,0,0,0,0,0,0,0,0,0,0,0,1,0,0,1,12.886643575525625,395000
0.1980287417180216,0.09644111792455802,-0.032300963580611165,-1.1427382348800126,0,0,0,0,0,0,0,0,1,0,0,0,0,0,0,0,0,0,0,0,0,0,0,0,0,1,0,0,0,0,0,0,0,0,0,0,0,0,0,1,0,0,1,12.206077645517674,200000
0.1980287417180216,0.09644111792455802,-0.06268776902257481,0.012564298104070972,0,0,0,1,0,0,0,0,0,0,0,0,1,0,0,0,0,0,0,0,0,0,0,0,0,0,0,0,0,1,0,0,0,0,0,0,0,0,0,1,0,1,0,12.100717685412471,180000
0.1980287417180216,0.09644111792455802,-0.08719325728222291,0.012564298104070972,1,0,0,0,0,0,0,0,0,0,0,0,0,1,0,0,0,0,0,1,0,0,0,0,0,0,0,0,0,0,0,0,0,0,0,0,0,0,0,1,0,0,0,12.54254845357358,280000
0.1980287417180216,0.09644111792455802,-0.05484601277948742,0.012564298104070972,1,0,0,0,0,0,0,0,0,0,0,0,0,0,0,1,0,0,0,0,0,0,0,0,0,0,0,1,0,0,0,0,0,0,0,0,0,0,0,1,1,0,0,12.54254845357358,280000
0.1980287417180216,0.09644111792455802,0.015239683643106157,1.1678668310881546,0,0,0,0,0,0,0,0,0,0,0,0,0,0,0,0,0,1,0,0,0,0,0,0,0,0,0,0,0,0,0,0,0,0,0,0,1,0,0,1,1,0,0,12.899222326086994,400000
-1.383683877512786,-1.946160087556246,-0.1607097220611672,-1.1427382348800126,0,0,0,0,0,0,0,0,0,1,0,0,0,0,0,0,0,0,0,0,0,0,0,0,0,0,0,0,0,1,0,0,0,0,0,0,0,0,0,0,1,0,0,12.345838935721968,230000
0.1980287417180216,0.09644111792455802,0.03043308636408798,-1.1427382348800126,0,0,0,0,0,0,0,0,0,0,0,0,1,0,0,0,0,0,0,0,0,0,0,0,0,0,0,0,0,1,0,0,0,0,0,0,0,0,0,0,0,0,1,12.506180941677357,270000
0.1980287417180216,0.09644111792455802,0.20638249206836137,1.1678668310881546,0,1,0,0,0,0,0,0,0,0,0,0,0,1,0,0,0,0,0,0,0,0,0,0,0,0,0,0,0,1,0,0,0,0,0,0,0,0,0,1,1,0,0,13.049794835104816,465000
0.1980287417180216,0.09644111792455802,0.05542868438892905,0.012564298104070972,0,1,0,0,0,0,0,0,0,1,0,0,0,0,0,0,0,0,0,0,0,0,0,0,0,0,0,0,0,1,0,0,0,0,0,0,0,0,0,1,0,0,0,12.765691290604371,350000
0.1980287417180216,0.09644111792455802,0.01572979340829912,0.012564298104070972,0,1,0,0,0,0,0,0,0,0,0,0,0,0,0,0,0,1,0,0,0,0,0,0,0,0,0,0,0,1,0,0,0,0,0,0,0,0,0,1,0,0,1,12.847929163278053,380000
-2.9653964967435935,-1.946160087556246,-0.24206794308319893,0.012564298104070972,0,0,0,0,0,1,0,0,1,0,0,0,0,0,0,0,0,0,0,0,0,0,0,0,0,1,0,0,0,0,0,0,0,0,0,0,0,0,0,1,0,0,0,12.292254928916668,218000
1.779741360948829,0.09644111792455802,0.3441033360875837,-1.1427382348800126,1,0,0,0,0,0,0,0,0,0,0,0,0,0,0,0,1,0,0,0,0,0,0,0,0,0,0,0,1,0,0,0,0,0,0,0,0,0,0,1,1,0,0,12.971542813248437,430000
0.1980287417180216,0.09644111792455802,0.09365724607398009,0.012564298104070972,0,1,0,0,0,0,0,0,0,1,0,0,0,0,0,0,0,0,0,0,0,0,0,0,0,0,0,0,0,0,0,0,0,0,0,1,0,0,0,1,1,0,0,12.721888795877375,335000
1.779741360948829,0.09644111792455802,0.3441033360875837,-1.1427382348800126,1,0,0,0,0,0,0,0,0,0,0,0,0,0,0,0,1,0,0,0,0,0,0,0,0,0,0,0,1,0,0,0,0,0,0,0,0,0,0,1,1,0,0,12.971542813248437,430000
0.1980287417180216,0.09644111792455802,-0.1607097220611672,0.012564298104070972,0,0,0,0,0,0,0,0,0,0,0,0,0,0,0,0,0,1,0,0,0,0,0,0,0,0,0,0,0,1,0,0,0,0,0,0,0,0,0,1,0,0,1,12.180759965737863,195000
0.1980287417180216,0.09644111792455802,0.12404405151594373,1.1678668310881546,0,1,0,0,0,0,0,0,0,1,0,0,0,0,0,0,0,0,0,0,0,0,0,0,0,0,0,0,0,1,0,0,0,0,0,0,0,0,0,1,0,0,1,12.886643575525625,395000
0.1980287417180216,0.09644111792455802,-0.015147121798857492,0.012564298104070972,1,0,0,0,0,0,0,0,0,1,0,0,0,0,0,0,0,0,0,0,0,0,0,0,0,0,0,0,0,1,0,0,0,0,0,0,0,0,0,1,0,1,0,12.873904582205107,390000
0.1980287417180216,0.09644111792455802,0.01131880552156246,0.012564298104070972,1,0,0,0,0,0,0,0,0,0,0,0,0,0,0,0,0,1,0,0,0,0,0,0,0,0,0,0,0,1,0,0,0,0,0,0,0,0,0,0,0,1,0,12.994532278619134,440000
0.1980287417180216,0.09644111792455802,0.0598396722756657,3.4784718970563215,0,1,0,0,0,0,0,0,0,0,0,0,0,1,0,0,0,0,0,0,0,0,0,0,0,0,0,0,0,0,0,0,0,0,0,0,0,1,0,1,0,0,0,13.3374763699232,620000
0.1980287417180216,0.09644111792455802,0.120613283159593,0.012564298104070972,0,1,0,0,0,0,0,0,0,1,0,0,0,0,0,0,0,0,0,0,0,0,0,0,0,0,0,0,0,1,0,0,0,0,0,0,0,0,0,1,0,0,0,13.049794835104816,465000
0.1980287417180216,0.09644111792455802,-0.1362042338015191,-1.1427382348800126,1,0,0,0,0,0,0,0,0,0,0,0,0,0,0,0,0,0,0,0,0,0,0,0,0,0,0,0,0,0,0,0,0,0,0,0,0,0,0,1,0,0,0,11.225256725762893,75000
0.1980287417180216,0.09644111792455802,-0.1362042338015191,-1.1427382348800126,0,0,0,1,0,0,0,0,0,0,0,0,0,1,0,0,0,0,0,0,0,0,0,0,0,0,0,0,0,1,0,0,0,0,0,0,0,0,0,1,0,1,0,11.918397239722838,150000
0.1980287417180216,0.09644111792455802,0.028962757068509093,1.1678668310881546,1,0,0,0,0,1,0,0,0,1,0,0,0,0,0,0,0,0,0,0,0,0,0,0,0,0,0,0,0,1,0,0,0,0,0,0,0,0,0,1,0,0,1,13.120363378739663,499000
0.1980287417180216,0.09644111792455802,0.0353341840160176,0.012564298104070972,0,1,0,0,0,0,0,0,0,0,0,0,0,1,0,0,0,0,0,0,0,0,0,0,0,0,0,0,0,1,0,0,0,0,0,0,0,0,0,1,0,0,1,13.1421679654829,510000
0.1980287417180216,0.09644111792455802,-0.1362042338015191,0.012564298104070972,0,0,0,0,0,0,0,0,0,0,0,0,0,1,0,0,0,0,0,1,0,0,0,0,0,0,0,0,0,0,0,0,0,0,0,0,0,0,0,1,0,0,1,12.644330802262578,310000
0.1980287417180216,0.09644111792455802,0.12355394175075077,1.1678668310881546,0,1,0,0,0,0,0,0,0,0,0,0,0,1,0,0,0,0,0,0,0,0,0,0,0,0,0,0,0,1,0,0,0,0,0,0,0,0,0,1,1,0,0,13.235693848424024,560000
1.779741360948829,0.09644111792455802,0.32940004313179483,1.1678668310881546,0,1,0,0,0,0,0,0,0,0,0,0,0,1,0,0,0,0,0,1,0,0,0,0,0,0,0,0,0,0,0,0,0,0,0,0,0,0,0,1,1,0,0,13.180634172318978,530000
0.1980287417180216,0.09644111792455802,0.0353341840160176,-1.1427382348800126,0,1,0,0,0,0,0,0,0,0,0,0,0,1,0,0,0,0,0,0,0,0,0,0,0,0,0,0,0,1,0,0,0,0,0,0,0,0,0,1,0,1,0,13.017005083966255,450000
0.1980287417180216,0.09644111792455802,-0.1362042338015191,0.012564298104070972,0,0,0,0,0,0,0,0,0,0,0,0,0,1,0,0,0,0,0,1,0,0,0,0,0,0,0,0,0,0,0,0,0,0,0,0,0,0,0,1,1,0,0,12.669809806411457,318000
0.1980287417180216,2.139042323405362,0.11963306362920707,1.1678668310881546,0,1,0,0,0,0,0,0,0,0,0,0,0,0,0,0,0,0,0,0,0,0,0,0,0,0,0,0,0,0,0,0,0,0,0,0,0,0,0,1,1,0,0,13.321215875492413,610000
-1.383683877512786,-1.946160087556246,-0.18521521032081534,0.012564298104070972,0,0,0,0,0,1,0,0,0,0,0,0,0,0,0,0,0,0,0,0,0,0,0,0,0,0,0,0,0,0,0,0,0,0,0,0,0,0,0,1,1,0,0,13.081543466215237,480000
0.1980287417180216,0.09644111792455802,-0.1362042338015191,0.012564298104070972,1,0,0,0,0,0,0,0,0,0,0,0,0,1,0,0,0,0,0,1,0,0,0,0,0,0,0,0,0,0,0,0,0,0,0,0,0,0,0,1,0,0,1,12.54254845357358,280000
0.1980287417180216,0.09644111792455802,-0.05974711043141704,0.012564298104070972,0,1,0,0,0,0,0,0,0,0,0,0,0,1,0,0,0,0,0,1,0,0,0,0,0,0,0,0,0,0,0,0,0,0,0,0,0,0,0,1,1,0,0,13.161586013632684,520000
0.1980287417180216,2.139042323405362,0.15198030813194258,0.012564298104070972,0,1,0,0,0,0,0,0,0,0,0,0,0,1,0,0,0,0,0,1,0,0,0,0,0,0,0,0,0,0,0,0,0,0,0,0,0,0,0,1,1,0,0,13.45883704259595,700000
1.779741360948829,0.09644111792455802,0.32940004313179483,0.012564298104070972,0,1,0,0,0,0,0,0,0,0,0,0,0,0,0,0,0,0,0,0,0,0,0,0,0,0,0,0,0,0,0,0,0,0,0,0,0,0,0,1,0,0,1,13.217675375388819,550000
0.1980287417180216,0.09644111792455802,0.0598396722756657,1.1678668310881546,1,1,0,0,0,0,0,0,0,0,0,0,0,0,0,0,0,0,0,0,0,0,0,0,0,0,0,0,0,0,0,0,0,0,0,0,0,0,0,1,1,0,0,13.081543466215237,480000
1.779741360948829,2.139042323405362,0.2578440174136224,1.1678668310881546,0,1,0,0,0,0,0,0,0,0,0,0,0,0,0,0,0,0,0,0,0,0,0,0,0,0,0,0,0,0,0,0,0,0,0,0,0,0,0,1,0,1,0,13.399996629152975,660000
0.1980287417180216,0.09644111792455802,-0.1362042338015191,0.012564298104070972,0,1,0,0,0,0,0,0,0,0,0,0,0,1,0,0,0,0,0,0,1,0,0,0,0,0,0,0,0,0,0,0,0,0,0,0,0,0,0,1,0,0,1,12.706850963741102,330000
1.779741360948829,0.09644111792455802,0.32940004313179483,1.1678668310881546,0,1,0,0,0,0,0,0,0,0,0,0,0,0,0,0,0,0,0,0,0,0,0,0,0,0,0,0,0,0,0,0,0,0,0,0,0,0,0,1,1,0,0,13.190023895035274,535000
0.1980287417180216,0.09644111792455802,0.08434516053531381,0.012564298104070972,0,1,0,0,0,0,0,0,0,0,0,0,0,0,0,0,0,0,0,0,0,0,0,0,0,0,0,0,0,0,0,0,0,0,0,0,0,0,0,1,0,0,1,13.304686600863562,600000
0.1980287417180216,0.09644111792455802,0.09561768513475194,1.1678668310881546,0,1,0,0,0,0,0,0,0,0,0,0,0,0,0,0,0,0,0,0,0,0,0,0,0,0,0,0,0,0,0,0,0,0,0,0,0,0,0,1,1,0,0,13.3374763699232,620000
0.1980287417180216,0.09644111792455802,-0.1313031361495895,0.012564298104070972,0,1,0,0,0,0,0,0,0,0,0,0,0,1,0,0,0,0,0,0,0,0,0,0,0,0,0,0,0,1,0,0,0,0,0,0,0,0,0,1,0,0,0,12.919024904363686,408000
1.779741360948829,0.09644111792455802,0.32940004313179483,1.1678668310881546,0,1,0,0,0,0,0,0,0,0,0,0,0,0,0,0,0,0,0,0,0,0,0,0,0,0,0,0,0,0,0,0,0,0,0,0,0,0,0,1,1,0,0,13.304686600863562,600000
0.1980287417180216,0.09644111792455802,0.16521327179215256,1.1678668310881546,0,1,0,0,0,0,0,0,0,0,0,0,0,1,0,0,0,0,0,0,0,0,0,0,0,0,0,0,0,1,0,0,0,0,0,0,0,0,0,1,1,0,0,13.304686600863562,600000
0.1980287417180216,0.09644111792455802,-0.044553707710435216,0.012564298104070972,0,1,0,0,0,0,0,0,0,0,0,0,0,1,0,0,0,0,0,1,0,0,0,0,0,0,0,0,0,0,0,0,0,0,0,0,0,0,0,1,0,0,1,13.017005083966255,450000
0.1980287417180216,0.09644111792455802,-0.044553707710435216,1.1678668310881546,0,1,0,0,0,0,0,0,0,0,0,0,0,1,0,0,0,0,0,1,0,0,0,0,0,0,0,0,0,0,0,0,0,0,0,0,0,0,0,1,1,0,0,13.112315061750808,495000
3.3614539801796366,4.181643528886166,0.19903084559046694,1.1678668310881546,0,1,0,0,0,0,0,0,0,0,0,0,0,0,0,0,0,0,0,0,0,0,0,0,0,0,0,0,0,0,0,0,0,0,0,0,0,0,0,1,1,0,0,13.567050480716235,780000
0.1980287417180216,0.09644111792455802,-0.06268776902257481,0.012564298104070972,0,1,0,0,0,0,0,0,0,0,0,0,0,1,0,0,0,0,0,1,0,0,0,0,0,0,0,0,0,0,0,0,0,0,0,0,0,0,0,1,0,0,1,12.868763195921677,388000
0.1980287417180216,0.09644111792455802,0.15786162531425812,0.012564298104070972,1,1,0,0,0,0,0,0,0,0,0,0,0,0,0,0,0,1,1,0,0,0,0,0,0,0,0,0,0,0,0,0,0,0,0,0,0,0,0,0,0,0,1,12.886643575525625,395000
1.779741360948829,0.09644111792455802,0.15394074719271442,2.323169364072238,1,0,0,0,0,1,0,0,0,1,0,0,0,0,0,0,0,0,0,0,0,0,0,0,0,0,0,0,0,1,0,0,0,0,0,0,0,0,0,1,0,0,1,13.301347705172173,598000
0.1980287417180216,0.09644111792455802,0.01572979340829912,0.012564298104070972,1,0,0,0,0,0,0,0,0,1,0,0,0,0,0,0,0,0,0,0,0,0,0,0,0,0,0,0,0,1,0,0,0,0,0,0,0,0,0,1,0,0,1,12.89921982609012,399999
0.1980287417180216,0.09644111792455802,0.03484407425082464,0.012564298104070972,1,0,0,0,0,0,0,0,0,0,0,0,0,0,0,0,0,1,1,0,0,0,0,0,0,0,0,0,0,0,0,0,0,0,0,0,0,0,0,0,0,0,0,12.847929163278053,380000
-1.383683877512786,-1.946160087556246,-0.18913608844235902,-1.1427382348800126,0,0,0,0,0,0,0,0,0,1,0,0,0,0,0,0,0,0,0,0,0,0,0,0,0,0,0,0,0,1,0,0,0,0,0,0,0,0,0,0,0,1,0,12.468440756144114,260000
-1.383683877512786,0.09644111792455802,-0.06121743972699593,0.012564298104070972,1,0,0,0,0,1,0,0,1,0,0,0,0,0,0,0,0,0,0,0,0,0,0,0,0,1,0,0,0,0,0,0,0,0,0,0,0,0,0,1,0,0,0,12.75130259456002,345000
0.1980287417180216,0.09644111792455802,-0.1303229166192036,0.012564298104070972,1,0,0,0,0,1,0,0,0,0,0,0,0,0,0,0,0,1,0,0,0,0,0,0,0,0,0,0,0,1,0,0,0,0,0,0,0,0,0,1,1,0,0,12.34148164933907,229000
0.1980287417180216,0.09644111792455802,0.09904845349110267,0.012564298104070972,1,0,0,0,0,0,0,0,1,0,0,0,0,0,0,0,0,0,0,0,0,0,0,0,0,1,0,0,0,0,0,0,0,0,0,0,0,0,0,0,0,1,0,12.843313275401238,378250
1.779741360948829,0.09644111792455802,0.13335613705461002,1.1678668310881546,0,1,0,0,0,0,0,0,0,0,0,0,0,1,0,0,0,0,0,0,0,0,0,0,1,0,0,0,0,0,0,0,0,0,0,0,0,0,0,1,1,0,0,13.507627138738266,735000
0.1980287417180216,0.09644111792455802,0.01572979340829912,0.012564298104070972,0,1,0,0,0,0,0,0,0,0,0,0,0,0,0,0,0,1,0,0,0,0,0,0,0,0,0,0,0,1,0,0,0,0,0,0,0,0,0,1,0,0,1,12.765691290604371,350000
0.1980287417180216,0.09644111792455802,-0.1362042338015191,0.012564298104070972,0,0,0,0,0,0,0,0,0,0,0,0,0,1,0,0,0,0,0,1,0,0,0,0,0,0,0,0,0,0,0,0,0,0,0,0,0,0,0,1,0,0,0,12.861001210669146,385000
1.779741360948829,2.139042323405362,0.5357362542780318,1.1678668310881546,0,1,0,0,0,0,0,0,0,0,0,0,0,1,0,0,0,0,0,0,0,0,0,0,0,0,0,0,0,0,0,0,0,0,0,0,0,1,0,1,0,0,1,13.589865129563993,798000
0.1980287417180216,0.09644111792455802,0.14560888118443407,1.1678668310881546,0,1,0,0,0,0,0,0,0,0,0,0,0,1,0,0,0,0,0,0,0,0,0,0,0,0,0,0,0,0,0,0,0,0,0,0,0,1,0,1,0,0,1,13.407543823396258,665000
0.1980287417180216,0.09644111792455802,-0.08376248892587218,0.012564298104070972,0,1,0,0,0,0,0,0,0,0,0,0,0,1,0,0,0,0,0,0,0,0,0,1,0,0,0,0,0,0,0,0,0,0,0,0,0,0,0,1,0,0,1,12.896719202134523,399000
0.1980287417180216,0.09644111792455802,0.02063089106022874,0.012564298104070972,1,1,0,0,0,0,0,0,0,0,0,0,0,1,0,0,0,0,0,1,0,0,0,0,0,0,0,0,0,0,0,0,0,0,0,0,0,0,0,1,0,1,0,12.896719202134523,399000
0.1980287417180216,0.09644111792455802,-0.1724723564257983,-1.1427382348800126,1,0,0,0,0,0,0,0,0,0,0,0,0,1,0,0,0,0,0,1,0,0,0,0,0,0,0,0,0,0,0,0,0,0,0,0,0,0,0,1,1,0,0,12.04355959836804,170000
0.1980287417180216,0.09644111792455802,-0.04161304911927744,0.012564298104070972,1,0,0,0,0,0,0,0,0,0,0,0,0,0,0,0,0,1,0,0,0,0,0,0,0,0,0,0,0,1,0,0,0,0,0,0,0,0,0,1,0,0,1,12.59473402514672,295000
0.1980287417180216,0.09644111792455802,-0.1362042338015191,0.012564298104070972,0,0,0,0,0,0,0,0,0,0,0,0,0,1,0,0,0,0,0,1,0,0,0,0,0,0,0,0,0,0,0,0,0,0,0,0,0,0,0,1,0,0,0,12.644330802262578,310000
0.1980287417180216,0.09644111792455802,-0.11856028225457249,-1.1427382348800126,0,0,0,0,0,0,0,0,0,0,0,0,0,0,0,0,0,1,0,0,0,0,0,0,0,0,0,0,0,0,0,0,0,0,0,0,1,0,0,1,0,0,0,12.506180941677357,270000
0.1980287417180216,0.09644111792455802,-0.14502620957499243,0.012564298104070972,0,0,0,0,0,1,0,0,0,0,0,0,0,0,0,0,0,1,0,0,0,0,0,0,0,0,0,0,0,1,0,0,0,0,0,0,0,0,0,1,0,0,1,12.577639650232573,290000
0.1980287417180216,0.09644111792455802,-0.04259326864966337,1.1678668310881546,0,0,0,0,0,1,0,0,0,0,0,0,0,0,0,0,0,1,0,0,0,0,0,0,0,0,0,0,0,1,0,0,0,0,0,0,0,0,0,1,0,0,0,13.098072734013513,488000
0.1980287417180216,0.09644111792455802,-0.11169874554187102,0.012564298104070972,1,0,0,0,0,0,0,0,0,0,0,0,0,0,0,0,0,1,0,0,0,0,0,0,0,0,0,0,0,1,0,0,0,0,0,0,0,0,0,0,0,1,0,12.180759965737863,195000
-1.383683877512786,-1.946160087556246,-0.20972069858046344,-1.1427382348800126,1,0,0,0,0,0,0,0,0,0,0,0,0,1,0,0,0,0,0,1,0,0,0,0,0,0,0,0,0,0,0,0,0,0,0,0,0,0,0,1,0,0,0,11.904974309480183,148000
0.1980287417180216,0.09644111792455802,-0.12640203849765988,0.012564298104070972,1,0,0,0,0,0,0,0,0,0,0,0,0,1,0,0,0,0,0,1,0,0,0,0,0,0,0,0,0,0,0,0,0,0,0,0,0,0,0,1,0,0,0,12.301387370778713,220000
0.1980287417180216,0.09644111792455802,0.07503307499664753,0.012564298104070972,1,1,0,0,0,0,0,0,0,1,0,0,0,0,0,0,0,0,0,0,0,0,0,0,0,0,0,0,0,1,0,0,0,0,0,0,0,0,0,1,0,1,0,12.899222326086994,400000
0.1980287417180216,0.09644111792455802,-0.1362042338015191,0.012564298104070972,1,0,0,0,0,0,0,0,0,0,0,0,0,1,0,0,0,0,0,1,0,0,0,0,0,0,0,0,0,0,0,0,0,0,0,0,0,0,0,1,0,0,0,12.429220196836383,250000
0.1980287417180216,-1.946160087556246,-0.1607097220611672,-1.1427382348800126,1,0,0,0,0,0,0,0,0,0,0,0,0,0,0,0,0,1,0,0,0,0,0,0,0,0,0,0,0,0,0,1,0,0,0,0,0,0,0,0,0,1,0,11.835016210489899,138000
1.779741360948829,4.181643528886166,-0.008775694851348985,0.012564298104070972,1,0,0,0,0,0,0,0,0,0,0,0,0,0,0,0,0,1,0,0,0,0,0,0,0,0,0,0,0,1,0,0,0,0,0,0,0,0,0,0,0,0,1,12.765691290604371,350000
1.779741360948829,0.09644111792455802,-0.0641580983181537,-1.1427382348800126,1,0,0,0,0,0,0,0,0,0,0,0,0,0,0,0,0,1,0,0,0,0,0,0,0,0,0,0,0,1,0,0,0,0,0,0,0,0,0,0,0,0,1,12.506180941677357,270000
0.1980287417180216,0.09644111792455802,0.11081108785573376,-1.1427382348800126,1,0,0,0,0,0,0,0,1,0,0,0,0,0,0,0,0,0,0,0,0,0,0,0,0,1,0,0,0,0,0,0,0,0,0,0,0,0,0,1,0,0,0,12.91164481522143,405000
-1.383683877512786,0.09644111792455802,-0.09552512329050326,0.012564298104070972,0,0,0,0,0,1,0,0,0,0,0,0,1,0,0,0,0,0,0,0,0,0,0,0,0,0,0,0,0,1,0,0,0,0,0,0,0,0,0,1,1,0,0,13.384729180332174,650000
-1.383683877512786,-1.946160087556246,-0.20972069858046344,-1.1427382348800126,1,0,0,1,0,0,0,0,0,1,0,0,0,0,0,0,0,0,0,0,0,0,0,0,0,0,0,0,0,1,0,0,0,0,0,0,0,0,0,0,0,1,0,12.429220196836383,250000
-2.9653964967435935,-1.946160087556246,-0.12297127014130914,0.012564298104070972,0,0,0,0,0,1,0,0,0,1,0,0,0,0,0,0,0,0,0,0,0,0,0,0,0,0,0,0,0,1,0,0,0,0,0,0,0,0,0,1,0,0,0,13.652992804936396,850000
0.1980287417180216,0.09644111792455802,0.051017696502192386,1.1678668310881546,1,0,0,0,0,1,0,0,0,0,0,0,0,0,0,0,0,1,0,0,0,0,0,0,0,0,0,0,0,0,0,0,0,0,0,0,1,0,0,0,0,0,1,12.992256969959042,439000
0.1980287417180216,0.09644111792455802,-0.025439426867909693,0.012564298104070972,1,0,0,0,0,0,0,0,0,0,0,0,0,0,0,0,0,1,0,0,0,0,0,0,0,0,0,0,0,0,0,0,0,0,0,0,1,0,0,0,0,0,1,12.560247968016562,285000
0.1980287417180216,0.09644111792455802,0.15198030813194258,-1.1427382348800126,0,1,0,0,0,0,0,0,0,0,0,0,0,0,0,0,0,1,0,0,0,0,0,0,0,0,1,0,0,0,0,0,0,0,0,0,0,0,0,1,0,0,0,12.706850963741102,330000
0.1980287417180216,0.09644111792455802,-0.08719325728222291,-1.1427382348800126,1,1,0,0,0,0,0,0,0,1,0,0,0,0,0,0,0,0,0,0,0,0,0,0,0,0,0,0,0,1,0,0,0,0,0,0,0,0,0,1,0,0,0,12.54254845357358,280000
-1.383683877512786,0.09644111792455802,-0.07935150103913552,1.1678668310881546,0,0,0,0,0,1,0,0,0,0,0,0,0,0,0,0,0,1,0,0,0,0,0,0,0,0,0,0,0,0,0,0,0,0,0,0,1,0,0,1,0,0,0,12.807655372286902,365000
0.1980287417180216,0.09644111792455802,0.10885064879496191,-1.1427382348800126,1,1,0,0,0,0,0,0,0,1,0,0,0,0,0,0,0,0,0,0,0,0,0,0,0,0,0,0,0,1,0,0,0,0,0,0,0,0,0,1,0,0,0,12.706850963741102,330000
0.1980287417180216,0.09644111792455802,-0.04651414677120706,-1.1427382348800126,0,0,0,0,0,1,0,0,0,1,0,0,0,0,0,0,0,0,0,0,0,0,0,0,0,0,0,0,0,1,0,0,0,0,0,0,0,0,0,1,0,0,0,13.217675375388819,550000
0.1980287417180216,0.09644111792455802,-0.08180204986510033,-1.1427382348800126,0,1,0,0,0,0,0,0,0,0,0,0,0,0,0,0,0,1,0,0,0,0,0,0,0,0,0,0,0,1,0,0,0,0,0,0,0,0,0,1,0,0,0,12.577639650232573,290000
0.1980287417180216,0.09644111792455802,-0.08180204986510033,-1.1427382348800126,0,1,0,0,0,0,0,0,0,0,0,0,0,0,0,0,0,1,0,0,0,0,0,0,0,0,0,0,0,1,0,0,0,0,0,0,0,0,0,1,0,0,0,12.577639650232573,290000
-1.383683877512786,0.09644111792455802,-0.07935150103913552,1.1678668310881546,0,0,0,0,0,1,0,0,0,0,0,0,0,0,0,0,0,1,0,0,0,0,0,0,0,0,0,0,0,0,0,0,0,0,0,0,1,0,0,1,0,0,0,12.807655372286902,365000
0.1980287417180216,0.09644111792455802,-0.08719325728222291,-1.1427382348800126,0,0,0,0,0,0,0,0,0,0,0,0,0,0,0,0,0,1,0,0,0,0,0,0,0,0,0,0,0,1,0,0,0,0,0,0,0,0,0,1,1,0,0,11.652696102959753,115000
0.1980287417180216,2.139042323405362,0.05640890391931497,0.012564298104070972,0,0,0,0,0,1,0,0,1,0,0,0,0,0,0,0,0,0,0,0,0,0,0,0,0,1,0,0,0,0,0,0,0,0,0,0,0,0,0,1,0,0,0,12.966880811009803,428000
0.1980287417180216,0.09644111792455802,-0.09601523305569623,-1.1427382348800126,1,0,0,0,0,0,0,0,0,1,0,0,0,0,0,0,0,0,1,0,0,0,0,0,0,0,0,0,0,0,0,0,0,0,0,0,0,0,0,1,0,1,0,12.506180941677357,270000
0.1980287417180216,0.09644111792455802,0.04415615978949092,0.012564298104070972,0,1,0,0,0,0,0,0,0,0,0,0,0,0,0,0,0,1,0,0,0,0,0,0,0,0,0,0,0,0,0,1,0,0,0,0,0,0,0,1,1,0,0,12.793862088206213,360000
1.779741360948829,0.09644111792455802,0.1838374428694851,1.1678668310881546,0,0,0,0,0,0,0,0,1,0,0,0,0,0,0,0,0,0,0,0,0,0,0,0,0,1,0,0,0,0,0,0,0,0,0,0,0,0,0,0,0,0,1,12.706850963741102,330000
0.1980287417180216,0.09644111792455802,0.11914295386401412,0.012564298104070972,0,1,0,0,0,0,0,0,0,0,0,0,0,0,0,0,0,1,0,0,0,0,0,0,0,0,0,0,0,0,0,1,0,0,0,0,0,0,0,1,0,0,0,12.948012371209098,420000
1.779741360948829,0.09644111792455802,0.15786162531425812,1.1678668310881546,1,0,0,0,0,0,0,0,1,0,0,0,0,0,0,0,0,0,0,0,0,0,0,0,0,1,0,0,0,0,0,0,0,0,0,0,0,0,0,0,0,0,1,12.611541086966115,300000
1.779741360948829,0.09644111792455802,0.1838374428694851,1.1678668310881546,0,0,0,0,0,0,0,0,1,0,0,0,0,0,0,0,0,0,0,0,0,0,0,0,0,1,0,0,0,0,0,0,0,0,0,0,0,0,0,0,0,0,1,12.73670383776449,340000
1.779741360948829,0.09644111792455802,0.1838374428694851,1.1678668310881546,0,0,0,0,0,0,0,0,1,0,0,0,0,0,0,0,0,0,0,0,0,0,0,0,0,1,0,0,0,0,0,0,0,0,0,0,0,0,0,0,0,0,1,12.73670383776449,340000
-2.9653964967435935,-1.946160087556246,-0.25383057744783,-1.1427382348800126,0,0,0,0,0,1,0,0,0,0,0,0,0,0,0,0,0,1,0,0,0,0,0,0,0,0,0,0,0,0,0,0,0,0,0,0,1,0,0,1,0,0,0,12.570719231334277,288000
0.1980287417180216,0.09644111792455802,0.0598396722756657,0.012564298104070972,0,0,0,0,0,0,0,0,0,0,0,0,0,0,0,0,0,1,0,0,0,0,0,0,0,0,0,0,0,0,0,1,0,0,0,0,0,0,0,1,0,0,1,12.669809806411457,318000
0.1980287417180216,0.09644111792455802,0.019650671529842813,0.012564298104070972,1,1,0,0,0,0,0,0,0,0,0,0,0,0,0,0,0,1,0,0,0,0,0,0,0,0,0,0,0,0,0,1,0,0,0,0,0,0,0,0,0,0,1,12.721888795877375,335000
0.1980287417180216,0.09644111792455802,-0.04798447606678595,0.012564298104070972,1,0,0,0,0,0,0,0,0,0,0,0,0,1,0,0,0,0,0,0,0,0,0,0,1,0,0,0,0,0,0,0,0,0,0,0,0,0,0,1,0,1,0,13.058360179622305,469000
0.1980287417180216,0.09644111792455802,0.14070778353250443,1.1678668310881546,0,1,0,0,0,0,0,0,0,1,0,0,0,0,0,0,0,0,0,0,0,0,0,0,0,0,0,0,0,0,0,0,0,0,0,1,0,0,0,1,0,0,0,13.161586013632684,520000
0.1980287417180216,0.09644111792455802,-0.06268776902257481,0.012564298104070972,1,1,0,0,0,0,0,0,0,0,0,0,0,0,0,0,0,1,0,0,0,0,0,0,0,0,0,0,0,0,1,0,0,0,0,0,0,0,0,1,0,1,0,12.449022745701502,255000
1.779741360948829,4.181643528886166,0.5229934003830149,1.1678668310881546,1,1,0,0,0,0,0,0,0,0,0,0,0,0,0,0,0,1,0,0,0,0,0,0,0,0,0,0,0,1,0,0,0,0,0,0,0,0,0,0,0,0,1,13.304686600863562,600000
-1.383683877512786,0.09644111792455802,-0.009755914381734909,0.012564298104070972,1,0,0,0,0,1,0,0,0,0,0,0,0,0,0,0,0,0,0,0,0,0,0,0,0,0,0,0,0,0,0,0,0,0,0,0,0,0,0,1,0,1,0,13.629182184591333,830000
0.1980287417180216,0.09644111792455802,0.06131000157124459,1.1678668310881546,1,0,0,0,0,1,0,0,0,0,0,0,0,0,0,0,0,1,0,0,0,0,0,0,0,0,0,0,0,0,0,0,0,0,1,0,0,0,0,1,0,0,1,12.978495316450783,433000
0.1980287417180216,0.09644111792455802,-0.11022841624629214,0.012564298104070972,1,0,0,0,0,0,0,0,0,0,0,0,0,0,0,0,0,1,0,0,0,0,0,0,0,0,0,0,0,1,0,0,0,0,0,0,0,0,0,1,0,0,1,12.095146671399466,179000
1.779741360948829,2.139042323405362,0.12747481987229448,1.1678668310881546,0,1,0,0,0,0,0,0,0,1,0,0,0,0,0,0,0,0,0,0,0,0,0,0,0,0,0,0,0,1,0,0,0,0,0,0,0,0,0,1,0,0,0,13.25339339419516,570000
-1.383683877512786,-1.946160087556246,-0.1362042338015191,0.012564298104070972,0,0,0,0,0,0,0,0,0,0,0,0,0,0,0,0,0,0,0,0,0,0,0,0,0,0,0,0,0,0,0,0,0,0,0,0,0,0,0,1,0,0,1,12.948012371209098,420000
-1.383683877512786,0.09644111792455802,-0.17541301501695608,0.012564298104070972,0,0,0,0,0,0,0,0,0,0,0,0,0,0,0,0,0,0,0,0,0,0,0,0,0,0,0,0,0,0,0,0,0,0,0,0,0,0,0,1,0,1,0,12.367345048436391,235000
0.1980287417180216,0.09644111792455802,-0.1362042338015191,0.012564298104070972,0,1,0,0,0,0,0,0,0,0,0,0,0,1,0,0,0,0,0,0,1,0,0,0,0,0,0,0,0,0,0,0,0,0,0,0,0,0,0,1,0,0,1,12.706850963741102,330000
0.1980287417180216,0.09644111792455802,-0.09699545258608215,0.012564298104070972,0,0,0,0,0,0,0,0,0,0,0,0,0,0,0,0,0,1,0,0,0,0,0,0,0,0,0,0,0,0,0,1,0,0,0,0,0,0,0,1,0,1,0,12.468440756144114,260000
0.1980287417180216,0.09644111792455802,0.027002318007737246,0.012564298104070972,1,1,0,0,0,0,0,0,0,0,0,0,0,0,0,0,0,0,0,0,0,0,0,0,0,0,0,0,0,0,0,0,0,0,0,0,0,0,0,0,0,0,0,12.969214528909768,429000
0.1980287417180216,0.09644111792455802,-0.06268776902257481,0.012564298104070972,1,0,0,0,0,0,0,0,0,0,0,0,0,0,0,0,0,1,0,0,0,0,0,0,0,0,0,0,0,0,0,0,0,0,1,0,0,0,0,1,0,0,1,12.421188057397055,248000
0.1980287417180216,0.09644111792455802,-0.10189655023801178,-1.1427382348800126,0,0,0,0,0,0,0,0,1,0,0,0,0,0,0,0,0,0,0,0,0,0,0,0,0,0,0,0,0,1,0,0,0,0,0,0,0,0,0,1,0,0,1,12.59473402514672,295000
0.1980287417180216,0.09644111792455802,-0.03818228076292671,0.012564298104070972,1,0,0,0,0,0,0,0,0,0,0,0,0,1,0,0,0,0,0,0,0,0,0,0,0,0,0,0,0,1,0,0,0,0,0,0,0,0,0,1,1,0,0,12.577639650232573,290000
0.1980287417180216,0.09644111792455802,-0.023478987807137846,0.012564298104070972,1,0,0,0,0,0,0,0,0,1,0,0,0,0,0,0,0,0,1,0,0,0,0,0,0,0,0,0,0,0,0,0,0,0,0,0,0,0,0,0,0,0,0,12.468440756144114,260000
0.1980287417180216,-1.946160087556246,-0.17443279548657015,0.012564298104070972,0,0,0,0,0,0,0,0,0,0,0,0,0,1,0,0,0,0,0,1,0,0,0,0,0,0,0,0,0,0,0,0,0,0,0,0,0,0,0,1,0,0,0,12.700771936142122,328000
0.1980287417180216,0.09644111792455802,-0.08425259869106515,0.012564298104070972,0,1,0,0,0,0,0,0,0,1,0,0,0,0,0,0,0,0,0,0,0,1,0,0,0,0,0,0,0,0,0,0,0,0,0,0,0,0,0,1,0,1,0,12.628070334272698,305000
0.1980287417180216,0.09644111792455802,-0.010736133912120832,0.012564298104070972,0,0,0,0,0,0,0,0,0,0,0,1,0,0,0,0,0,0,0,0,0,0,0,0,0,0,0,0,0,1,0,0,0,0,0,0,0,0,0,0,0,0,1,12.429220196836383,250000
0.1980287417180216,0.09644111792455802,-0.07298007409162702,0.012564298104070972,0,0,0,0,0,0,0,0,0,0,0,0,0,0,0,0,0,1,0,0,0,0,0,0,0,0,1,0,0,0,0,0,0,0,0,0,0,0,0,1,0,0,1,12.301387370778713,220000
0.1980287417180216,0.09644111792455802,0.11130119762092672,1.1678668310881546,0,1,0,0,0,0,0,0,0,0,0,0,0,0,1,0,0,0,0,0,0,0,0,0,0,0,0,0,0,1,0,0,0,0,0,0,0,0,0,1,0,0,1,13.235693848424024,560000
1.779741360948829,0.09644111792455802,0.07258252617068271,0.012564298104070972,0,1,0,0,0,0,0,0,0,0,0,0,0,0,1,0,0,0,0,0,0,0,0,0,0,0,0,0,0,1,0,0,0,0,0,0,0,0,0,1,0,0,1,12.847929163278053,380000
0.1980287417180216,0.09644111792455802,0.23137809009320243,1.1678668310881546,1,1,0,0,0,0,0,0,0,0,0,0,0,1,0,0,0,0,0,0,1,0,0,0,0,0,0,0,0,0,0,0,0,0,0,0,0,0,0,1,0,0,0,13.244582780038517,565000
0.1980287417180216,0.09644111792455802,-0.11022841624629214,-1.1427382348800126,1,0,0,0,0,0,0,0,0,0,0,0,0,0,0,0,0,1,0,0,0,0,0,0,0,0,0,0,0,0,1,0,0,0,0,0,0,0,0,0,1,0,0,12.429220196836383,250000
0.1980287417180216,0.09644111792455802,0.0353341840160176,0.012564298104070972,0,0,0,0,0,0,0,0,0,0,0,0,0,1,0,0,0,0,0,0,0,0,0,0,0,0,0,0,0,1,0,0,0,0,0,0,0,0,0,1,0,0,0,13.429849547739444,680000
-1.383683877512786,0.09644111792455802,-0.07298007409162702,1.1678668310881546,0,1,0,0,0,0,0,0,0,0,0,0,0,0,1,0,0,0,0,0,0,0,0,0,0,0,0,0,0,1,0,0,0,0,0,0,0,0,0,1,0,0,0,13.017005083966255,450000
0.1980287417180216,0.09644111792455802,-0.16316027088713203,-1.1427382348800126,1,0,0,0,0,0,0,0,0,1,0,0,0,0,0,0,0,0,0,0,0,1,0,0,0,0,0,0,0,0,0,0,0,0,0,0,0,0,0,0,0,0,0,12.345838935721968,230000
0.1980287417180216,0.09644111792455802,-0.06268776902257481,-1.1427382348800126,1,0,0,0,0,0,0,0,0,0,0,0,0,0,0,0,0,1,0,0,0,0,0,0,0,0,0,0,0,1,0,0,0,0,0,0,0,0,0,0,0,0,1,12.449022745701502,255000
0.1980287417180216,0.09644111792455802,-0.1362042338015191,1.1678668310881546,1,0,0,0,0,0,0,0,0,0,0,0,0,1,0,0,0,0,0,1,0,0,0,0,0,0,0,0,0,0,0,0,0,0,0,0,0,0,0,1,0,0,0,12.502470376049185,269000
0.1980287417180216,0.09644111792455802,-0.1362042338015191,0.012564298104070972,1,0,0,0,0,0,0,0,0,0,0,0,0,1,0,0,0,0,0,1,0,0,0,0,0,0,0,0,0,0,0,0,0,0,0,0,0,0,0,1,0,0,0,12.506180941677357,270000
0.1980287417180216,-1.946160087556246,-0.1607097220611672,-1.1427382348800126,1,0,0,0,0,0,0,0,0,0,0,0,0,0,0,0,0,1,0,0,0,0,0,0,0,0,0,0,0,1,0,0,0,0,0,0,0,0,0,0,0,0,1,10.985309671896763,59000
0.1980287417180216,0.09644111792455802,-0.11169874554187102,-1.1427382348800126,0,0,0,0,0,0,0,0,0,0,0,0,0,0,0,0,0,1,0,0,0,0,0,0,0,0,0,0,0,1,0,0,0,0,0,0,0,0,0,1,0,0,1,12.468440756144114,260000
0.1980287417180216,0.09644111792455802,-0.15874928300039537,0.012564298104070972,0,0,0,0,0,0,0,0,0,0,0,0,0,1,0,0,0,0,0,0,0,0,0,0,0,0,0,0,0,1,0,0,0,0,0,0,0,0,0,1,0,0,1,12.691583538230217,325000
0.1980287417180216,0.09644111792455802,-0.1313031361495895,0.012564298104070972,0,0,0,0,0,0,0,0,0,0,0,0,0,1,0,0,0,0,0,0,0,0,0,0,0,0,0,0,0,0,0,0,0,0,0,0,0,1,0,1,0,0,1,12.759960632315702,348000
0.1980287417180216,0.09644111792455802,-0.025929536633102657,1.1678668310881546,1,0,0,0,0,0,0,0,1,0,0,0,0,0,0,0,0,0,0,0,0,0,0,0,0,1,0,0,0,0,0,0,0,0,0,0,0,0,0,1,1,0,0,12.660331092405906,315000
0.1980287417180216,0.09644111792455802,-0.03818228076292671,-1.1427382348800126,0,0,0,0,0,0,0,0,0,0,0,0,0,0,0,0,0,1,0,0,0,0,0,0,0,0,0,0,0,1,0,0,0,0,0,0,0,0,0,1,0,0,0,12.75130259456002,345000
0.1980287417180216,0.09644111792455802,0.006907817634825801,-1.1427382348800126,0,0,0,1,0,0,0,0,0,0,0,0,0,0,0,0,0,1,0,0,0,0,0,0,0,0,1,0,0,0,0,0,0,0,0,0,0,0,0,0,0,0,1,12.206077645517674,200000
0.1980287417180216,0.09644111792455802,0.01131880552156246,-1.1427382348800126,1,0,0,0,0,0,0,0,1,0,0,0,0,0,0,0,0,0,0,0,0,0,0,0,0,1,0,0,0,0,0,0,0,0,0,0,0,0,0,1,0,1,0,12.545401512381012,280800
0.1980287417180216,0.09644111792455802,0.0598396722756657,1.1678668310881546,0,1,0,0,0,0,0,0,0,0,0,0,0,1,0,0,0,0,0,0,0,0,0,0,0,0,0,0,0,1,0,0,0,0,0,0,0,0,0,1,0,0,1,12.779875885354993,355000
0.1980287417180216,0.09644111792455802,0.012789134817141347,0.012564298104070972,1,1,0,0,0,0,0,0,0,0,0,0,0,0,0,0,1,0,0,0,0,0,0,0,0,0,0,0,1,0,0,0,0,0,0,0,0,0,0,1,0,0,1,13.017005083966255,450000
0.1980287417180216,0.09644111792455802,0.06915175781433198,0.012564298104070972,0,0,0,0,0,1,0,0,0,0,1,0,0,0,0,0,0,0,0,0,0,0,0,0,0,0,0,0,0,1,0,0,0,0,0,0,0,0,0,1,0,0,1,13.157732451741687,518000
0.1980287417180216,0.09644111792455802,-0.1362042338015191,0.012564298104070972,0,0,0,0,0,0,0,0,0,0,0,0,0,0,0,0,0,0,0,0,0,0,0,0,0,0,0,0,0,0,0,0,0,0,0,0,0,0,0,1,1,0,0,12.524530013005734,275000
0.1980287417180216,0.09644111792455802,-0.06268776902257481,0.012564298104070972,1,0,0,0,0,0,0,0,0,0,0,0,0,1,0,0,0,0,0,0,0,0,0,0,1,0,0,0,0,0,0,0,0,0,0,0,0,0,0,1,0,0,1,12.676079399771027,320000
0.1980287417180216,0.09644111792455802,0.030923196129280944,1.1678668310881546,0,1,0,0,0,0,0,0,0,0,0,0,0,0,0,0,0,0,0,0,0,0,0,0,0,0,0,0,0,0,0,0,0,0,0,0,0,0,0,1,0,0,1,13.217675375388819,550000
0.1980287417180216,0.09644111792455802,0.0598396722756657,0.012564298104070972,0,0,0,0,0,0,0,0,0,0,0,0,0,0,0,0,0,0,0,0,0,0,0,0,0,0,0,0,0,0,0,0,0,0,0,0,0,0,0,1,1,0,0,13.060490101343552,470000
-1.383683877512786,-1.946160087556246,-0.1607097220611672,0.012564298104070972,0,1,0,0,0,0,0,0,0,0,0,0,0,1,0,0,0,0,0,0,0,0,0,0,1,0,0,0,0,0,0,0,0,0,0,0,0,0,0,1,0,0,1,13.038983942375959,460000
0.1980287417180216,0.09644111792455802,0.010828695756369498,0.012564298104070972,0,0,0,0,0,0,0,0,0,0,0,0,0,0,0,0,0,0,0,0,0,0,0,0,0,0,0,0,0,0,0,0,0,0,0,0,0,0,0,1,0,0,1,13.081543466215237,480000
-1.383683877512786,-1.946160087556246,-0.18521521032081534,0.012564298104070972,0,0,0,0,0,1,0,0,0,0,0,0,0,0,0,0,0,0,0,0,0,0,0,0,0,0,0,0,0,0,0,0,0,0,0,0,0,0,0,1,1,0,0,13.081543466215237,480000
0.1980287417180216,0.09644111792455802,-0.1362042338015191,0.012564298104070972,0,0,0,0,0,0,0,0,0,0,0,0,0,0,0,0,0,0,0,0,0,0,0,0,0,0,0,0,0,0,0,0,0,0,0,0,0,0,0,1,0,1,0,12.899222326086994,400000
0.1980287417180216,0.09644111792455802,-0.003874597199419364,0.012564298104070972,1,0,0,0,0,0,0,0,0,0,0,0,0,1,0,0,0,0,0,0,0,0,1,0,0,0,0,0,0,0,0,0,0,0,0,0,0,0,0,1,0,1,0,12.896719202134523,399000
0.1980287417180216,2.139042323405362,0.1064000999689971,1.1678668310881546,0,1,0,0,0,0,0,0,0,0,0,0,0,1,0,0,0,0,0,0,0,0,0,0,0,0,0,0,0,1,0,0,0,0,0,0,0,0,0,1,0,0,1,13.249878458265119,568000
0.1980287417180216,0.09644111792455802,-0.03818228076292671,4.633774430040405,1,1,0,0,0,0,0,0,0,0,0,0,0,1,0,0,0,0,0,0,0,0,0,0,1,0,0,0,0,0,0,0,0,0,0,0,0,0,0,1,0,0,1,12.936036208848487,415000
0.1980287417180216,0.09644111792455802,-0.051905354188329644,0.012564298104070972,1,0,0,0,0,0,0,0,0,0,0,0,0,1,0,0,0,0,0,0,0,0,0,0,1,0,0,0,0,0,0,0,0,0,0,0,0,0,0,1,0,0,1,13.081543466215237,480000
0.1980287417180216,0.09644111792455802,0.028472647303316133,1.1678668310881546,0,1,0,0,0,0,0,0,0,0,0,0,0,1,0,0,0,0,0,0,0,0,0,0,1,0,0,0,0,0,0,0,0,0,0,0,0,0,0,1,0,0,1,13.541075028051122,760000
0.1980287417180216,0.09644111792455802,-0.11169874554187102,0.012564298104070972,0,1,0,0,0,0,0,0,0,0,0,0,0,1,0,0,0,0,0,0,0,0,0,0,1,0,0,0,0,0,0,0,0,0,0,0,0,0,0,1,0,1,0,12.994532278619134,440000
-1.383683877512786,0.09644111792455802,-0.1362042338015191,1.1678668310881546,0,1,0,0,0,0,0,0,0,0,0,0,0,1,0,0,0,0,0,0,0,0,0,0,1,0,0,0,0,0,0,0,0,0,0,0,0,0,0,1,0,0,1,13.208542908506082,545000
0.1980287417180216,0.09644111792455802,-0.06268776902257481,0.012564298104070972,0,0,0,0,0,0,0,0,0,0,0,0,0,1,0,0,0,0,0,0,1,0,0,0,0,0,0,0,0,0,0,0,0,0,0,0,0,0,0,1,1,0,0,12.75130259456002,345000
0.1980287417180216,0.09644111792455802,0.4333033133527028,-1.1427382348800126,0,1,0,0,0,0,0,0,1,0,0,0,0,0,0,0,0,0,0,0,0,0,0,0,0,1,0,0,0,0,0,0,0,0,0,0,0,0,0,1,0,1,0,12.793862088206213,360000
1.779741360948829,2.139042323405362,0.15786162531425812,2.323169364072238,0,0,0,0,0,1,0,0,0,1,0,0,0,0,0,0,0,0,0,0,0,0,0,0,0,0,0,0,0,0,0,0,0,1,0,0,0,0,0,1,0,0,1,13.190023895035274,535000
0.1980287417180216,0.09644111792455802,-0.05778667137064519,-1.1427382348800126,0,0,0,0,0,0,0,0,0,0,0,0,0,0,0,0,0,1,0,0,0,0,0,0,0,0,0,0,0,1,0,0,0,0,0,0,0,0,0,1,0,1,0,12.468440756144114,260000
